### multi,format,version,tunes
ymxs,1,1

### tune,title,composer,writer,rate,frames,repeat
Synergy Credits Screen.,Scavenger / Synergy,ym-to-ymxs,50,5377,0

### source,name,repeat
square 15,0

### value,row,value
0,15
1,0

### source,name,repeat
square 13,0

### value,row,value
0,13
1,0

### source,name,repeat
square 14,0

### value,row,value
0,14
1,0

### source,name,repeat
square 12,0

### value,row,value
0,12
1,0

### source,name,repeat
square 11,0

### value,row,value
0,11
1,0

### source,name,repeat
square 10,0

### value,row,value
0,10
1,0

### source,name,repeat
square 9,0

### value,row,value
0,9
1,0

### source,name,repeat
square 8,0

### value,row,value
0,8
1,0

### source,name,repeat
square 7,0

### value,row,value
0,7
1,0

### row,row,r0,r1,r2,r3,r4,r5,r6,r7,r8,r9,r10,r11,r12,r13
0,245,5,237,5,123,1,28,61,16,,0,95,0,8
1,217,11,,,,,0,,,,,189,,
12,,,,,225,5,,57,,,,,,
13,,,,,237,,,,,,,,,
24,249,,,,,,,,,,,191,,
25,217,,218,,,,13,,,,,189,,
26,,,206,,,,1,,,,,,,
28,,,218,,,,13,,,,,,,
29,,,237,,,,0,,,,,,,
30,,,255,,,,18,,,,,,,
31,,,11,6,,,30,,,,,,,
33,,,255,5,,,18,,,,,,,
34,,,237,,,,0,,,,,,,
35,,,218,,,,13,,,,,,,
36,,,206,,251,,30,,,,,,,
37,,,,,255,,18,,,,,,,
38,,,218,,237,,0,,,,,,,
39,,,237,,218,,13,,,,,,,
40,,,255,,206,,1,,,,,,,
41,,,11,6,,,,,,,,,,
42,,,,,218,,13,,,,,,,
43,,,255,5,237,,0,,,,,,,
44,,,237,,255,,18,,,,,,,
45,,,218,,11,6,30,,,,,,,
46,,,206,,,,,,,,,,,
47,,,,,255,5,18,,,,,,,
48,,,218,,237,,0,,,,,,,
49,,,237,,218,,13,,,,,,,
50,,,255,,206,,1,,,,,,,
51,,,11,6,,,,,,,,,,
52,,,,,218,,13,,,,,,,
53,,,255,5,237,,0,,,,,,,
54,,,237,,255,,18,,,,,,,
55,,,218,,11,6,30,,,,,,,
56,,,206,,,,,,,,,,,
57,,,,,255,5,18,,,,,,,
58,,,218,,237,,0,,,,,,,
59,,,237,,218,,13,,,,,,,
60,,,255,,206,,1,,,,,,,
61,,,11,6,,,,,,,,,,
62,,,,,218,,13,,,,,,,
63,,,255,5,237,,0,,,,,,,
64,,,237,,255,,18,,,,,,,
65,,,218,,11,6,30,,,,,,,
66,,,206,,,,,,,,,,,
67,,,,,255,5,18,,,,,,,
68,,,218,,237,,0,,,,,,,
69,,,237,,218,,13,,,,,,,
70,,,255,,206,,1,,,,,,,
71,,,11,6,,,,,,,,,,
72,,,,,218,,13,,,,,,,
73,,,255,5,237,,0,,,,,,,
74,,,237,,255,,18,,,,,,,
75,,,218,,11,6,30,,,,,,,
76,,,206,,,,,,,,,,,
77,,,,,255,5,18,,,,,,,
78,,,218,,237,,0,,,,,,,
79,,,237,,218,,13,,,,,,,
80,,,255,,206,,1,,,,,,,
81,,,11,6,,,,,,,,,,
82,,,,,218,,13,,,,,,,
83,,,255,5,237,,0,,,,,,,
84,,,237,,255,,18,,,,,,,
85,,,218,,11,6,30,,,,,,,
86,,,206,,,,,,,,,,,
87,,,,,255,5,18,,,,,,,
88,,,218,,237,,0,,,,,,,
89,,,237,,218,,13,,,,,,,
90,,,255,,206,,1,,,,,,,
91,,,11,6,,,,,,,,,,
92,,,,,218,,13,,,,,,,
93,,,255,5,237,,0,,,,,,,
94,,,237,,255,,18,,,,,,,
95,,,218,,11,6,30,,,,,,,
96,,,206,,,,,,,,,,,
97,,,,,255,5,18,,,,,,,
98,,,218,,237,,0,,,,,,,
99,,,237,,218,,13,,,,,,,
100,,,255,,206,,1,,,,,,,
101,,,11,6,,,,,,,,,,
102,,,,,218,,13,,,,,,,
103,,,255,5,237,,0,,,,,,,
104,,,237,,255,,18,,,,,,,
105,,,218,,11,6,30,,,,,,,
106,,,206,,,,,,,,,,,
107,,,,,255,5,18,,,,,,,
108,,,218,,237,,0,,,,,,,
109,,,237,,218,,13,,,,,,,
110,,,255,,206,,1,,,,,,,
111,,,11,6,,,,,,,,,,
112,,,,,218,,13,,,,,,,
113,,,255,5,237,,0,,,,,,,
114,,,237,,255,,18,,,,,,,
115,,,218,,11,6,30,,,,,,,
116,,,206,,,,,,,,,,,
117,,,,,255,5,18,,,,,,,
118,,,218,,237,,0,,,,,,,
119,,,237,,218,,13,,,,,,,
120,,,255,,206,,1,,,,,,,
121,,,11,6,,,,,,,,,,
122,,,,,218,,13,,,,,,,
123,,,255,5,237,,0,,,,,,,
124,,,237,,255,,18,,,,,,,
125,,,218,,11,6,30,,,,,,,
126,,,206,,,,,,,,,,,
127,,,,,255,5,18,,,,,,,
128,,,218,,237,,0,,,,,,,
129,,,237,,218,,13,,,,,,,
130,,,255,,206,,1,,,,,,,
131,,,11,6,,,,,,,,,,
132,,,,,218,,13,,,,,,,
133,,,255,5,237,,0,,,,,,,
134,,,237,,255,,18,,,,,,,
135,,,218,,11,6,30,,,,,,,
136,,,206,,,,,,,,,,,
137,,,,,255,5,18,,,,,,,
138,,,218,,237,,0,,,,,,,
139,,,237,,218,,13,,,,,,,
140,,,255,,206,,1,,,,,,,
141,,,11,6,,,,,,,,,,
142,,,,,218,,13,,,,,,,
143,,,255,5,237,,0,,,,,,,
144,,,237,,255,,18,,,,,,,
145,,,218,,11,6,30,,,,,,,
146,,,206,,,,,,,,,,,
147,,,,,255,5,18,,,,,,,
148,,,218,,237,,0,,,,,,,
149,,,237,,218,,13,,,,,,,
150,,,255,,206,,1,,,,,,,
151,,,11,6,,,,,,,,,,
152,,,,,218,,13,,,,,,,
153,,,255,5,237,,0,,,,,,,
154,,,237,,255,,18,,,,,,,
155,,,218,,11,6,30,,,,,,,
156,,,206,,,,,,,,,,,
157,,,,,255,5,18,,,,,,,
158,,,218,,237,,0,,,,,,,
159,,,237,,218,,13,,,,,,,
160,,,255,,206,,1,,,,,,,
161,,,11,6,,,,,,,,,,
162,,,,,218,,13,,,,,,,
163,,,255,5,237,,0,,,,,,,
164,,,237,,255,,18,,,,,,,
165,,,218,,11,6,30,,,,,,,
166,,,206,,,,,,,,,,,
167,,,,,255,5,18,,,,,,,
168,,,237,,237,,0,,,,,,,
169,,,,,218,,13,,,,,,,
170,,,,,206,,1,,,,,,,
172,,,,,218,,13,,,,,,,
173,,,,,237,,0,,,,,,,
174,,,,,255,,18,,,,,,,
175,,,,,11,6,30,,,,,,,
177,,,,,255,5,18,,,,,,,
178,,,,,237,,0,,,,,,,
179,,,,,218,,13,,,,,,,
180,,,,,225,,0,,,,,,,
181,,,,,237,,,,,,,,,
192,127,7,119,7,,,,,,,,119,,
193,238,14,,,,,,,,,,238,,
204,,,,,107,7,,,,,,,,
205,,,,,119,,,,,,,,,
216,,,100,,,,13,,,,,,,
217,,,119,,,,0,,,,,,,
218,,,137,,,,18,,,,,,,
219,,,149,,,,30,,,,,,,
221,,,137,,,,18,,,,,,,
222,14,15,119,,,,0,,,,,240,,
223,238,14,100,,,,13,,,,,238,,
224,,,88,,,,1,,,,,,,
226,,,100,,,,13,,,,,,,
227,,,119,,,,0,,,,,,,
228,,,137,,72,,1,,,,,,,
229,,,149,,88,,,,,,,,,
230,,,,,100,,13,,,,,,,
231,,,137,,119,,0,,,,,,,
232,,,119,,137,,18,,,,,,,
233,,,100,,149,,30,,,,,,,
234,,,88,,,,,,,,,,,
235,,,,,137,,18,,,,,,,
236,,,100,,119,,0,,,,,,,
237,,,119,,100,,13,,,,,,,
238,,,137,,88,,1,,,,,,,
239,,,149,,,,,,,,,,,
240,,,,,100,,13,,,,,,,
241,,,137,,119,,0,,,,,,,
242,,,119,,137,,18,,,,,,,
243,,,100,,149,,30,,,,,,,
244,,,88,,,,,,,,,,,
245,,,,,137,,18,,,,,,,
246,,,100,,119,,0,,,,,,,
247,,,119,,100,,13,,,,,,,
248,,,137,,88,,1,,,,,,,
249,,,149,,,,,,,,,,,
250,,,,,100,,13,,,,,,,
251,,,137,,119,,0,,,,,,,
252,,,119,,137,,18,,,,,,,
253,,,100,,149,,30,,,,,,,
254,,,88,,,,,,,,,,,
255,,,,,137,,18,,,,,,,
256,,,100,,119,,0,,,,,,,
257,,,119,,100,,13,,,,,,,
258,,,137,,88,,1,,,,,,,
259,,,149,,,,,,,,,,,
260,,,,,100,,13,,,,,,,
261,,,137,,119,,0,,,,,,,
262,,,119,,137,,18,,,,,,,
263,,,100,,149,,30,,,,,,,
264,,,88,,,,,,,,,,,
265,,,,,137,,18,,,,,,,
266,,,100,,119,,0,,,,,,,
267,,,119,,100,,13,,,,,,,
268,,,137,,88,,1,,,,,,,
269,,,149,,,,,,,,,,,
270,,,,,100,,13,,,,,,,
271,,,137,,119,,0,,,,,,,
272,,,119,,137,,18,,,,,,,
273,,,100,,149,,30,,,,,,,
274,,,88,,,,,,,,,,,
275,,,,,137,,18,,,,,,,
276,,,100,,119,,0,,,,,,,
277,,,119,,100,,13,,,,,,,
278,,,137,,88,,1,,,,,,,
279,,,149,,,,,,,,,,,
280,,,,,100,,13,,,,,,,
281,,,137,,119,,0,,,,,,,
282,,,119,,137,,18,,,,,,,
283,,,100,,149,,30,,,,,,,
284,,,88,,,,,,,,,,,
285,,,,,137,,18,,,,,,,
286,,,100,,119,,0,,,,,,,
287,,,119,,100,,13,,,,,,,
288,,,,,88,,1,,,,,,,
290,,,,,100,,13,,,,,,,
291,,,,,119,,0,,,,,,,
292,,,,,137,,18,,,,,,,
293,,,,,149,,30,,,,,,,
295,,,,,137,,18,,,,,,,
296,,,,,119,,0,,,,,,,
297,,,,,100,,13,,,,,,,
298,,,,,88,,1,,,,,,,
300,,,,,107,,0,,,,,,,
301,,,,,119,,,,,,,,,
312,,,137,,,,18,,,,,,,
313,,,149,,,,30,,,,,,,
315,,,137,,,,18,,,,,,,
316,,,119,,,,0,,,,,,,
317,,,100,,,,13,,,,,,,
318,,,88,,,,1,,,,,,,
320,,,100,,,,13,,,,,,,
321,,,119,,,,0,,,,,,,
322,,,137,,,,18,,,,,,,
323,,,149,,,,30,,,,,,,
324,,,,,84,,13,,,,,,,
325,,,137,,119,,0,,,,,,,
326,,,119,,137,,18,,,,,,,
327,,,100,,149,,30,,,,,,,
328,,,88,,,,,,,,,,,
329,,,,,137,,18,,,,,,,
330,,,100,,119,,0,,,,,,,
331,,,119,,100,,13,,,,,,,
332,,,137,,88,,1,,,,,,,
333,,,149,,,,,,,,,,,
334,,,,,100,,13,,,,,,,
335,,,137,,119,,0,,,,,,,
336,,,119,,137,,18,,,,,,,
337,,,100,,149,,30,,,,,,,
338,,,88,,,,,,,,,,,
339,,,,,137,,18,,,,,,,
340,,,100,,119,,0,,,,,,,
341,,,119,,100,,13,,,,,,,
342,,,137,,88,,1,,,,,,,
343,,,149,,,,,,,,,,,
344,,,,,100,,13,,,,,,,
345,,,137,,119,,0,,,,,,,
346,,,119,,137,,18,,,,,,,
347,,,100,,149,,30,,,,,,,
348,,,88,,,,,,,,,,,
349,,,,,137,,18,,,,,,,
350,,,100,,119,,0,,,,,,,
351,,,119,,100,,13,,,,,,,
352,,,137,,88,,1,,,,,,,
353,,,149,,,,,,,,,,,
354,,,,,100,,13,,,,,,,
355,,,137,,119,,0,,,,,,,
356,,,119,,137,,18,,,,,,,
357,,,100,,149,,30,,,,,,,
358,,,88,,,,,,,,,,,
359,,,,,137,,18,,,,,,,
360,,,100,,119,,0,,,,,,,
361,,,119,,100,,13,,,,,,,
362,,,137,,88,,1,,,,,,,
363,,,149,,,,,,,,,,,
364,,,,,100,,13,,,,,,,
365,,,137,,119,,0,,,,,,,
366,,,119,,137,,18,,,,,,,
367,,,100,,149,,30,,,,,,,
368,,,88,,,,,,,,,,,
369,,,,,137,,18,,,,,,,
370,,,100,,119,,0,,,,,,,
371,,,119,,100,,13,,,,,,,
372,,,137,,88,,1,,,,,,,
373,,,149,,,,,,,,,,,
374,,,,,100,,13,,,,,,,
375,,,137,,119,,0,,,,,,,
376,,,119,,137,,18,,,,,,,
377,,,100,,149,,30,,,,,,,
378,,,88,,,,,,,,,,,
379,,,,,137,,18,,,,,,,
380,,,100,,119,,0,,,,,,,
381,,,119,,100,,13,,,,,,,
382,,,137,,88,,1,,,,,,,
383,,,149,,,,,,,,,,,
384,245,5,,,80,0,30,,,,,95,,
385,217,11,137,,63,1,18,,,,,189,,
386,,,119,,,,0,,,,,,,
387,,,100,,,,13,,,,,,,
388,,,88,,,,1,,,,,,,
390,,,100,,80,0,13,,,,,,,
391,,,119,,63,1,0,,,,,,,
392,,,137,,,,18,,,,,,,
393,,,149,,,,30,,,,,,,
395,,,137,,,,18,,,,,,,
396,,,237,5,127,0,0,,,,,,,
397,,,,,250,1,,,,,,,,
402,,,,,80,0,,,,,,,,
403,,,,,63,1,,,,,,,,
408,249,,,,84,0,,,,,,191,,
409,217,,,,82,1,,,,,,189,,
414,,,,,127,0,,,,,,,,
415,,,,,250,1,,,,,,,,
420,,,,,127,0,,,,,,,,
421,,,218,,250,1,13,,,,,,,
422,,,206,,,,1,,,,,,,
424,,,218,,,,13,,,,,,,
425,,,237,,,,0,,,,,,,
426,,,255,,84,0,18,,,,,,,
427,,,11,6,82,1,30,,,,,,,
429,,,255,5,,,18,,,,,,,
430,,,237,,,,0,,,,,,,
431,,,218,,,,13,,,,,,,
432,,,206,,95,0,1,,,,,,,
433,,,,,123,1,,,,,,,,
434,,,218,,,,13,,,,,,,
435,,,237,,,,0,,,,,,,
436,,,255,,,,18,,,,,,,
437,,,11,6,,,30,,,,,,,
438,,,,,127,0,,,,,,,,
439,,,255,5,250,1,18,,,,,,,
440,,,237,,,,0,,,,,,,
441,,,218,,,,13,,,,,,,
442,,,206,,,,1,,,,,,,
444,,,218,,127,0,13,,,,,,,
445,,,237,,250,1,0,,,,,,,
446,,,255,,,,18,,,,,,,
447,,,11,6,,,30,,,,,,,
449,,,255,5,,,18,,,,,,,
450,,,237,,95,0,0,,,,,,,
451,,,218,,123,1,13,,,,,,,
452,,,206,,,,1,,,,,,,
454,,,218,,,,13,,,,,,,
455,,,237,,,,0,,,,,,,
456,,,255,,71,0,18,,,,,,,
457,,,11,6,28,1,30,,,,,,,
459,,,255,5,,,18,,,,,,,
460,,,237,,,,0,,,,,,,
461,,,218,,,,13,,,,,,,
462,,,206,,127,0,1,,,,,,,
463,,,,,250,1,,,,,,,,
464,,,218,,,,13,,,,,,,
465,,,237,,,,0,,,,,,,
466,,,255,,,,18,,,,,,,
467,,,11,6,,,30,,,,,,,
468,,,,,127,0,,,,,,,,
469,,,255,5,250,1,18,,,,,,,
470,,,237,,,,0,,,,,,,
471,,,218,,,,13,,,,,,,
472,,,206,,,,1,,,,,,,
474,,,218,,71,0,13,,,,,,,
475,,,237,,28,1,0,,,,,,,
476,,,255,,,,18,,,,,,,
477,,,11,6,,,30,,,,,,,
479,,,255,5,,,18,,,,,,,
480,,,237,,80,0,0,,,,,,,
481,,,218,,63,1,13,,,,,,,
482,,,206,,,,1,,,,,,,
484,,,218,,,,13,,,,,,,
485,,,237,,,,0,,,,,,,
486,,,255,,127,0,18,,,,,,,
487,,,11,6,250,1,30,,,,,,,
489,,,255,5,,,18,,,,,,,
490,,,237,,,,0,,,,,,,
491,,,218,,,,13,,,,,,,
492,,,206,,127,0,1,,,,,,,
493,,,,,250,1,,,,,,,,
494,,,218,,,,13,,,,,,,
495,,,237,,,,0,,,,,,,
496,,,255,,,,18,,,,,,,
497,,,11,6,,,30,,,,,,,
498,,,,,80,0,,,,,,,,
499,,,255,5,63,1,18,,,,,,,
500,,,237,,,,0,,,,,,,
501,,,218,,,,13,,,,,,,
502,,,206,,,,1,,,,,,,
504,,,218,,84,0,13,,,,,,,
505,,,237,,82,1,0,,,,,,,
506,,,255,,,,18,,,,,,,
507,,,11,6,,,30,,,,,,,
509,,,255,5,,,18,,,,,,,
510,,,237,,127,0,0,,,,,,,
511,,,218,,250,1,13,,,,,,,
512,,,206,,,,1,,,,,,,
514,,,218,,,,13,,,,,,,
515,,,237,,,,0,,,,,,,
516,,,255,,127,0,18,,,,,,,
517,,,11,6,250,1,30,,,,,,,
519,,,255,5,,,18,,,,,,,
520,,,237,,,,0,,,,,,,
521,,,218,,,,13,,,,,,,
522,,,206,,84,0,1,,,,,,,
523,,,,,82,1,,,,,,,,
524,,,218,,,,13,,,,,,,
525,,,237,,,,0,,,,,,,
526,,,255,,,,18,,,,,,,
527,,,11,6,,,30,,,,,,,
528,,,,,95,0,,,,,,,,
529,,,255,5,123,1,18,,,,,,,
530,,,237,,,,0,,,,,,,
531,,,218,,,,13,,,,,,,
532,,,206,,,,1,,,,,,,
534,,,218,,127,0,13,,,,,,,
535,,,237,,250,1,0,,,,,,,
536,,,255,,,,18,,,,,,,
537,,,11,6,,,30,,,,,,,
539,,,255,5,,,18,,,,,,,
540,,,237,,127,0,0,,,,,,,
541,,,218,,250,1,13,,,,,,,
542,,,206,,,,1,,,,,,,
544,,,218,,,,13,,,,,,,
545,,,237,,,,0,,,,,,,
546,,,255,,95,0,18,,,,,,,
547,,,11,6,123,1,30,,,,,,,
549,,,255,5,,,18,,,,,,,
550,,,237,,,,0,,,,,,,
551,,,218,,,,13,,,,,,,
552,245,5,206,,106,0,1,,,,,95,,
553,217,11,,,170,1,,,,,,189,,
554,,,218,,,,13,,,,,,,
555,,,237,,,,0,,,,,,,
556,,,255,,,,18,,,,,,,
557,,,11,6,,,30,,,,,,,
558,,,,,127,0,,,,,,,,
559,,,255,5,250,1,18,,,,,,,
560,,,237,,,,0,,,,,,,
561,,,218,,,,13,,,,,,,
562,,,206,,,,1,,,,,,,
564,,,237,,127,0,0,,,,,,,
565,,,,,250,1,,,,,,,,
570,,,,,106,0,,,,,,,,
571,,,,,170,1,,,,,,,,
576,127,7,,,80,0,,,,,,119,,
577,238,14,,,63,1,,,,,,238,,
582,,,,,80,0,,,,,,,,
583,,,,,63,1,,,,,,,,
588,,,119,7,127,0,,,,,,,,
589,,,,,250,1,,,,,,,,
594,,,,,80,0,,,,,,,,
595,,,,,63,1,,,,,,,,
600,14,15,,,84,0,,,,,,240,,
601,238,14,,,82,1,,,,,,238,,
606,,,,,127,0,,,,,,,,
607,,,,,250,1,,,,,,,,
612,,,100,,127,0,13,,,,,,,
613,,,119,,250,1,0,,,,,,,
614,,,137,,,,18,,,,,,,
615,,,149,,,,30,,,,,,,
617,,,137,,,,18,,,,,,,
618,,,119,,84,0,0,,,,,,,
619,,,100,,82,1,13,,,,,,,
620,,,88,,,,1,,,,,,,
622,,,100,,,,13,,,,,,,
623,,,119,,,,0,,,,,,,
624,,,137,,95,0,18,,,,,,,
625,,,149,,123,1,30,,,,,,,
627,,,137,,,,18,,,,,,,
628,,,119,,,,0,,,,,,,
629,,,100,,,,13,,,,,,,
630,,,88,,127,0,1,,,,,,,
631,,,,,250,1,,,,,,,,
632,,,100,,,,13,,,,,,,
633,,,119,,,,0,,,,,,,
634,,,137,,,,18,,,,,,,
635,,,149,,,,30,,,,,,,
636,,,,,127,0,,,,,,,,
637,,,137,,250,1,18,,,,,,,
638,,,119,,,,0,,,,,,,
639,,,100,,,,13,,,,,,,
640,,,88,,,,1,,,,,,,
642,,,100,,95,0,13,,,,,,,
643,,,119,,123,1,0,,,,,,,
644,,,137,,,,18,,,,,,,
645,,,149,,,,30,,,,,,,
647,,,137,,,,18,,,,,,,
648,,,119,,71,0,0,,,,,,,
649,,,100,,28,1,13,,,,,,,
650,,,88,,,,1,,,,,,,
652,,,100,,,,13,,,,,,,
653,,,119,,,,0,,,,,,,
654,,,137,,127,0,18,,,,,,,
655,,,149,,250,1,30,,,,,,,
657,,,137,,,,18,,,,,,,
658,,,119,,,,0,,,,,,,
659,,,100,,,,13,,,,,,,
660,,,88,,127,0,1,,,,,,,
661,,,,,250,1,,,,,,,,
662,,,100,,,,13,,,,,,,
663,,,119,,,,0,,,,,,,
664,,,137,,,,18,,,,,,,
665,,,149,,,,30,,,,,,,
666,,,,,71,0,,,,,,,,
667,,,137,,28,1,18,,,,,,,
668,,,119,,,,0,,,,,,,
669,,,100,,,,13,,,,,,,
670,,,88,,,,1,,,,,,,
672,127,7,100,,80,0,13,,,,,119,,
673,238,14,119,,63,1,0,,,,,238,,
674,,,137,,,,18,,,,,,,
675,,,149,,,,30,,,,,,,
677,,,137,,,,18,,,,,,,
678,,,119,,127,0,0,,,,,,,
679,,,100,,250,1,13,,,,,,,
680,,,88,,,,1,,,,,,,
682,,,100,,,,13,,,,,,,
683,,,119,,,,0,,,,,,,
684,,,,,127,0,,,,,,,,
685,,,,,250,1,,,,,,,,
690,,,,,80,0,,,,,,,,
691,,,,,63,1,,,,,,,,
696,14,15,,,84,0,,,,,,240,,
697,238,14,,,82,1,,,,,,238,,
702,,,,,127,0,,,,,,,,
703,,,,,250,1,,,,,,,,
708,,,137,,127,0,18,,,,,,,
709,,,149,,250,1,30,,,,,,,
711,,,137,,,,18,,,,,,,
712,,,119,,,,0,,,,,,,
713,,,100,,,,13,,,,,,,
714,,,88,,84,0,1,,,,,,,
715,,,,,82,1,,,,,,,,
716,,,100,,,,13,,,,,,,
717,,,119,,,,0,,,,,,,
718,,,137,,,,18,,,,,,,
719,,,149,,,,30,,,,,,,
720,,,,,95,0,,,,,,,,
721,,,137,,123,1,18,,,,,,,
722,,,119,,,,0,,,,,,,
723,,,100,,,,13,,,,,,,
724,,,88,,,,1,,,,,,,
726,,,100,,127,0,13,,,,,,,
727,,,119,,250,1,0,,,,,,,
728,,,137,,,,18,,,,,,,
729,,,149,,,,30,,,,,,,
731,,,137,,,,18,,,,,,,
732,,,119,,127,0,0,,,,,,,
733,,,100,,250,1,13,,,,,,,
734,,,88,,,,1,,,,,,,
736,,,100,,,,13,,,,,,,
737,,,119,,,,0,,,,,,,
738,,,137,,95,0,18,,,,,,,
739,,,149,,123,1,30,,,,,,,
741,,,137,,,,18,,,,,,,
742,,,119,,,,0,,,,,,,
743,,,100,,,,13,,,,,,,
744,,,88,,106,0,1,,,,,,,
745,,,,,170,1,,,,,,,,
746,,,100,,,,13,,,,,,,
747,,,119,,,,0,,,,,,,
748,,,137,,,,18,,,,,,,
749,,,149,,,,30,,,,,,,
750,,,,,127,0,,,,,,,,
751,,,137,,250,1,18,,,,,,,
752,,,119,,,,0,,,,,,,
753,,,100,,,,13,,,,,,,
754,,,88,,,,1,,,,,,,
756,,,100,,127,0,13,,,,,,,
757,,,119,,250,1,0,,,,,,,
758,,,137,,,,18,,,,,,,
759,,,149,,,,30,,,,,,,
761,,,137,,,,18,,,,,,,
762,,,119,,106,0,0,,,,,,,
763,,,100,,170,1,13,,,,,,,
764,,,88,,,,1,,,,,,,
766,,,100,,,,13,,,,,,,
767,,,119,,,,0,,,,,,,
768,120,4,137,,80,0,18,,,,,71,,
769,224,8,149,,63,1,30,,,,,142,,
771,,,137,,,,18,,,,,,,
772,,,119,,,,0,,,,,,,
773,,,100,,,,13,,,,,,,
774,,,88,,80,0,1,,,,,,,
775,,,,,63,1,,,,,,,,
776,,,100,,,,13,,,,,,,
777,,,119,,,,0,,,,,,,
778,,,137,,,,18,,,,,,,
779,,,149,,,,30,,,,,,,
780,,,224,8,127,0,0,,,,,,,
781,,,,,250,1,,,,,,,,
786,,,,,80,0,,,,,,,,
787,,,,,63,1,,,,,,,,
792,0,9,,,84,0,,,,,,144,,
793,224,8,,,82,1,,,,,,142,,
798,,,,,127,0,,,,,,,,
799,,,,,250,1,,,,,,,,
804,,,254,,127,0,30,,,,,,,
805,,,242,,250,1,18,,,,,,,
806,,,224,,,,0,,,,,,,
807,,,205,,,,13,,,,,,,
808,,,193,,,,1,,,,,,,
810,,,205,,84,0,13,,,,,,,
811,,,224,,82,1,0,,,,,,,
812,,,242,,,,18,,,,,,,
813,,,254,,,,30,,,,,,,
815,,,242,,,,18,,,,,,,
816,,,224,,95,0,0,,,,,,,
817,,,205,,123,1,13,,,,,,,
818,,,193,,,,1,,,,,,,
820,,,205,,,,13,,,,,,,
821,,,224,,,,0,,,,,,,
822,,,242,,127,0,18,,,,,,,
823,,,254,,250,1,30,,,,,,,
825,,,242,,,,18,,,,,,,
826,,,224,,,,0,,,,,,,
827,,,205,,,,13,,,,,,,
828,,,193,,127,0,1,,,,,,,
829,,,,,250,1,,,,,,,,
830,,,205,,,,13,,,,,,,
831,,,224,,,,0,,,,,,,
832,,,242,,,,18,,,,,,,
833,,,254,,,,30,,,,,,,
834,,,,,95,0,,,,,,,,
835,,,242,,123,1,18,,,,,,,
836,,,224,,,,0,,,,,,,
837,,,205,,,,13,,,,,,,
838,,,193,,,,1,,,,,,,
840,,,205,,71,0,13,,,,,,,
841,,,224,,28,1,0,,,,,,,
842,,,242,,,,18,,,,,,,
843,,,254,,,,30,,,,,,,
845,,,242,,,,18,,,,,,,
846,,,224,,127,0,0,,,,,,,
847,,,205,,250,1,13,,,,,,,
848,,,193,,,,1,,,,,,,
850,,,205,,,,13,,,,,,,
851,,,224,,,,0,,,,,,,
852,,,242,,127,0,18,,,,,,,
853,,,254,,250,1,30,,,,,,,
855,,,242,,,,18,,,,,,,
856,,,224,,,,0,,,,,,,
857,,,205,,,,13,,,,,,,
858,,,193,,71,0,1,,,,,,,
859,,,,,28,1,,,,,,,,
860,,,205,,,,13,,,,,,,
861,,,224,,,,0,,,,,,,
862,,,242,,,,18,,,,,,,
863,,,254,,,,30,,,,,,,
864,120,4,,,80,0,,,,,,71,,
865,224,8,242,,63,1,18,,,,,142,,
866,,,224,,,,0,,,,,,,
867,,,205,,,,13,,,,,,,
868,,,193,,,,1,,,,,,,
870,,,205,,127,0,13,,,,,,,
871,,,224,,250,1,0,,,,,,,
872,,,242,,,,18,,,,,,,
873,,,254,,,,30,,,,,,,
875,,,242,,,,18,,,,,,,
876,,,224,,127,0,0,,,,,,,
877,,,,,250,1,,,,,,,,
882,,,,,80,0,,,,,,,,
883,,,,,63,1,,,,,,,,
888,0,9,,,84,0,,,,,,144,,
889,224,8,,,82,1,,,,,,142,,
894,,,,,127,0,,,,,,,,
895,,,,,250,1,,,,,,,,
900,,,,,127,0,,,,,,,,
901,,,205,,250,1,13,,,,,,,
902,,,193,,,,1,,,,,,,
904,,,205,,,,13,,,,,,,
905,,,224,,,,0,,,,,,,
906,,,242,,84,0,18,,,,,,,
907,,,254,,82,1,30,,,,,,,
909,,,242,,,,18,,,,,,,
910,,,224,,,,0,,,,,,,
911,,,205,,,,13,,,,,,,
912,,,193,,95,0,1,,,,,,,
913,,,,,123,1,,,,,,,,
914,,,205,,,,13,,,,,,,
915,,,224,,,,0,,,,,,,
916,,,242,,,,18,,,,,,,
917,,,254,,,,30,,,,,,,
918,,,,,127,0,,,,,,,,
919,,,242,,250,1,18,,,,,,,
920,,,224,,,,0,,,,,,,
921,,,205,,,,13,,,,,,,
922,,,193,,,,1,,,,,,,
924,,,205,,127,0,13,,,,,,,
925,,,224,,250,1,0,,,,,,,
926,,,242,,,,18,,,,,,,
927,,,254,,,,30,,,,,,,
929,,,242,,,,18,,,,,,,
930,,,224,,95,0,0,,,,,,,
931,,,205,,123,1,13,,,,,,,
932,,,193,,,,1,,,,,,,
934,,,205,,,,13,,,,,,,
935,,,224,,,,0,,,,,,,
936,,,242,,106,0,18,,,,,,,
937,,,254,,170,1,30,,,,,,,
939,,,242,,,,18,,,,,,,
940,,,224,,,,0,,,,,,,
941,,,205,,,,13,,,,,,,
942,,,193,,127,0,1,,,,,,,
943,,,,,250,1,,,,,,,,
944,,,205,,,,13,,,,,,,
945,,,224,,,,0,,,,,,,
946,,,242,,,,18,,,,,,,
947,,,254,,,,30,,,,,,,
948,,,,,127,0,,,,,,,,
949,,,242,,250,1,18,,,,,,,
950,,,224,,,,0,,,,,,,
951,,,205,,,,13,,,,,,,
952,,,193,,,,1,,,,,,,
954,,,205,,106,0,13,,,,,,,
955,,,224,,170,1,0,,,,,,,
956,,,242,,,,18,,,,,,,
957,,,254,,,,30,,,,,,,
959,,,242,,,,18,,,,,,,
960,252,3,224,,80,0,0,,,,,63,,
961,232,7,205,,63,1,13,,,,,126,,
962,,,193,,,,1,,,,,,,
964,,,205,,,,13,,,,,,,
965,,,224,,,,0,,,,,,,
966,,,242,,80,0,18,,,,,,,
967,,,254,,63,1,30,,,,,,,
969,,,242,,,,18,,,,,,,
970,,,224,,,,0,,,,,,,
971,,,205,,,,13,,,,,,,
972,,,232,7,127,0,0,,,,,,,
973,,,,,250,1,,,,,,,,
978,,,,,80,0,,,,,,,,
979,,,,,63,1,,,,,,,,
984,8,8,,,84,0,,,,,,128,,
985,232,7,,,82,1,,,,,,126,,
990,,,,,127,0,,,,,,,,
991,,,,,250,1,,,,,,,,
996,,,201,,127,0,1,,,,,,,
997,,,,,250,1,,,,,,,,
998,,,213,,,,13,,,,,,,
999,,,232,,,,0,,,,,,,
1000,,,250,,,,18,,,,,,,
1001,,,6,8,,,30,,,,,,,
1002,,,,,84,0,,,,,,,,
1003,,,250,7,82,1,18,,,,,,,
1004,,,232,,,,0,,,,,,,
1005,,,213,,,,13,,,,,,,
1006,,,201,,,,1,,,,,,,
1008,,,213,,95,0,13,,,,,,,
1009,,,232,,123,1,0,,,,,,,
1010,,,250,,,,18,,,,,,,
1011,,,6,8,,,30,,,,,,,
1013,,,250,7,,,18,,,,,,,
1014,,,232,,127,0,0,,,,,,,
1015,,,213,,250,1,13,,,,,,,
1016,,,201,,,,1,,,,,,,
1018,,,213,,,,13,,,,,,,
1019,,,232,,,,0,,,,,,,
1020,,,250,,127,0,18,,,,,,,
1021,,,6,8,250,1,30,,,,,,,
1023,,,250,7,,,18,,,,,,,
1024,,,232,,,,0,,,,,,,
1025,,,213,,,,13,,,,,,,
1026,,,201,,95,0,1,,,,,,,
1027,,,,,123,1,,,,,,,,
1028,,,213,,,,13,,,,,,,
1029,,,232,,,,0,,,,,,,
1030,,,250,,,,18,,,,,,,
1031,,,6,8,,,30,,,,,,,
1032,,,,,71,0,,,,,,,,
1033,,,250,7,28,1,18,,,,,,,
1034,,,232,,,,0,,,,,,,
1035,,,213,,,,13,,,,,,,
1036,,,201,,,,1,,,,,,,
1038,,,213,,127,0,13,,,,,,,
1039,,,232,,250,1,0,,,,,,,
1040,,,250,,,,18,,,,,,,
1041,,,6,8,,,30,,,,,,,
1043,,,250,7,,,18,,,,,,,
1044,,,232,,127,0,0,,,,,,,
1045,,,213,,250,1,13,,,,,,,
1046,,,201,,,,1,,,,,,,
1048,,,213,,,,13,,,,,,,
1049,,,232,,,,0,,,,,,,
1050,,,250,,71,0,18,,,,,,,
1051,,,6,8,28,1,30,,,,,,,
1053,,,250,7,,,18,,,,,,,
1054,,,232,,,,0,,,,,,,
1055,,,213,,,,13,,,,,,,
1056,2,2,201,,80,0,1,,,,,32,,
1057,244,3,,,63,1,,,,,,63,,
1058,,,213,,,,13,,,,,,,
1059,,,232,,,,0,,,,,,,
1060,,,250,,,,18,,,,,,,
1061,,,6,8,,,30,,,,,,,
1062,,,,,127,0,,,,,,,,
1063,,,250,7,250,1,18,,,,,,,
1064,,,232,,,,0,,,,,,,
1065,,,213,,,,13,,,,,,,
1066,,,201,,,,1,,,,,,,
1068,,,244,3,127,0,0,,,,,,,
1069,,,,,250,1,,,,,,,,
1074,,,,,80,0,,,,,,,,
1075,,,,,63,1,,,,,,,,
1080,20,4,,,84,0,,,,,,65,,
1081,244,3,,,82,1,,,,,,63,,
1086,,,,,127,0,,,,,,,,
1087,,,,,250,1,,,,,,,,
1092,,,225,,127,0,13,,,,,,,
1093,,,244,,250,1,0,,,,,,,
1094,,,6,4,,,18,,,,,,,
1095,,,18,,,,30,,,,,,,
1097,,,6,,,,18,,,,,,,
1098,,,244,3,84,0,0,,,,,,,
1099,,,225,,82,1,13,,,,,,,
1100,,,213,,,,1,,,,,,,
1102,,,225,,,,13,,,,,,,
1103,,,244,,,,0,,,,,,,
1104,,,6,4,95,0,18,,,,,,,
1105,,,18,,123,1,30,,,,,,,
1107,,,6,,,,18,,,,,,,
1108,,,244,3,,,0,,,,,,,
1109,,,225,,,,13,,,,,,,
1110,,,213,,127,0,1,,,,,,,
1111,,,,,250,1,,,,,,,,
1112,,,225,,,,13,,,,,,,
1113,,,244,,,,0,,,,,,,
1114,,,6,4,,,18,,,,,,,
1115,,,18,,,,30,,,,,,,
1116,,,,,127,0,,,,,,,,
1117,,,6,,250,1,18,,,,,,,
1118,,,244,3,,,0,,,,,,,
1119,,,225,,,,13,,,,,,,
1120,,,213,,,,1,,,,,,,
1122,,,225,,95,0,13,,,,,,,
1123,,,244,,123,1,0,,,,,,,
1124,,,6,4,,,18,,,,,,,
1125,,,18,,,,30,,,,,,,
1127,,,6,,,,18,,,,,,,
1128,178,1,244,3,106,0,0,,,,,27,,
1129,83,3,225,,170,1,13,,,,,53,,
1130,,,213,,,,1,,,,,,,
1132,,,225,,,,13,,,,,,,
1133,,,244,,,,0,,,,,,,
1134,,,6,4,127,0,18,,,,,,,
1135,,,18,,250,1,30,,,,,,,
1137,,,6,,,,18,,,,,,,
1138,,,244,3,,,0,,,,,,,
1139,,,225,,,,13,,,,,,,
1140,115,,83,,127,0,0,,,,,55,,
1141,83,,,,250,1,,,,,,53,,
1146,,,,,106,0,,,,,,,,
1147,,,,,170,1,,,,,,,,
1152,245,5,213,0,80,0,,,,,,95,,
1153,217,11,,,63,1,,,,,,189,,
1158,,,,,80,0,,,,,,,,
1159,,,212,,63,1,,,,,,,,
1160,,,211,,,,,,,,,,,
1161,,,210,,,,,,,,,,,
1162,,,209,,,,,,,,,,,
1163,,,208,,,,,,,,,,,
1164,,,207,,127,0,,,,,,,,
1165,,,206,,250,1,,,,,,,,
1166,,,205,,,,,,,,,,,
1167,,,204,,,,,,,,,,,
1168,,,203,,,,,,,,,,,
1169,,,202,,,,,,,,,,,
1170,,,201,,80,0,,,,,,,,
1171,,,200,,63,1,,,,,,,,
1172,,,199,,,,,,,,,,,
1173,,,198,,,,,,,,,,,
1174,,,197,,,,,,,,,,,
1175,,,196,,,,,,,,,,,
1176,,,195,,84,0,,,,,,,,
1177,,,194,,82,1,,,,,,,,
1178,,,193,,,,,,,,,,,
1179,,,192,,,,,,,,,,,
1180,,,191,,,,,,,,,,,
1181,,,190,,,,,,,,,,,
1182,,,,,127,0,,,,,,,,
1183,,,,,250,1,,,,,,,,
1188,,,186,,127,0,28,,,,,,,
1189,,,,,250,1,,,,,,,,
1190,,,187,,,,29,,,,,,,
1191,,,190,,,,0,,,,,,,
1192,,,192,,,,2,,,,,,,
1193,,,193,,,,3,,,,,,,
1194,,,,,84,0,,,,,,,,
1195,,,192,,82,1,2,,,,,,,
1196,,,190,,,,0,,,,,,,
1197,,,187,,,,29,,,,,,,
1198,,,186,,,,28,,,,,,,
1200,249,,187,,95,0,29,,,,,191,,
1201,217,,190,,123,1,0,,,,,189,,
1202,,,192,,,,2,,,,,,,
1203,,,193,,,,3,,,,,,,
1205,,,192,,,,2,,,,,,,
1206,,,190,,127,0,0,,,,,,,
1207,,,187,,250,1,29,,,,,,,
1208,,,186,,,,28,,,,,,,
1210,,,187,,,,29,,,,,,,
1211,,,190,,,,0,,,,,,,
1212,,,192,,127,0,2,,,,,,,
1213,,,193,,250,1,3,,,,,,,
1215,,,192,,,,2,,,,,,,
1216,,,190,,,,0,,,,,,,
1217,,,187,,,,29,,,,,,,
1218,,,186,,95,0,28,,,,,,,
1219,,,,,123,1,,,,,,,,
1220,,,187,,,,29,,,,,,,
1221,,,190,,,,0,,,,,,,
1222,,,192,,,,2,,,,,,,
1223,,,193,,,,3,,,,,,,
1224,,,,,71,0,,,,,,,,
1225,,,192,,28,1,2,,,,,,,
1226,,,190,,,,0,,,,,,,
1227,,,187,,,,29,,,,,,,
1228,,,186,,,,28,,,,,,,
1230,,,187,,127,0,29,,,,,,,
1231,,,190,,250,1,0,,,,,,,
1232,,,192,,,,2,,,,,,,
1233,,,193,,,,3,,,,,,,
1235,,,192,,,,2,,,,,,,
1236,,,190,,127,0,0,,,,,,,
1237,,,187,,250,1,29,,,,,,,
1238,,,186,,,,28,,,,,,,
1240,,,187,,,,29,,,,,,,
1241,,,190,,,,0,,,,,,,
1242,,,192,,71,0,2,,,,,,,
1243,,,193,,28,1,3,,,,,,,
1245,,,192,,,,2,,,,,,,
1246,,,190,,,,0,,,,,,,
1247,,,187,,,,29,,,,,,,
1248,,,186,,80,0,28,,,,,,,
1249,,,,,63,1,,,,,,,,
1250,,,187,,,,29,,,,,,,
1251,,,190,,,,0,,,,,,,
1252,,,192,,,,2,,,,,,,
1253,,,193,,,,3,,,,,,,
1254,,,,,127,0,,,,,,,,
1255,,,192,,250,1,2,,,,,,,
1256,,,190,,,,0,,,,,,,
1257,,,187,,,,29,,,,,,,
1258,,,186,,,,28,,,,,,,
1260,,,187,,127,0,29,,,,,,,
1261,,,190,,250,1,0,,,,,,,
1262,,,192,,,,2,,,,,,,
1263,,,193,,,,3,,,,,,,
1265,,,192,,,,2,,,,,,,
1266,,,190,,80,0,0,,,,,,,
1267,,,187,,63,1,29,,,,,,,
1268,,,186,,,,28,,,,,,,
1270,,,187,,,,29,,,,,,,
1271,,,190,,,,0,,,,,,,
1272,,,192,,84,0,2,,,,,,,
1273,,,193,,82,1,3,,,,,,,
1275,,,192,,,,2,,,,,,,
1276,,,190,,,,0,,,,,,,
1277,,,187,,,,29,,,,,,,
1278,,,186,,127,0,28,,,,,,,
1279,,,,,250,1,,,,,,,,
1280,,,187,,,,29,,,,,,,
1281,,,190,,,,0,,,,,,,
1282,,,192,,,,2,,,,,,,
1283,,,193,,,,3,,,,,,,
1284,,,,,127,0,,,,,,,,
1285,,,192,,250,1,2,,,,,,,
1286,,,190,,,,0,,,,,,,
1287,,,187,,,,29,,,,,,,
1288,,,186,,,,28,,,,,,,
1290,,,187,,84,0,29,,,,,,,
1291,,,190,,82,1,0,,,,,,,
1292,,,192,,,,2,,,,,,,
1293,,,193,,,,3,,,,,,,
1295,,,192,,,,2,,,,,,,
1296,,,190,,95,0,0,,,,,,,
1297,,,187,,123,1,29,,,,,,,
1298,,,186,,,,28,,,,,,,
1300,,,187,,,,29,,,,,,,
1301,,,190,,,,0,,,,,,,
1302,,,192,,127,0,2,,,,,,,
1303,,,193,,250,1,3,,,,,,,
1305,,,192,,,,2,,,,,,,
1306,,,190,,,,0,,,,,,,
1307,,,187,,,,29,,,,,,,
1308,,,186,,127,0,28,,,,,,,
1309,,,,,250,1,,,,,,,,
1310,,,187,,,,29,,,,,,,
1311,,,190,,,,0,,,,,,,
1312,,,192,,,,2,,,,,,,
1313,,,193,,,,3,,,,,,,
1314,,,,,95,0,,,,,,,,
1315,,,192,,123,1,2,,,,,,,
1316,,,190,,,,0,,,,,,,
1317,,,187,,,,29,,,,,,,
1318,,,186,,,,28,,,,,,,
1320,,,187,,106,0,29,,,,,,,
1321,,,190,,170,1,0,,,,,,,
1322,,,192,,,,2,,,,,,,
1323,,,193,,,,3,,,,,,,
1325,,,192,,,,2,,,,,,,
1326,,,190,,127,0,0,,,,,,,
1327,,,187,,250,1,29,,,,,,,
1328,,,186,,,,28,,,,,,,
1330,,,187,,,,29,,,,,,,
1331,,,190,,,,0,,,,,,,
1332,,,213,,127,0,,,,,,,,
1333,,,,,250,1,,,,,,,,
1338,,,253,,106,0,,,,,,,,
1339,,,,,170,1,,,,,,,,
1344,127,7,190,,80,0,,,,,,119,,
1345,238,14,,,63,1,,,,,,238,,
1350,,,,,80,0,,,,,,,,
1351,,,,,63,1,,,,,,,,
1356,,,,,127,0,,,,,,,,
1357,,,,,250,1,,,,,,,,
1362,,,,,80,0,,,,,,,,
1363,,,,,63,1,,,,,,,,
1368,,,192,,84,0,2,,,,,,,
1369,,,193,,82,1,3,,,,,,,
1371,,,192,,,,2,,,,,,,
1372,,,190,,,,0,,,,,,,
1373,,,187,,,,29,,,,,,,
1374,,,186,,127,0,28,,,,,,,
1375,,,,,250,1,,,,,,,,
1376,,,187,,,,29,,,,,,,
1377,,,190,,,,0,,,,,,,
1378,,,192,,,,2,,,,,,,
1379,,,193,,,,3,,,,,,,
1380,,,,,127,0,,,,,,,,
1381,,,192,,250,1,2,,,,,,,
1382,,,190,,,,0,,,,,,,
1383,,,187,,,,29,,,,,,,
1384,,,186,,,,28,,,,,,,
1386,,,187,,84,0,29,,,,,,,
1387,,,190,,82,1,0,,,,,,,
1388,,,192,,,,2,,,,,,,
1389,,,193,,,,3,,,,,,,
1391,,,192,,,,2,,,,,,,
1392,14,15,190,,95,0,0,,,,,240,,
1393,238,14,187,,123,1,29,,,,,238,,
1394,,,186,,,,28,,,,,,,
1396,,,187,,,,29,,,,,,,
1397,,,190,,,,0,,,,,,,
1398,,,192,,127,0,2,,,,,,,
1399,,,193,,250,1,3,,,,,,,
1401,,,192,,,,2,,,,,,,
1402,,,190,,,,0,,,,,,,
1403,,,187,,,,29,,,,,,,
1404,,,186,,127,0,28,,,,,,,
1405,,,,,250,1,,,,,,,,
1406,,,187,,,,29,,,,,,,
1407,,,190,,,,0,,,,,,,
1408,,,192,,,,2,,,,,,,
1409,,,193,,,,3,,,,,,,
1410,,,,,95,0,,,,,,,,
1411,,,192,,123,1,2,,,,,,,
1412,,,190,,,,0,,,,,,,
1413,,,187,,,,29,,,,,,,
1414,,,186,,,,28,,,,,,,
1416,,,187,,71,0,29,,,,,,,
1417,,,190,,28,1,0,,,,,,,
1418,,,192,,,,2,,,,,,,
1419,,,193,,,,3,,,,,,,
1421,,,192,,,,2,,,,,,,
1422,,,189,,127,0,0,,,,,,,
1423,,,188,,250,1,,,,,,,,
1424,,,187,,,,,,,,,,,
1425,,,186,,,,,,,,,,,
1426,,,185,,,,,,,,,,,
1427,,,184,,,,,,,,,,,
1428,,,183,,127,0,,,,,,,,
1429,,,182,,250,1,,,,,,,,
1430,,,181,,,,,,,,,,,
1431,,,180,,,,,,,,,,,
1432,,,179,,,,,,,,,,,
1433,,,178,,,,,,,,,,,
1434,,,177,,71,0,,,,,,,,
1435,,,176,,28,1,,,,,,,,
1436,,,175,,,,,,,,,,,
1437,,,174,,,,,,,,,,,
1438,,,173,,,,,,,,,,,
1439,,,172,,,,,,,,,,,
1440,,,159,,80,0,,,,,,,,
1441,,,,,63,1,,,,,,,,
1446,,,,,127,0,,,,,,,,
1447,,,,,250,1,,,,,,,,
1452,,,,,127,0,,,,,,,,
1453,,,,,250,1,,,,,,,,
1458,,,,,80,0,,,,,,,,
1459,,,156,,63,1,29,,,,,,,
1460,,,155,,,,28,,,,,,,
1462,,,156,,,,29,,,,,,,
1463,,,159,,,,0,,,,,,,
1464,,,161,,84,0,2,,,,,,,
1465,,,162,,82,1,3,,,,,,,
1467,,,161,,,,2,,,,,,,
1468,,,159,,,,0,,,,,,,
1469,,,156,,,,29,,,,,,,
1470,,,155,,127,0,28,,,,,,,
1471,,,,,250,1,,,,,,,,
1472,,,156,,,,29,,,,,,,
1473,,,159,,,,0,,,,,,,
1474,,,161,,,,2,,,,,,,
1475,,,162,,,,3,,,,,,,
1476,,,142,,127,0,0,,,,,,,
1477,,,,,250,1,,,,,,,,
1482,,,,,84,0,,,,,,,,
1483,,,,,82,1,,,,,,,,
1488,,,,,95,0,,,,,,,,
1489,,,,,123,1,,,,,,,,
1494,,,145,,127,0,3,,,,,,,
1495,,,144,,250,1,2,,,,,,,
1496,,,142,,,,0,,,,,,,
1497,,,139,,,,29,,,,,,,
1498,,,138,,,,28,,,,,,,
1500,,,139,,127,0,29,,,,,,,
1501,,,142,,250,1,0,,,,,,,
1502,,,144,,,,2,,,,,,,
1503,,,145,,,,3,,,,,,,
1505,,,144,,,,2,,,,,,,
1506,,,142,,95,0,0,,,,,,,
1507,,,139,,123,1,29,,,,,,,
1508,,,138,,,,28,,,,,,,
1510,,,139,,,,29,,,,,,,
1511,,,142,,,,0,,,,,,,
1512,,,159,,106,0,,,,,,,,
1513,,,,,170,1,,,,,,,,
1518,,,,,127,0,,,,,,,,
1519,,,,,250,1,,,,,,,,
1524,,,,,127,0,,,,,,,,
1525,,,,,250,1,,,,,,,,
1530,,,,,106,0,,,,,,,,
1531,,,,,170,1,,,,,,,,
1536,120,4,213,,80,0,,,,,,71,,
1537,224,8,,,63,1,,,,,,142,,
1542,,,,,80,0,,,,,,,,
1543,,,212,,63,1,,,,,,,,
1544,,,211,,,,,,,,,,,
1545,,,210,,,,,,,,,,,
1546,,,209,,,,,,,,,,,
1547,,,208,,,,,,,,,,,
1548,,,207,,127,0,,,,,,,,
1549,,,206,,250,1,,,,,,,,
1550,,,205,,,,,,,,,,,
1551,,,204,,,,,,,,,,,
1552,,,203,,,,,,,,,,,
1553,,,202,,,,,,,,,,,
1554,,,201,,80,0,,,,,,,,
1555,,,200,,63,1,,,,,,,,
1556,,,199,,,,,,,,,,,
1557,,,198,,,,,,,,,,,
1558,,,197,,,,,,,,,,,
1559,,,196,,,,,,,,,,,
1560,0,9,195,,84,0,,,,,,144,,
1561,224,8,194,,82,1,,,,,,142,,
1562,,,193,,,,,,,,,,,
1563,,,192,,,,,,,,,,,
1564,,,191,,,,,,,,,,,
1565,,,190,,,,,,,,,,,
1566,,,,,127,0,,,,,,,,
1567,,,,,250,1,,,,,,,,
1572,,,192,,127,0,2,,,,,,,
1573,,,193,,250,1,3,,,,,,,
1575,,,192,,,,2,,,,,,,
1576,,,190,,,,0,,,,,,,
1577,,,187,,,,29,,,,,,,
1578,,,186,,84,0,28,,,,,,,
1579,,,,,82,1,,,,,,,,
1580,,,187,,,,29,,,,,,,
1581,,,190,,,,0,,,,,,,
1582,,,192,,,,2,,,,,,,
1583,,,193,,,,3,,,,,,,
1584,,,,,95,0,,,,,,,,
1585,,,192,,123,1,2,,,,,,,
1586,,,190,,,,0,,,,,,,
1587,,,187,,,,29,,,,,,,
1588,,,186,,,,28,,,,,,,
1590,,,187,,127,0,29,,,,,,,
1591,,,190,,250,1,0,,,,,,,
1592,,,192,,,,2,,,,,,,
1593,,,193,,,,3,,,,,,,
1595,,,192,,,,2,,,,,,,
1596,,,190,,127,0,0,,,,,,,
1597,,,187,,250,1,29,,,,,,,
1598,,,186,,,,28,,,,,,,
1600,,,187,,,,29,,,,,,,
1601,,,190,,,,0,,,,,,,
1602,,,192,,95,0,2,,,,,,,
1603,,,193,,123,1,3,,,,,,,
1605,,,192,,,,2,,,,,,,
1606,,,190,,,,0,,,,,,,
1607,,,187,,,,29,,,,,,,
1608,,,127,,71,0,0,,,,,,,
1609,,,,,28,1,,,,,,,,
1614,,,,,127,0,,,,,,,,
1615,,,,,250,1,,,,,,,,
1620,,,190,,127,0,,,,,,,,
1621,,,,,250,1,,,,,,,,
1626,,,,,71,0,,,,,,,,
1627,,,,,28,1,,,,,,,,
1632,,,,,80,0,,,,,,,,
1633,,,,,63,1,,,,,,,,
1638,,,,,127,0,,,,,,,,
1639,,,,,250,1,,,,,,,,
1644,,,,,127,0,,,,,,,,
1645,,,,,250,1,,,,,,,,
1650,,,186,,80,0,28,,,,,,,
1651,,,,,63,1,,,,,,,,
1652,,,187,,,,29,,,,,,,
1653,,,190,,,,0,,,,,,,
1654,,,192,,,,2,,,,,,,
1655,,,193,,,,3,,,,,,,
1656,,,,,84,0,,,,,,,,
1657,,,192,,82,1,2,,,,,,,
1658,,,190,,,,0,,,,,,,
1659,,,187,,,,29,,,,,,,
1660,,,186,,,,28,,,,,,,
1662,,,187,,127,0,29,,,,,,,
1663,,,190,,250,1,0,,,,,,,
1664,,,192,,,,2,,,,,,,
1665,,,193,,,,3,,,,,,,
1667,,,192,,,,2,,,,,,,
1668,,,190,,127,0,0,,,,,,,
1669,,,187,,250,1,29,,,,,,,
1670,,,186,,,,28,,,,,,,
1672,,,187,,,,29,,,,,,,
1673,,,190,,,,0,,,,,,,
1674,,,192,,84,0,2,,,,,,,
1675,,,193,,82,1,3,,,,,,,
1677,,,192,,,,2,,,,,,,
1678,,,190,,,,0,,,,,,,
1679,,,187,,,,29,,,,,,,
1680,,,186,,95,0,28,,,,,,,
1681,,,,,123,1,,,,,,,,
1682,,,187,,,,29,,,,,,,
1683,,,190,,,,0,,,,,,,
1684,,,192,,,,2,,,,,,,
1685,,,193,,,,3,,,,,,,
1686,,,,,127,0,,,,,,,,
1687,,,192,,250,1,2,,,,,,,
1688,,,190,,,,0,,,,,,,
1689,,,187,,,,29,,,,,,,
1690,,,186,,,,28,,,,,,,
1692,,,187,,127,0,29,,,,,,,
1693,,,190,,250,1,0,,,,,,,
1694,,,192,,,,2,,,,,,,
1695,,,193,,,,3,,,,,,,
1697,,,192,,,,2,,,,,,,
1698,,,190,,95,0,0,,,,,,,
1699,,,187,,123,1,29,,,,,,,
1700,,,186,,,,28,,,,,,,
1702,,,187,,,,29,,,,,,,
1703,,,190,,,,0,,,,,,,
1704,,,192,,106,0,2,,,,,,,
1705,,,193,,170,1,3,,,,,,,
1707,,,192,,,,2,,,,,,,
1708,,,190,,,,0,,,,,,,
1709,,,187,,,,29,,,,,,,
1710,,,186,,127,0,28,,,,,,,
1711,,,,,250,1,,,,,,,,
1712,,,187,,,,29,,,,,,,
1713,,,190,,,,0,,,,,,,
1714,,,192,,,,2,,,,,,,
1715,,,193,,,,3,,,,,,,
1716,,,213,,127,0,0,,,,,,,
1717,,,,,250,1,,,,,,,,
1722,,,253,,106,0,,,,,,,,
1723,,,,,170,1,,,,,,,,
1728,252,3,190,,80,0,,,,,,63,,
1729,232,7,,,63,1,,,,,,126,,
1734,,,213,,80,0,,,,,,,,
1735,,,,,63,1,,,,,,,,
1740,,,239,,127,0,,,,,,,,
1741,,,,,250,1,,,,,,,,
1746,,,253,,80,0,,,,,,,,
1747,,,,,63,1,,,,,,,,
1752,,,213,,84,0,,,,,,,,
1753,,,,,82,1,,,,,,,,
1758,,,239,,127,0,,,,,,,,
1759,,,,,250,1,,,,,,,,
1764,,,253,,127,0,,,,,,,,
1765,,,,,250,1,,,,,,,,
1770,,,28,1,84,0,,,,,,,,
1771,,,,,82,1,,,,,,,,
1776,8,8,239,0,95,0,,,,,,128,,
1777,232,7,,,123,1,,,,,,126,,
1782,,,253,,127,0,,,,,,,,
1783,,,,,250,1,,,,,,,,
1788,,,28,1,127,0,,,,,,,,
1789,,,,,250,1,,,,,,,,
1794,,,63,,95,0,,,,,,,,
1795,,,,,123,1,,,,,,,,
1800,,,253,0,71,0,,,,,,,,
1801,,,,,28,1,,,,,,,,
1806,,,28,1,127,0,,,,,,,,
1807,,,,,250,1,,,,,,,,
1812,,,63,,127,0,,,,,,,,
1813,,,,,250,1,,,,,,,,
1818,,,82,,71,0,,,,,,,,
1819,,,,,28,1,,,,,,,,
1824,91,3,63,,80,0,,,,,,53,,
1825,167,6,,,63,1,,,,,,106,,
1830,,,,,127,0,,,,,,,,
1831,,,,,250,1,,,,,,,,
1836,,,,,127,0,,,,,,,,
1837,,,,,250,1,,,,,,,,
1842,,,82,,80,0,,,,,,,,
1843,,,,,63,1,,,,,,,,
1848,,,,,84,0,,,,,,,,
1849,,,,,82,1,,,,,,,,
1854,,,,,127,0,,,,,,,,
1855,,,,,250,1,,,,,,,,
1860,,,123,,127,0,,,,,,,,
1861,,,,,250,1,,,,,,,,
1866,,,,,84,0,,,,,,,,
1867,,,,,82,1,,,,,,,,
1872,199,,82,,95,0,,,,,,108,,
1873,167,,,,123,1,,,,,,106,,
1878,,,,,127,0,,,,,,,,
1879,,,,,250,1,,,,,,,,
1884,,,,,127,0,,,,,,,,
1885,,,,,250,1,,,,,,,,
1890,,,123,,95,0,,,,,,,,
1891,,,,,123,1,,,,,,,,
1896,,,,,106,0,,,,,,,,
1897,,,,,170,1,,,,,,,,
1902,,,,,127,0,,,,,,,,
1903,,,,,250,1,,,,,,,,
1908,112,4,170,,127,0,16,48,15,,,16,178,
1909,68,2,,,250,1,0,56,,,,0,,
1910,128,,,,,,12,48,,,,12,,
1911,208,,,,,,13,,,,,13,,
1912,212,,,,,,0,56,14,,,0,,
1913,192,3,,,,,,,13,,,,,
1914,112,4,,,106,0,16,48,15,,,16,,
1915,68,2,,,170,1,0,56,,,,0,,
1916,128,,,,,,12,48,,,,12,,
1917,208,,,,,,13,,,,,13,,
1918,212,,,,,,0,56,14,,,0,,
1919,192,3,,,,,,,13,,,,,
1920,168,,80,0,123,,20,48,15,,,20,,
1921,,,63,1,63,,0,56,,,,0,,
1922,8,4,,,213,0,,,,,,,,
1923,88,,,,,,,,13,,,,,
1924,232,,,,,,,,,,,,,
1925,120,5,,,,,,,,,,,,
1926,246,2,80,0,123,1,,57,16,,,47,0,12
1927,237,5,63,1,63,,,,,,,94,,
1928,,,,,213,0,,,,,,,,
1930,,,,,,,,,0,,,0,114,
1932,,,127,0,123,1,,,16,,,94,0,
1933,217,11,250,1,63,,,,,,,189,,
1934,,,,,213,0,,,,,,,,
1936,,,,,,,,,0,,,0,178,
1938,237,5,80,0,123,1,,,16,,,94,0,
1939,217,11,63,1,63,,,,,,,189,,
1940,,,,,213,0,,,,,,,,
1942,,,,,,,,,0,,,0,114,
1944,246,2,112,4,123,1,16,41,16,15,,47,0,
1945,237,5,68,2,63,,0,57,,,,94,,
1946,,,128,,213,0,12,41,,,,,,
1947,,,208,,,,13,,,,,,,
1948,,,212,,,,0,57,0,14,,0,178,
1949,,,192,3,,,,,,13,,,,
1950,,,127,0,123,1,,,16,,,94,0,
1951,217,11,250,1,63,,,,,,,189,,
1952,,,,,213,0,,,,,,,,
1954,,,,,,,,,0,,,0,114,
1956,168,3,127,0,123,1,20,48,15,,,20,178,
1957,,,250,1,63,,0,56,,,,0,,
1958,8,4,,,213,0,,,,,,,,
1959,88,,,,,,,,13,,,,,
1960,232,,,,,,,,,,,,,
1961,120,5,,,,,,,,,,,,
1962,246,2,84,0,123,1,,57,16,,,47,0,
1963,237,5,82,1,63,,,,,,,94,,
1964,,,,,213,0,,,,,,,,
1966,,,,,,,,,0,,,0,114,
1968,,,95,0,123,1,,,16,,,94,0,
1969,217,11,123,1,63,,,,,,,189,,
1970,,,,,213,0,,,,,,,,
1972,,,,,,,,,0,,,0,178,
1974,237,5,127,0,123,1,,,16,,,94,0,
1975,217,11,250,1,63,,,,,,,189,,
1976,,,,,213,0,,,,,,,,
1978,,,,,,,,,0,,,0,114,
1980,168,3,127,0,123,1,20,48,15,,,20,178,
1981,,,250,1,63,,0,56,,,,0,,
1982,8,4,,,213,0,,,,,,,,
1983,88,,,,,,,,13,,,,,
1984,232,,,,,,,,,,,,,
1985,120,5,,,,,,,,,,,,
1986,237,,95,0,123,1,,57,16,,,94,0,
1987,217,11,123,1,63,,,,,,,189,,
1988,,,,,213,0,,,,,,,,
1990,,,,,,,,,0,,,0,114,
1992,246,2,112,4,123,1,16,41,16,15,,47,0,
1993,237,5,68,2,63,,0,57,,,,94,,
1994,,,128,,213,0,12,41,,,,,,
1995,,,208,,,,13,,,,,,,
1996,,,212,,,,0,57,0,14,,0,178,
1997,,,192,3,,,,,,13,,,,
1998,83,3,127,0,123,1,,,16,,,53,0,
1999,167,6,250,1,63,,,,,,,106,,
2000,,,,,213,0,,,,,,,,
2002,,,,,,,,,0,,,0,114,
2004,244,3,127,0,123,1,,,16,,,63,0,
2005,232,7,250,1,63,,,,,,,126,,
2006,,,,,213,0,,,,,,,,
2008,,,,,,,,,0,,,0,178,
2010,168,3,71,0,123,1,20,48,15,,,20,114,
2011,,,28,1,63,,0,56,,,,0,,
2012,8,4,,,213,0,,,,,,,,
2013,88,,,,,,,,13,,,,,
2014,232,,,,,,,,,,,,,
2015,120,5,,,,,,,,,,,,
2016,168,3,80,0,123,1,20,48,15,,,20,178,
2017,,,63,1,63,,0,56,,,,0,,
2018,8,4,,,213,0,,,,,,,,
2019,88,,,,,,,,13,,,,,
2020,232,,,,,,,,,,,,,
2021,120,5,,,,,,,,,,,,
2022,246,2,127,0,123,1,,57,16,,,47,0,
2023,237,5,250,1,63,,,,,,,94,,
2024,,,,,213,0,,,,,,,,
2026,,,,,,,,,0,,,0,114,
2028,,,127,0,123,1,,,16,,,94,0,
2029,217,11,250,1,63,,,,,,,189,,
2030,,,,,213,0,,,,,,,,
2032,,,,,,,,,0,,,0,178,
2034,237,5,80,0,123,1,,,16,,,94,0,
2035,217,11,63,1,63,,,,,,,189,,
2036,,,,,213,0,,,,,,,,
2038,,,,,,,,,0,,,0,114,
2040,246,2,112,4,123,1,16,41,16,15,,47,0,
2041,237,5,68,2,63,,0,57,,,,94,,
2042,,,128,,213,0,12,41,,,,,,
2043,,,208,,,,13,,,,,,,
2044,,,212,,,,0,57,0,14,,0,178,
2045,,,192,3,,,,,,13,,,,
2046,,,127,0,123,1,,,16,,,94,0,
2047,217,11,250,1,63,,,,,,,189,,
2048,,,,,213,0,,,,,,,,
2050,,,,,,,,,0,,,0,114,
2052,168,3,127,0,123,1,20,48,15,,,20,178,
2053,,,250,1,63,,0,56,,,,0,,
2054,8,4,,,213,0,,,,,,,,
2055,88,,,,,,,,13,,,,,
2056,232,,,,,,,,,,,,,
2057,120,5,,,,,,,,,,,,
2058,246,2,84,0,123,1,,57,16,,,47,0,
2059,237,5,82,1,63,,,,,,,94,,
2060,,,,,213,0,,,,,,,,
2062,,,,,,,,,0,,,0,114,
2064,,,95,0,123,1,,,16,,,94,0,
2065,217,11,123,1,63,,,,,,,189,,
2066,,,,,213,0,,,,,,,,
2068,,,,,,,,,0,,,0,178,
2070,237,5,127,0,123,1,,,16,,,94,0,
2071,217,11,250,1,63,,,,,,,189,,
2072,,,,,213,0,,,,,,,,
2074,,,,,,,,,0,,,0,114,
2076,168,3,127,0,123,1,20,48,15,,,20,178,
2077,,,250,1,63,,0,56,,,,0,,
2078,8,4,,,213,0,,,,,,,,
2079,88,,,,,,,,13,,,,,
2080,232,,,,,,,,,,,,,
2081,120,5,,,,,,,,,,,,
2082,246,2,95,0,123,1,,57,16,,,47,0,
2083,237,5,123,1,63,,,,,,,94,,
2084,,,,,213,0,,,,,,,,
2086,,,,,,,,,0,,,0,114,
2088,252,4,112,4,123,1,16,41,16,15,,79,0,
2089,247,9,68,2,63,,0,57,,,,159,,
2090,,,128,,213,0,12,41,,,,,,
2091,,,208,,,,13,,,,,,,
2092,,,212,,,,0,57,0,14,,0,178,
2093,,,192,3,,,,,,13,,,,
2094,168,3,127,0,123,1,20,48,15,,,20,114,
2095,,,250,1,63,,0,56,,,,0,,
2096,8,4,,,213,0,,,,,,,,
2097,88,,,,,,,,13,,,,,
2098,232,,,,,,,,,,,,,
2099,120,5,,,,,,,,,,,,
2100,112,4,127,0,123,1,,57,16,,,71,0,
2101,224,8,250,1,63,,,,,,,142,,
2102,,,,,213,0,,,,,,,,
2104,,,,,,,,,0,,,0,178,
2106,56,2,106,0,123,1,,,16,,,35,0,
2107,112,4,170,1,63,,,,,,,71,,
2108,,,,,213,0,,,,,,,,
2110,,,,,,,,,0,,,0,114,
2112,168,3,80,0,222,1,20,48,15,,,20,178,
2113,,,63,1,123,,0,56,,,,0,,
2114,8,4,,,213,0,,,,,,,,
2115,88,,,,,,,,13,,,,,
2116,232,,,,,,,,,,,,,
2117,120,5,,,,,,,,,,,,
2118,222,1,80,0,222,1,,57,16,,,29,0,
2119,188,3,63,1,123,,,,,,,59,,
2120,,,,,213,0,,,,,,,,
2122,,,,,,,,,0,,,0,114,
2124,,,127,0,222,1,,,16,,,59,0,
2125,119,7,250,1,123,,,,,,,119,,
2126,,,,,213,0,,,,,,,,
2128,,,,,,,,,0,,,0,178,
2130,188,3,80,0,222,1,,,16,,,59,0,
2131,119,7,63,1,123,,,,,,,119,,
2132,,,,,213,0,,,,,,,,
2134,,,,,,,,,0,,,0,114,
2136,222,1,112,4,222,1,16,41,16,15,,29,0,
2137,188,3,68,2,123,,0,57,,,,59,,
2138,,,128,,213,0,12,41,,,,,,
2139,,,208,,,,13,,,,,,,
2140,,,212,,,,0,57,0,14,,0,178,
2141,,,192,3,,,,,,13,,,,
2142,,,127,0,222,1,,,16,,,59,0,
2143,119,7,250,1,123,,,,,,,119,,
2144,,,,,213,0,,,,,,,,
2146,,,,,,,,,0,,,0,114,
2148,168,3,127,0,222,1,20,48,15,,,20,178,
2149,,,250,1,123,,0,56,,,,0,,
2150,8,4,,,213,0,,,,,,,,
2151,88,,,,,,,,13,,,,,
2152,232,,,,,,,,,,,,,
2153,120,5,,,,,,,,,,,,
2154,222,1,84,0,222,1,,57,16,,,29,0,
2155,188,3,82,1,123,,,,,,,59,,
2156,,,,,213,0,,,,,,,,
2158,,,,,,,,,0,,,0,114,
2160,,,95,0,222,1,,,16,,,59,0,
2161,119,7,123,1,123,,,,,,,119,,
2162,,,,,213,0,,,,,,,,
2164,,,,,,,,,0,,,0,178,
2166,222,1,127,0,222,1,,,16,,,29,0,
2167,188,3,250,1,123,,,,,,,59,,
2168,,,,,213,0,,,,,,,,
2170,,,,,,,,,0,,,0,114,
2172,168,,127,0,222,1,20,48,15,,,20,178,
2173,,,250,1,123,,0,56,,,,0,,
2174,8,4,,,213,0,,,,,,,,
2175,88,,,,,,,,13,,,,,
2176,232,,,,,,,,,,,,,
2177,120,5,,,,,,,,,,,,
2178,188,3,95,0,222,1,,57,16,,,59,0,
2179,119,7,123,1,123,,,,,,,119,,
2180,,,,,213,0,,,,,,,,
2182,,,,,,,,,0,,,0,114,
2184,222,1,112,4,222,1,16,41,16,15,,29,0,
2185,188,3,68,2,123,,0,57,,,,59,,
2186,,,128,,213,0,12,41,,,,,,
2187,,,208,,,,13,,,,,,,
2188,,,212,,,,0,57,0,14,,0,178,
2189,,,192,3,,,,,,13,,,,
2190,,,127,0,222,1,,,16,,,59,0,
2191,119,7,250,1,123,,,,,,,119,,
2192,,,,,213,0,,,,,,,,
2194,,,,,,,,,0,,,0,114,
2196,188,3,127,0,222,1,,,16,,,59,0,
2197,119,7,250,1,123,,,,,,,119,,
2198,,,,,213,0,,,,,,,,
2200,,,,,,,,,0,,,0,178,
2202,168,3,71,0,222,1,20,48,15,,,20,114,
2203,,,28,1,123,,0,56,,,,0,,
2204,8,4,,,213,0,,,,,,,,
2205,88,,,,,,,,13,,,,,
2206,232,,,,,,,,,,,,,
2207,120,5,,,,,,,,,,,,
2208,168,3,80,0,222,1,20,48,15,,,20,178,
2209,,,63,1,123,,0,56,,,,0,,
2210,8,4,,,239,0,,,,,,,,
2211,88,,,,,,,,13,,,,,
2212,232,,,,,,,,,,,,,
2213,120,5,,,,,,,,,,,,
2214,119,7,127,0,222,1,,57,16,,,119,0,
2215,238,14,250,1,123,,,,,,,238,,
2216,,,,,239,0,,,,,,,,
2218,,,,,,,,,0,,,0,114,
2220,188,3,127,0,222,1,,,16,,,59,0,
2221,119,7,250,1,123,,,,,,,119,,
2222,,,,,239,0,,,,,,,,
2224,,,,,,,,,0,,,0,178,
2226,,,80,0,222,1,,,16,,,119,0,
2227,238,14,63,1,123,,,,,,,238,,
2228,,,,,239,0,,,,,,,,
2230,,,,,,,,,0,,,0,114,
2232,188,3,112,4,222,1,16,41,16,15,,59,0,
2233,119,7,68,2,123,,0,57,,,,119,,
2234,,,128,,239,0,12,41,,,,,,
2235,,,208,,,,13,,,,,,,
2236,,,212,,,,0,57,0,14,,0,178,
2237,,,192,3,,,,,,13,,,,
2238,,,127,0,222,1,,,16,,,119,0,
2239,238,14,250,1,123,,,,,,,238,,
2240,,,,,239,0,,,,,,,,
2242,,,,,,,,,0,,,0,114,
2244,168,3,127,0,222,1,20,48,15,,,20,178,
2245,,,250,1,123,,0,56,,,,0,,
2246,8,4,,,239,0,,,,,,,,
2247,88,,,,,,,,13,,,,,
2248,232,,,,,,,,,,,,,
2249,120,5,,,,,,,,,,,,
2250,188,3,84,0,222,1,,57,16,,,59,0,
2251,119,7,82,1,123,,,,,,,119,,
2252,,,,,239,0,,,,,,,,
2254,,,,,,,,,0,,,0,114,
2256,,,95,0,222,1,,,16,,,119,0,
2257,238,14,123,1,123,,,,,,,238,,
2258,,,,,239,0,,,,,,,,
2260,,,,,,,,,0,,,0,178,
2262,188,3,127,0,222,1,,,16,,,59,0,
2263,119,7,250,1,123,,,,,,,119,,
2264,,,,,239,0,,,,,,,,
2266,,,,,,,,,0,,,0,114,
2268,168,3,127,0,222,1,20,48,15,,,20,178,
2269,,,250,1,123,,0,56,,,,0,,
2270,8,4,,,239,0,,,,,,,,
2271,88,,,,,,,,13,,,,,
2272,232,,,,,,,,,,,,,
2273,120,5,,,,,,,,,,,,
2274,49,4,95,0,222,1,,57,16,,,67,0,
2275,97,8,123,1,123,,,,,,,134,,
2276,,,,,239,0,,,,,,,,
2278,,,,,,,,,0,,,0,114,
2280,188,3,112,4,222,1,16,41,16,15,,59,0,
2281,119,7,68,2,123,,0,57,,,,119,,
2282,,,128,,239,0,12,41,,,,,,
2283,,,208,,,,13,,,,,,,
2284,,,212,,,,0,57,0,14,,0,178,
2285,,,192,3,,,,,,13,,,,
2286,168,3,127,0,222,1,20,48,15,,,20,114,
2287,,,250,1,123,,0,56,,,,0,,
2288,8,4,,,239,0,,,,,,,,
2289,88,,,,,,,,13,,,,,
2290,232,,,,,,,,,,,,,
2291,120,5,,,,,,,,,,,,
2292,188,3,127,0,222,1,,57,16,,,59,0,
2293,119,7,250,1,123,,,,,,,119,,
2294,,,,,239,0,,,,,,,,
2296,,,,,,,,,0,,,0,178,
2298,,,112,4,222,1,16,41,16,15,,119,0,
2299,238,14,68,2,123,,0,57,,,,238,,
2300,,,128,,239,0,12,41,,,,,,
2301,,,208,,,,13,,,,,,,
2302,,,212,,,,0,57,0,14,,0,178,
2303,,,192,3,,,,,,13,,,,
2304,168,3,80,0,123,1,20,48,15,,,20,,
2305,,,63,1,63,,0,56,,,,0,,
2306,8,4,,,213,0,,,,,,,,
2307,88,,,,,,,,13,,,,,
2308,232,,,,,,,,,,,,,
2309,120,5,,,,,,,,,,,,
2310,246,2,80,0,123,1,,57,16,,,47,0,
2311,237,5,63,1,63,,,,,,,94,,
2312,,,,,213,0,,,,,,,,
2314,,,,,,,,,0,,,0,114,
2316,,,127,0,123,1,,,16,,,94,0,
2317,217,11,250,1,63,,,,,,,189,,
2318,,,,,213,0,,,,,,,,
2320,,,,,,,,,0,,,0,178,
2322,237,5,80,0,123,1,,,16,,,94,0,
2323,217,11,63,1,63,,,,,,,189,,
2324,,,,,213,0,,,,,,,,
2326,,,,,,,,,0,,,0,114,
2328,246,2,112,4,123,1,16,41,16,15,,47,0,
2329,237,5,68,2,63,,0,57,,,,94,,
2330,,,128,,213,0,12,41,,,,,,
2331,,,208,,,,13,,,,,,,
2332,,,212,,,,0,57,0,14,,0,178,
2333,,,192,3,,,,,,13,,,,
2334,,,127,0,123,1,,,16,,,94,0,
2335,217,11,250,1,63,,,,,,,189,,
2336,,,,,213,0,,,,,,,,
2338,,,,,,,,,0,,,0,114,
2340,168,3,127,0,123,1,20,48,15,,,20,178,
2341,,,250,1,63,,0,56,,,,0,,
2342,8,4,,,213,0,,,,,,,,
2343,88,,,,,,,,13,,,,,
2344,232,,,,,,,,,,,,,
2345,120,5,,,,,,,,,,,,
2346,246,2,84,0,123,1,,57,16,,,47,0,
2347,237,5,82,1,63,,,,,,,94,,
2348,,,,,213,0,,,,,,,,
2350,,,,,,,,,0,,,0,114,
2352,,,95,0,123,1,,,16,,,94,0,
2353,217,11,123,1,63,,,,,,,189,,
2354,,,,,213,0,,,,,,,,
2356,,,,,,,,,0,,,0,178,
2358,237,5,127,0,123,1,,,16,,,94,0,
2359,217,11,250,1,63,,,,,,,189,,
2360,,,,,213,0,,,,,,,,
2362,,,,,,,,,0,,,0,114,
2364,168,3,127,0,123,1,20,48,15,,,20,178,
2365,,,250,1,63,,0,56,,,,0,,
2366,8,4,,,213,0,,,,,,,,
2367,88,,,,,,,,13,,,,,
2368,232,,,,,,,,,,,,,
2369,120,5,,,,,,,,,,,,
2370,237,,95,0,123,1,,57,16,,,94,0,
2371,217,11,123,1,63,,,,,,,189,,
2372,,,,,213,0,,,,,,,,
2374,,,,,,,,,0,,,0,114,
2376,246,2,112,4,123,1,16,41,16,15,,47,0,
2377,237,5,68,2,63,,0,57,,,,94,,
2378,,,128,,213,0,12,41,,,,,,
2379,,,208,,,,13,,,,,,,
2380,,,212,,,,0,57,0,14,,0,178,
2381,,,192,3,,,,,,13,,,,
2382,83,3,127,0,123,1,,,16,,,53,0,
2383,167,6,250,1,63,,,,,,,106,,
2384,,,,,213,0,,,,,,,,
2386,,,,,,,,,0,,,0,114,
2388,244,3,127,0,123,1,,,16,,,63,0,
2389,232,7,250,1,63,,,,,,,126,,
2390,,,,,213,0,,,,,,,,
2392,,,,,,,,,0,,,0,178,
2394,168,3,71,0,123,1,20,48,15,,,20,114,
2395,,,28,1,63,,0,56,,,,0,,
2396,8,4,,,213,0,,,,,,,,
2397,88,,,,,,,,13,,,,,
2398,232,,,,,,,,,,,,,
2399,120,5,,,,,,,,,,,,
2400,168,3,80,0,123,1,20,48,15,,,20,178,
2401,,,63,1,63,,0,56,,,,0,,
2402,8,4,,,213,0,,,,,,,,
2403,88,,,,,,,,13,,,,,
2404,232,,,,,,,,,,,,,
2405,120,5,,,,,,,,,,,,
2406,246,2,127,0,123,1,,57,16,,,47,0,
2407,237,5,250,1,63,,,,,,,94,,
2408,,,,,213,0,,,,,,,,
2410,,,,,,,,,0,,,0,114,
2412,,,127,0,123,1,,,16,,,94,0,
2413,217,11,250,1,63,,,,,,,189,,
2414,,,,,213,0,,,,,,,,
2416,,,,,,,,,0,,,0,178,
2418,237,5,80,0,123,1,,,16,,,94,0,
2419,217,11,63,1,63,,,,,,,189,,
2420,,,,,213,0,,,,,,,,
2422,,,,,,,,,0,,,0,114,
2424,246,2,112,4,123,1,16,41,16,15,,47,0,
2425,237,5,68,2,63,,0,57,,,,94,,
2426,,,128,,213,0,12,41,,,,,,
2427,,,208,,,,13,,,,,,,
2428,,,212,,,,0,57,0,14,,0,178,
2429,,,192,3,,,,,,13,,,,
2430,,,127,0,123,1,,,16,,,94,0,
2431,217,11,250,1,63,,,,,,,189,,
2432,,,,,213,0,,,,,,,,
2434,,,,,,,,,0,,,0,114,
2436,168,3,127,0,123,1,20,48,15,,,20,178,
2437,,,250,1,63,,0,56,,,,0,,
2438,8,4,,,213,0,,,,,,,,
2439,88,,,,,,,,13,,,,,
2440,232,,,,,,,,,,,,,
2441,120,5,,,,,,,,,,,,
2442,246,2,84,0,123,1,,57,16,,,47,0,
2443,237,5,82,1,63,,,,,,,94,,
2444,,,,,213,0,,,,,,,,
2446,,,,,,,,,0,,,0,114,
2448,,,95,0,123,1,,,16,,,94,0,
2449,217,11,123,1,63,,,,,,,189,,
2450,,,,,213,0,,,,,,,,
2452,,,,,,,,,0,,,0,178,
2454,237,5,127,0,123,1,,,16,,,94,0,
2455,217,11,250,1,63,,,,,,,189,,
2456,,,,,213,0,,,,,,,,
2458,,,,,,,,,0,,,0,114,
2460,168,3,127,0,123,1,20,48,15,,,20,178,
2461,,,250,1,63,,0,56,,,,0,,
2462,8,4,,,213,0,,,,,,,,
2463,88,,,,,,,,13,,,,,
2464,232,,,,,,,,,,,,,
2465,120,5,,,,,,,,,,,,
2466,246,2,95,0,123,1,,57,16,,,47,0,
2467,237,5,123,1,63,,,,,,,94,,
2468,,,,,213,0,,,,,,,,
2470,,,,,,,,,0,,,0,114,
2472,252,4,112,4,123,1,16,41,16,15,,79,0,
2473,247,9,68,2,63,,0,57,,,,159,,
2474,,,128,,213,0,12,41,,,,,,
2475,,,208,,,,13,,,,,,,
2476,,,212,,,,0,57,0,14,,0,178,
2477,,,192,3,,,,,,13,,,,
2478,168,3,127,0,123,1,20,48,15,,,20,114,
2479,,,250,1,63,,0,56,,,,0,,
2480,8,4,,,213,0,,,,,,,,
2481,88,,,,,,,,13,,,,,
2482,232,,,,,,,,,,,,,
2483,120,5,,,,,,,,,,,,
2484,112,4,127,0,123,1,,57,16,,,71,0,
2485,224,8,250,1,63,,,,,,,142,,
2486,,,,,213,0,,,,,,,,
2488,,,,,,,,,0,,,0,178,
2490,56,2,106,0,123,1,,,16,,,35,0,
2491,112,4,170,1,63,,,,,,,71,,
2492,,,,,213,0,,,,,,,,
2494,,,,,,,,,0,,,0,114,
2496,168,3,80,0,222,1,20,48,15,,,20,178,
2497,,,63,1,123,,0,56,,,,0,,
2498,8,4,,,213,0,,,,,,,,
2499,88,,,,,,,,13,,,,,
2500,232,,,,,,,,,,,,,
2501,120,5,,,,,,,,,,,,
2502,222,1,80,0,222,1,,57,16,,,29,0,
2503,188,3,63,1,123,,,,,,,59,,
2504,,,,,213,0,,,,,,,,
2506,,,,,,,,,0,,,0,114,
2508,,,127,0,222,1,,,16,,,59,0,
2509,119,7,250,1,123,,,,,,,119,,
2510,,,,,213,0,,,,,,,,
2512,,,,,,,,,0,,,0,178,
2514,188,3,80,0,222,1,,,16,,,59,0,
2515,119,7,63,1,123,,,,,,,119,,
2516,,,,,213,0,,,,,,,,
2518,,,,,,,,,0,,,0,114,
2520,222,1,112,4,222,1,16,41,16,15,,29,0,
2521,188,3,68,2,123,,0,57,,,,59,,
2522,,,128,,213,0,12,41,,,,,,
2523,,,208,,,,13,,,,,,,
2524,,,212,,,,0,57,0,14,,0,178,
2525,,,192,3,,,,,,13,,,,
2526,,,127,0,222,1,,,16,,,59,0,
2527,119,7,250,1,123,,,,,,,119,,
2528,,,,,213,0,,,,,,,,
2530,,,,,,,,,0,,,0,114,
2532,168,3,127,0,222,1,20,48,15,,,20,178,
2533,,,250,1,123,,0,56,,,,0,,
2534,8,4,,,213,0,,,,,,,,
2535,88,,,,,,,,13,,,,,
2536,232,,,,,,,,,,,,,
2537,120,5,,,,,,,,,,,,
2538,222,1,84,0,222,1,,57,16,,,29,0,
2539,188,3,82,1,123,,,,,,,59,,
2540,,,,,213,0,,,,,,,,
2542,,,,,,,,,0,,,0,114,
2544,,,95,0,222,1,,,16,,,59,0,
2545,119,7,123,1,123,,,,,,,119,,
2546,,,,,213,0,,,,,,,,
2548,,,,,,,,,0,,,0,178,
2550,222,1,127,0,222,1,,,16,,,29,0,
2551,188,3,250,1,123,,,,,,,59,,
2552,,,,,213,0,,,,,,,,
2554,,,,,,,,,0,,,0,114,
2556,168,,127,0,222,1,20,48,15,,,20,178,
2557,,,250,1,123,,0,56,,,,0,,
2558,8,4,,,213,0,,,,,,,,
2559,88,,,,,,,,13,,,,,
2560,232,,,,,,,,,,,,,
2561,120,5,,,,,,,,,,,,
2562,188,3,95,0,222,1,,57,16,,,59,0,
2563,119,7,123,1,123,,,,,,,119,,
2564,,,,,213,0,,,,,,,,
2566,,,,,,,,,0,,,0,114,
2568,222,1,112,4,222,1,16,41,16,15,,29,0,
2569,188,3,68,2,123,,0,57,,,,59,,
2570,,,128,,213,0,12,41,,,,,,
2571,,,208,,,,13,,,,,,,
2572,,,212,,,,0,57,0,14,,0,178,
2573,,,192,3,,,,,,13,,,,
2574,,,127,0,222,1,,,16,,,59,0,
2575,119,7,250,1,123,,,,,,,119,,
2576,,,,,213,0,,,,,,,,
2578,,,,,,,,,0,,,0,114,
2580,188,3,127,0,222,1,,,16,,,59,0,
2581,119,7,250,1,123,,,,,,,119,,
2582,,,,,213,0,,,,,,,,
2584,,,,,,,,,0,,,0,178,
2586,168,3,71,0,222,1,20,48,15,,,20,114,
2587,,,28,1,123,,0,56,,,,0,,
2588,8,4,,,213,0,,,,,,,,
2589,88,,,,,,,,13,,,,,
2590,232,,,,,,,,,,,,,
2591,120,5,,,,,,,,,,,,
2592,168,3,80,0,222,1,20,48,15,,,20,178,
2593,,,63,1,123,,0,56,,,,0,,
2594,8,4,,,239,0,,,,,,,,
2595,88,,,,,,,,13,,,,,
2596,232,,,,,,,,,,,,,
2597,120,5,,,,,,,,,,,,
2598,119,7,127,0,222,1,,57,16,,,119,0,
2599,238,14,250,1,123,,,,,,,238,,
2600,,,,,239,0,,,,,,,,
2602,,,,,,,,,0,,,0,114,
2604,188,3,127,0,222,1,,,16,,,59,0,
2605,119,7,250,1,123,,,,,,,119,,
2606,,,,,239,0,,,,,,,,
2608,,,,,,,,,0,,,0,178,
2610,,,80,0,222,1,,,16,,,119,0,
2611,238,14,63,1,123,,,,,,,238,,
2612,,,,,239,0,,,,,,,,
2614,,,,,,,,,0,,,0,114,
2616,188,3,112,4,222,1,16,41,16,15,,59,0,
2617,119,7,68,2,123,,0,57,,,,119,,
2618,,,128,,239,0,12,41,,,,,,
2619,,,208,,,,13,,,,,,,
2620,,,212,,,,0,57,0,14,,0,178,
2621,,,192,3,,,,,,13,,,,
2622,,,127,0,222,1,,,16,,,119,0,
2623,238,14,250,1,123,,,,,,,238,,
2624,,,,,239,0,,,,,,,,
2626,,,,,,,,,0,,,0,114,
2628,168,3,127,0,222,1,20,48,15,,,20,178,
2629,,,250,1,123,,0,56,,,,0,,
2630,8,4,,,239,0,,,,,,,,
2631,88,,,,,,,,13,,,,,
2632,232,,,,,,,,,,,,,
2633,120,5,,,,,,,,,,,,
2634,188,3,84,0,222,1,,57,16,,,59,0,
2635,119,7,82,1,123,,,,,,,119,,
2636,,,,,239,0,,,,,,,,
2638,,,,,,,,,0,,,0,114,
2640,,,95,0,222,1,,,16,,,119,0,
2641,238,14,123,1,123,,,,,,,238,,
2642,,,,,239,0,,,,,,,,
2644,,,,,,,,,0,,,0,178,
2646,188,3,127,0,222,1,,,16,,,59,0,
2647,119,7,250,1,123,,,,,,,119,,
2648,,,,,239,0,,,,,,,,
2650,,,,,,,,,0,,,0,114,
2652,168,3,127,0,222,1,20,48,15,,,20,178,
2653,,,250,1,123,,0,56,,,,0,,
2654,8,4,,,239,0,,,,,,,,
2655,88,,,,,,,,13,,,,,
2656,232,,,,,,,,,,,,,
2657,120,5,,,,,,,,,,,,
2658,49,4,95,0,222,1,,57,16,,,67,0,
2659,97,8,123,1,123,,,,,,,134,,
2660,,,,,239,0,,,,,,,,
2662,,,,,,,,,0,,,0,114,
2664,188,3,112,4,222,1,16,41,16,15,,59,0,
2665,119,7,68,2,123,,0,57,,,,119,,
2666,,,128,,239,0,12,41,,,,,,
2667,,,208,,,,13,,,,,,,
2668,,,212,,,,0,57,0,14,,0,178,
2669,,,192,3,,,,,,13,,,,
2670,168,3,127,0,222,1,20,48,15,,,20,114,
2671,,,250,1,123,,0,56,,,,0,,
2672,8,4,,,239,0,,,,,,,,
2673,88,,,,,,,,13,,,,,
2674,232,,,,,,,,,,,,,
2675,120,5,,,,,,,,,,,,
2676,188,3,127,0,222,1,,57,16,,,59,0,
2677,119,7,250,1,123,,,,,,,119,,
2678,,,,,239,0,,,,,,,,
2680,,,,,,,,,0,,,0,178,
2682,,,112,4,222,1,16,41,16,15,,119,0,
2683,238,14,68,2,123,,0,57,,,,238,,
2684,,,128,,239,0,12,41,,,,,,
2685,,,208,,,,13,,,,,,,
2686,,,212,,,,0,57,0,14,,0,178,
2687,,,192,3,,,,,,13,,,,
2688,168,3,123,1,123,1,20,48,15,,,20,,
2689,,,63,,,,0,56,,,,0,,
2690,8,4,213,0,,,,,,,,,,
2691,88,,,,,,,,13,,,,,
2692,232,,,,,,,,,,,,,
2693,120,5,,,,,,,,,,,,
2694,246,2,80,,,,,57,16,,,47,0,
2695,237,5,63,1,,,,,,,,94,,
2698,,,,,,,,,0,,,0,114,
2700,,,127,0,,,,,16,,,94,0,
2701,217,11,250,1,,,,,,,,189,,
2704,,,,,,,,,0,,,0,178,
2706,237,5,123,,,,,,16,,,94,0,
2707,217,11,63,,,,,,,,,189,,
2708,,,213,0,,,,,,,,,,
2710,,,,,,,,,0,,,0,146,
2712,246,2,112,4,120,,16,41,16,15,,47,0,
2713,237,5,68,2,123,,0,57,,,,94,,
2714,,,128,,125,,12,41,,,,,,
2715,,,208,,126,,13,,,,,,,
2716,,,212,,,,3,57,0,14,,3,186,
2717,,,192,3,125,,2,,,13,,2,198,
2718,,,127,0,123,,0,,16,,,94,0,
2719,217,11,250,1,120,,29,,,,,189,,
2720,,,,,119,,28,,,,,,,
2722,,,,,120,,29,,0,,,253,2,
2723,,,,,123,,0,,,,,0,150,
2724,168,3,123,,125,,20,48,15,,,20,162,
2725,,,63,,126,,3,56,,,,3,174,
2726,8,4,213,0,,,,,,,,,186,
2727,88,,,,125,,2,,13,,,2,198,
2728,232,,,,123,,0,,,,,0,210,
2729,120,5,,,120,,29,,,,,253,222,
2730,246,2,84,,119,,28,57,16,,,47,0,
2731,237,5,82,1,,,,,,,,94,,
2732,,,,,120,,29,,,,,,,
2733,,,,,123,,0,,,,,,,
2734,,,,,125,,2,,0,,,2,162,
2735,,,,,126,,3,,,,,3,174,
2736,,,95,0,,,,,16,,,94,0,
2737,217,11,123,1,125,,2,,,,,189,,
2738,,,,,123,,0,,,,,,,
2739,,,,,120,,29,,,,,,,
2740,,,,,119,,28,,0,,,252,234,
2741,,,,,,,,,,,,,246,
2742,237,5,,,120,,29,,16,,,94,0,
2743,217,11,63,,123,,0,,,,,189,,
2744,,,213,0,125,,2,,,,,,,
2745,,,,,126,,3,,,,,,,
2746,,,,,,,,,0,,,3,186,
2747,,,,,125,,2,,,,,2,198,
2748,168,3,127,,123,,20,48,15,,,20,178,
2749,,,250,1,,,0,56,,,,0,,
2750,8,4,,,,,,,,,,,,
2751,88,,,,,,,,13,,,,,
2752,232,,,,,,,,,,,,,
2753,120,5,,,,,,,,,,,,
2754,237,,95,0,,,,57,16,,,94,0,
2755,217,11,123,1,,,,,,,,189,,
2758,,,,,,,,,0,,,0,114,
2760,246,2,112,4,82,,16,41,16,15,,47,0,
2761,237,5,68,2,,,0,57,,,,94,,
2762,,,128,,,,12,41,,,,,,
2763,,,208,,,,13,,,,,,,
2764,,,212,,,,0,57,0,14,,0,178,
2765,,,192,3,,,,,,13,,,,
2766,83,3,123,1,,,,,16,,,53,0,
2767,167,6,63,,,,,,,,,106,,
2768,,,213,0,,,,,,,,,,
2770,,,,,,,,,0,,,0,178,
2772,244,3,127,,,,,,16,,,63,0,
2773,232,7,250,1,79,,,,,,,126,,
2774,,,,,76,,,,,,,,,
2775,,,,,73,,,,,,,,,
2776,,,,,70,,,,0,,,0,178,
2777,,,,,67,,,,,,,,,
2778,168,3,123,,64,,20,48,15,,,20,146,
2779,,,63,,63,,0,56,,,,0,,
2780,8,4,213,0,,,,,,,,,,
2781,88,,,,,,,,13,,,,,
2782,232,,,,,,,,,,,,,
2783,120,5,,,,,,,,,,,,
2784,168,3,123,1,,,20,48,15,,,20,210,
2785,,,63,,60,,29,56,,,,253,222,
2786,8,4,213,0,59,,28,,,,,252,234,
2787,88,,,,,,,,13,,,,246,
2788,232,,,,60,,29,,,,,253,2,
2789,120,5,,,63,,0,,,,,0,150,
2790,246,2,127,,65,,2,57,16,,,47,0,
2791,237,5,250,1,66,,3,,,,,94,,
2793,,,,,65,,2,,,,,,,
2794,,,,,63,,0,,0,,,0,210,
2795,,,,,60,,29,,,,,253,222,
2796,,,127,0,82,,0,,16,,,94,0,
2797,217,11,250,1,,,,,,,,189,,
2800,,,,,,,,,0,,,0,178,
2802,237,5,123,,,,,,16,,,94,0,
2803,217,11,63,,,,,,,,,189,,
2804,,,213,0,,,,,,,,,,
2806,,,,,,,,,0,,,0,146,
2808,246,2,112,4,123,,16,41,16,15,,47,0,
2809,237,5,68,2,,,0,57,,,,94,,
2810,,,128,,,,12,41,,,,,,
2811,,,208,,,,13,,,,,,,
2812,,,212,,,,0,57,0,14,,0,178,
2813,,,192,3,,,,,,13,,,,
2814,,,127,0,,,,,16,,,94,0,
2815,217,11,250,1,,,,,,,,189,,
2818,,,,,,,,,0,,,0,114,
2820,168,3,123,,250,,20,48,15,,,20,,
2821,,,63,,,,0,56,,,,0,,
2822,8,4,213,0,,,,,,,,,,
2823,88,,,,,,,,13,,,,,
2824,232,,,,,,,,,,,,,
2825,120,5,,,,,,,,,,,,
2826,246,2,84,,,,,57,16,,,47,0,
2827,237,5,82,1,,,,,,,,94,,
2830,,,,,,,,,0,,,0,114,
2832,,,95,0,,,,,16,,,94,0,
2833,217,11,123,1,,,,,,,,189,,
2836,,,,,,,,,0,,,0,178,
2838,237,5,,,,,,,16,,,94,0,
2839,217,11,63,,,,,,,,,189,,
2840,,,213,0,,,,,,,,,,
2842,,,,,,,,,0,,,0,82,
2844,168,3,127,,123,,20,48,15,,,20,178,
2845,,,250,1,,,0,56,,,,0,,
2846,8,4,,,,,,,,,,,,
2847,88,,,,,,,,13,,,,,
2848,232,,,,,,,,,,,,,
2849,120,5,,,,,,,,,,,,
2850,246,2,95,0,,,,57,16,,,47,0,
2851,237,5,123,1,,,,,,,,94,,
2854,,,,,,,,,0,,,0,114,
2856,252,4,112,4,,,16,41,16,15,,79,0,
2857,247,9,68,2,,,0,57,,,,159,,
2858,,,128,,,,12,41,,,,,,
2859,,,208,,,,13,,,,,,,
2860,,,212,,,,0,57,0,14,,0,178,
2861,,,192,3,,,,,,13,,,,
2862,168,3,123,1,124,,20,48,15,,,20,50,
2863,,,63,,126,,0,56,,,,0,,
2864,8,4,213,0,128,,,,,,,,,
2865,88,,,,130,,,,13,,,,,
2866,232,,,,132,,,,,,,,,
2867,120,5,,,134,,,,,,,,,
2868,112,4,127,,136,,,57,16,,,71,0,
2869,224,8,250,1,138,,,,,,,142,,
2870,,,,,140,,,,,,,,,
2871,,,,,142,,,,,,,,,
2872,,,,,144,,,,0,,,0,178,
2873,,,,,146,,,,,,,,,
2874,56,2,123,,148,,,,16,,,35,0,
2875,112,4,63,,150,,,,,,,71,,
2876,,,213,0,152,,,,,,,,,
2877,,,,,154,,,,,,,,,
2878,,,,,156,,,,0,,,0,114,
2879,,,,,158,,,,,,,,,
2880,168,3,222,1,170,,20,48,15,,,20,178,
2881,,,123,,,,0,56,,,,0,,
2882,8,4,213,0,,,,,,,,,,
2883,88,,,,,,,,13,,,,,
2884,232,,,,,,,,,,,,,
2885,120,5,,,,,,,,,,,,
2886,222,1,80,,,,,57,16,,,29,0,
2887,188,3,63,1,,,,,,,,59,,
2890,,,,,,,,,0,,,0,114,
2892,,,127,0,,,,,16,,,59,0,
2893,119,7,250,1,,,,,,,,119,,
2896,,,,,,,,,0,,,0,178,
2898,188,3,222,,166,,28,,16,,,59,0,
2899,119,7,123,,,,,,,,,119,,
2900,,,213,0,167,,29,,,,,,,
2901,,,,,170,,0,,,,,,,
2902,,,,,172,,2,,0,,,2,162,
2903,,,,,173,,3,,,,,3,174,
2904,222,1,112,4,,,16,41,16,15,,29,0,
2905,188,3,68,2,172,,2,57,,,,59,,
2906,,,128,,170,,12,41,,,,,,
2907,,,208,,167,,13,,,,,,,
2908,,,212,,166,,28,57,0,14,,252,234,
2909,,,192,3,,,,,,13,,,246,
2910,,,127,0,167,,29,,16,,,59,0,
2911,119,7,250,1,170,,0,,,,,119,,
2912,,,,,172,,2,,,,,,,
2913,,,,,173,,3,,,,,,,
2914,,,,,,,,,0,,,3,186,
2915,,,,,172,,2,,,,,2,198,
2916,168,3,222,,222,,20,48,15,,,20,114,
2917,,,123,,,,0,56,,,,0,,
2918,8,4,213,0,,,,,,,,,,
2919,88,,,,,,,,13,,,,,
2920,232,,,,,,,,,,,,,
2921,120,5,,,,,,,,,,,,
2922,222,1,84,,,,,57,16,,,29,0,
2923,188,3,82,1,,,,,,,,59,,
2926,,,,,,,,,0,,,0,114,
2928,,,95,0,,,,,16,,,59,0,
2929,119,7,123,1,,,,,,,,119,,
2932,,,,,,,,,0,,,0,178,
2934,222,1,222,,,,,,16,,,29,0,
2935,188,3,123,,219,,29,,,,,59,,
2936,,,213,0,218,,28,,,,,,,
2938,,,,,219,,29,,0,,,253,2,
2939,,,,,222,,0,,,,,0,150,
2940,168,,127,,224,,20,48,15,,,20,162,
2941,,,250,1,225,,3,56,,,,3,174,
2942,8,4,,,,,,,,,,,186,
2943,88,,,,224,,2,,13,,,2,198,
2944,232,,,,222,,0,,,,,0,210,
2945,120,5,,,219,,29,,,,,253,222,
2946,188,3,95,0,218,,28,57,16,,,59,0,
2947,119,7,123,1,,,,,,,,119,,
2948,,,,,219,,29,,,,,,,
2949,,,,,222,,0,,,,,,,
2950,,,,,224,,2,,0,,,2,162,
2951,,,,,225,,3,,,,,3,174,
2952,222,1,112,4,126,2,16,41,16,15,,29,0,
2953,188,3,68,2,,,0,57,,,,59,,
2954,,,128,,,,12,41,,,,,,
2955,,,208,,,,13,,,,,,,
2956,,,212,,,,0,57,0,14,,0,178,
2957,,,192,3,,,,,,13,,,,
2958,,,222,1,,,,,16,,,59,0,
2959,119,7,123,,,,,,,,,119,,
2960,,,213,0,,,,,,,,,,
2962,,,,,,,,,0,,,0,50,
2964,188,3,127,,,,,,16,,,59,0,
2965,119,7,250,1,,,,,,,,119,,
2968,,,,,,,,,0,,,0,178,
2970,168,3,222,,,,20,48,15,,,20,146,
2971,,,123,,,,0,56,,,,0,,
2972,8,4,213,0,,,,,,,,,,
2973,88,,,,,,,,13,,,,,
2974,232,,,,,,,,,,,,,
2975,120,5,,,,,,,,,,,,
2976,168,3,222,1,129,,20,48,15,,,20,186,
2977,,,123,,128,,2,56,,,,2,198,
2978,8,4,239,0,126,,0,,,,,0,210,
2979,88,,,,123,,29,,13,,,253,222,
2980,232,,,,122,,28,,,,,252,234,
2981,120,5,,,,,,,,,,,246,
2982,119,7,127,,123,,29,57,16,,,119,0,
2983,238,14,250,1,126,,0,,,,,238,,
2984,,,,,128,,2,,,,,,,
2985,,,,,129,,3,,,,,,,
2986,,,,,,,,,0,,,3,186,
2987,,,,,128,,2,,,,,2,198,
2988,188,3,127,0,126,,0,,16,,,59,0,
2989,119,7,250,1,123,,29,,,,,119,,
2990,,,,,122,,28,,,,,,,
2992,,,,,123,,29,,0,,,253,2,
2993,,,,,126,,0,,,,,0,150,
2994,,,222,,128,,2,,16,,,119,0,
2995,238,14,123,,129,,3,,,,,238,,
2996,,,239,0,,,,,,,,,,
2997,,,,,128,,2,,,,,,,
2998,,,,,126,,0,,0,,,0,210,
2999,,,,,123,,29,,,,,253,222,
3000,188,3,112,4,122,,16,41,16,15,,59,0,
3001,119,7,68,2,,,28,57,,,,119,,
3002,,,128,,123,,12,41,,,,,,
3003,,,208,,126,,13,,,,,,,
3004,,,212,,128,,2,57,0,14,,2,162,
3005,,,192,3,129,,3,,,13,,3,174,
3006,,,127,0,,,,,16,,,119,0,
3007,238,14,250,1,128,,2,,,,,238,,
3008,,,,,126,,0,,,,,,,
3009,,,,,123,,29,,,,,,,
3010,,,,,122,,28,,0,,,252,234,
3011,,,,,,,,,,,,,246,
3012,168,3,222,,123,,20,48,15,,,20,2,
3013,,,123,,126,,0,56,,,,0,150,
3014,8,4,239,0,128,,2,,,,,2,162,
3015,88,,,,129,,3,,13,,,3,174,
3016,232,,,,,,,,,,,,186,
3017,120,5,,,128,,2,,,,,2,198,
3018,188,3,84,,126,,0,57,16,,,59,0,
3019,119,7,82,1,123,,29,,,,,119,,
3020,,,,,122,,28,,,,,,,
3022,,,,,123,,29,,0,,,253,2,
3023,,,,,126,,0,,,,,0,150,
3024,,,95,0,128,,2,,16,,,119,0,
3025,238,14,123,1,129,,3,,,,,238,,
3027,,,,,128,,2,,,,,,,
3028,,,,,126,,0,,0,,,0,210,
3029,,,,,123,,29,,,,,253,222,
3030,188,3,222,,122,,28,,16,,,59,0,
3031,119,7,123,,,,,,,,,119,,
3032,,,239,0,123,,29,,,,,,,
3033,,,,,126,,0,,,,,,,
3034,,,,,128,,2,,0,,,2,162,
3035,,,,,129,,3,,,,,3,174,
3036,168,3,127,,126,,20,48,15,,,20,178,
3037,,,250,1,,,0,56,,,,0,,
3038,8,4,,,,,,,,,,,,
3039,88,,,,,,,,13,,,,,
3040,232,,,,,,,,,,,,,
3041,120,5,,,,,,,,,,,,
3042,49,4,95,0,,,,57,16,,,67,0,
3043,97,8,123,1,,,,,,,,134,,
3046,,,,,,,,,0,,,0,114,
3048,188,3,112,4,,,16,41,16,15,,59,0,
3049,119,7,68,2,,,0,57,,,,119,,
3050,,,128,,,,12,41,,,,,,
3051,,,208,,,,13,,,,,,,
3052,,,212,,,,0,57,0,14,,0,178,
3053,,,192,3,,,,,,13,,,,
3054,168,3,222,1,56,,20,48,15,,,20,50,
3055,,,123,,,,0,56,,,,0,,
3056,8,4,239,0,,,,,,,,,,
3057,88,,,,,,,,13,,,,,
3058,232,,,,,,,,,,,,,
3059,120,5,,,,,,,,,,,,
3060,188,3,127,,,,,57,16,,,59,0,
3061,119,7,250,1,,,,,,,,119,,
3064,,,,,,,,,0,,,0,178,
3066,,,222,,,,,,16,,,119,0,
3067,238,14,123,,,,,,,,,238,,
3068,,,239,0,,,,,,,,,,
3070,,,,,,,,,0,,,0,114,
3072,168,3,123,1,253,0,20,48,15,,,20,178,
3073,,,63,,,,0,56,,,,0,,
3074,8,4,213,0,,,,,,,,,,
3075,88,,,,,,,,13,,,,,
3076,232,,,,,,,,,,,,,
3077,120,5,,,,,,,,,,,,
3078,246,2,80,,,,,57,16,,,47,0,
3079,237,5,63,1,,,,,,,,94,,
3082,,,,,,,,,0,,,0,114,
3084,,,127,0,,,,,16,,,94,0,
3085,217,11,250,1,,,,,,,,189,,
3088,,,,,,,,,0,,,0,178,
3090,237,5,123,,0,1,3,,16,,,94,0,
3091,217,11,63,,255,0,2,,,,,189,,
3092,,,213,0,253,,0,,,,,,,
3093,,,,,250,,29,,,,,,,
3094,,,,,249,,28,,0,,,252,234,
3095,,,,,,,,,,,,,246,
3096,246,2,112,4,250,,16,41,16,15,,47,0,
3097,237,5,68,2,253,,0,57,,,,94,,
3098,,,128,,255,,12,41,,,,,,
3099,,,208,,0,1,13,,,,,,,
3100,,,212,,,,3,57,0,14,,3,186,
3101,,,192,3,255,0,2,,,13,,2,198,
3102,,,127,0,253,,0,,16,,,94,0,
3103,217,11,250,1,250,,29,,,,,189,,
3104,,,,,249,,28,,,,,,,
3106,,,,,250,,29,,0,,,253,2,
3107,,,,,253,,0,,,,,0,150,
3108,168,3,123,,28,1,20,48,15,,,20,114,
3109,,,63,,,,0,56,,,,0,,
3110,8,4,213,0,,,,,,,,,,
3111,88,,,,,,,,13,,,,,
3112,232,,,,,,,,,,,,,
3113,120,5,,,,,,,,,,,,
3114,246,2,84,,,,,57,16,,,47,0,
3115,237,5,82,1,,,,,,,,94,,
3118,,,,,,,,,0,,,0,114,
3120,,,95,0,,,,,16,,,94,0,
3121,217,11,123,1,,,,,,,,189,,
3124,,,,,,,,,0,,,0,178,
3126,237,5,,,29,,,,16,,,94,0,
3127,217,11,63,,30,,,,,,,189,,
3128,,,213,0,31,,,,,,,,,
3129,,,,,32,,,,,,,,,
3130,,,,,33,,,,0,,,0,82,
3131,,,,,34,,,,,,,,,
3132,168,3,127,,35,,20,48,15,,,20,178,
3133,,,250,1,36,,0,56,,,,0,,
3134,8,4,,,37,,,,,,,,,
3135,88,,,,38,,,,13,,,,,
3136,232,,,,39,,,,,,,,,
3137,120,5,,,40,,,,,,,,,
3138,237,,95,0,41,,,57,16,,,94,0,
3139,217,11,123,1,42,,,,,,,189,,
3140,,,,,43,,,,,,,,,
3141,,,,,44,,,,,,,,,
3142,,,,,45,,,,0,,,0,114,
3143,,,,,46,,,,,,,,,
3144,246,2,112,4,63,,16,41,16,15,,47,0,
3145,237,5,68,2,,,0,57,,,,94,,
3146,,,128,,,,12,41,,,,,,
3147,,,208,,,,13,,,,,,,
3148,,,212,,,,0,57,0,14,,0,178,
3149,,,192,3,,,,,,13,,,,
3150,83,3,123,1,,,,,16,,,53,0,
3151,167,6,63,,,,,,,,,106,,
3152,,,213,0,,,,,,,,,,
3154,,,,,,,,,0,,,0,178,
3156,244,3,127,,65,,2,,16,,,63,0,
3157,232,7,250,1,66,,3,,,,,126,,
3159,,,,,65,,2,,,,,,,
3160,,,,,63,,0,,0,,,0,210,
3161,,,,,60,,29,,,,,253,222,
3162,168,3,123,,59,,20,48,15,,,20,234,
3163,,,63,,,,28,56,,,,252,246,
3164,8,4,213,0,60,,29,,,,,253,2,
3165,88,,,,63,,0,,13,,,0,150,
3166,232,,,,65,,2,,,,,2,162,
3167,120,5,,,66,,3,,,,,3,174,
3168,168,3,123,1,28,,20,48,15,,,20,178,
3169,,,63,,,,0,56,,,,0,,
3170,8,4,213,0,,,,,,,,,,
3171,88,,,,,,,,13,,,,,
3172,232,,,,,,,,,,,,,
3173,120,5,,,,,,,,,,,,
3174,246,2,127,,,,,57,16,,,47,0,
3175,237,5,250,1,,,,,,,,94,,
3178,,,,,,,,,0,,,0,114,
3180,,,127,0,,,,,16,,,94,0,
3181,217,11,250,1,,,,,,,,189,,
3184,,,,,,,,,0,,,0,178,
3186,237,5,123,,63,,,,16,,,94,0,
3187,217,11,63,,,,,,,,,189,,
3188,,,213,0,,,,,,,,,,
3190,,,,,,,,,0,,,0,146,
3192,246,2,112,4,,,16,41,16,15,,47,0,
3193,237,5,68,2,,,0,57,,,,94,,
3194,,,128,,,,12,41,,,,,,
3195,,,208,,,,13,,,,,,,
3196,,,212,,,,0,57,0,14,,0,178,
3197,,,192,3,,,,,,13,,,,
3198,,,127,0,,,,,16,,,94,0,
3199,217,11,250,1,,,,,,,,189,,
3202,,,,,,,,,0,,,0,114,
3204,168,3,123,,82,,20,48,15,,,20,,
3205,,,63,,,,0,56,,,,0,,
3206,8,4,213,0,,,,,,,,,,
3207,88,,,,,,,,13,,,,,
3208,232,,,,,,,,,,,,,
3209,120,5,,,,,,,,,,,,
3210,246,2,84,,,,,57,16,,,47,0,
3211,237,5,82,1,,,,,,,,94,,
3214,,,,,,,,,0,,,0,114,
3216,,,95,0,63,,,,16,,,94,0,
3217,217,11,123,1,,,,,,,,189,,
3220,,,,,,,,,0,,,0,178,
3222,237,5,,,,,,,16,,,94,0,
3223,217,11,63,,,,,,,,,189,,
3224,,,213,0,,,,,,,,,,
3226,,,,,,,,,0,,,0,82,
3228,168,3,127,,,,20,48,15,,,20,178,
3229,,,250,1,,,0,56,,,,0,,
3230,8,4,,,,,,,,,,,,
3231,88,,,,,,,,13,,,,,
3232,232,,,,,,,,,,,,,
3233,120,5,,,,,,,,,,,,
3234,246,2,95,0,82,,,57,16,,,47,0,
3235,237,5,123,1,,,,,,,,94,,
3238,,,,,,,,,0,,,0,114,
3240,252,4,112,4,,,16,41,16,15,,79,0,
3241,247,9,68,2,,,0,57,,,,159,,
3242,,,128,,,,12,41,,,,,,
3243,,,208,,,,13,,,,,,,
3244,,,212,,,,0,57,0,14,,0,178,
3245,,,192,3,,,,,,13,,,,
3246,168,3,123,1,,,20,48,15,,,20,50,
3247,,,63,,,,0,56,,,,0,,
3248,8,4,213,0,,,,,,,,,,
3249,88,,,,,,,,13,,,,,
3250,232,,,,,,,,,,,,,
3251,120,5,,,,,,,,,,,,
3252,112,4,127,,123,,,57,16,,,71,0,
3253,224,8,250,1,,,,,,,,142,,
3256,,,,,,,,,0,,,0,178,
3258,56,2,123,,,,,,16,,,35,0,
3259,112,4,63,,,,,,,,,71,,
3260,,,213,0,,,,,,,,,,
3262,,,,,,,,,0,,,0,114,
3264,168,3,222,1,222,,20,48,15,,,20,178,
3265,,,123,,,,0,56,,,,0,,
3266,8,4,213,0,,,,,,,,,,
3267,88,,,,,,,,13,,,,,
3268,232,,,,,,,,,,,,,
3269,120,5,,,,,,,,,,,,
3270,222,1,80,,,,,57,16,,,29,0,
3271,188,3,63,1,,,,,,,,59,,
3274,,,,,,,,,0,,,0,114,
3276,,,127,0,,,,,16,,,59,0,
3277,119,7,250,1,,,,,,,,119,,
3280,,,,,,,,,0,,,0,178,
3282,188,3,222,,225,,3,,16,,,59,0,
3283,119,7,123,,224,,2,,,,,119,,
3284,,,213,0,222,,0,,,,,,,
3285,,,,,219,,29,,,,,,,
3286,,,,,218,,28,,0,,,252,234,
3287,,,,,,,,,,,,,246,
3288,222,1,112,4,219,,16,41,16,15,,29,0,
3289,188,3,68,2,222,,0,57,,,,59,,
3290,,,128,,224,,12,41,,,,,,
3291,,,208,,225,,13,,,,,,,
3292,,,212,,,,3,57,0,14,,3,186,
3293,,,192,3,224,,2,,,13,,2,198,
3294,,,127,0,222,,0,,16,,,59,0,
3295,119,7,250,1,219,,29,,,,,119,,
3296,,,,,218,,28,,,,,,,
3298,,,,,219,,29,,0,,,253,2,
3299,,,,,222,,0,,,,,0,150,
3300,168,3,222,,170,,20,48,15,,,20,114,
3301,,,123,,,,0,56,,,,0,,
3302,8,4,213,0,,,,,,,,,,
3303,88,,,,,,,,13,,,,,
3304,232,,,,,,,,,,,,,
3305,120,5,,,,,,,,,,,,
3306,222,1,84,,,,,57,16,,,29,0,
3307,188,3,82,1,,,,,,,,59,,
3310,,,,,,,,,0,,,0,114,
3312,,,95,0,,,,,16,,,59,0,
3313,119,7,123,1,,,,,,,,119,,
3316,,,,,,,,,0,,,0,178,
3318,222,1,222,,169,,,,16,,,29,0,
3319,188,3,123,,167,,,,,,,59,,
3320,,,213,0,165,,,,,,,,,
3321,,,,,163,,,,,,,,,
3322,,,,,161,,,,0,,14,0,82,
3323,,,,,159,,,,,,,,,
3324,168,,127,,157,,20,48,15,,,20,178,
3325,,,250,1,155,,0,56,,,,0,,
3326,8,4,,,153,,,,,,,,,
3327,88,,,,151,,,,13,,,,,
3328,232,,,,149,,,,,,,,,
3329,120,5,,,147,,,,,,,,,
3330,188,3,95,0,145,,,57,16,,,59,0,
3331,119,7,123,1,143,,,,,,,119,,
3332,,,,,141,,,,,,,,,
3333,,,,,139,,,,,,,,,
3334,,,,,137,,,,0,,,0,114,
3335,,,,,135,,,,,,,,,
3336,222,1,112,4,123,,16,41,16,15,,29,0,
3337,188,3,68,2,,,0,57,,,,59,,
3338,,,128,,,,12,41,,,,,,
3339,,,208,,,,13,,,,,,,
3340,,,212,,,,0,57,0,14,,0,178,
3341,,,192,3,,,,,,13,,,,
3342,,,222,1,,,,,16,,,59,0,
3343,119,7,123,,,,,,,,,119,,
3344,,,213,0,,,,,,,,,,
3346,,,,,,,,,0,,,0,50,
3348,188,3,127,,125,,2,,16,,,59,0,
3349,119,7,250,1,126,,3,,,,,119,,
3351,,,,,125,,2,,,,,,,
3352,,,,,123,,0,,0,,,0,210,
3353,,,,,120,,29,,,,,253,222,
3354,168,3,222,,119,,20,48,15,,,20,234,
3355,,,123,,,,28,56,,,,252,246,
3356,8,4,213,0,120,,29,,,,,253,2,
3357,88,,,,123,,0,,13,,,0,150,
3358,232,,,,125,,2,,,,,2,162,
3359,120,5,,,126,,3,,,,,3,174,
3360,168,3,222,1,82,,20,48,15,,,20,178,
3361,,,123,,,,0,56,,,,0,,
3362,8,4,239,0,,,,,,,,,,
3363,88,,,,,,,,13,,,,,
3364,232,,,,,,,,,,,,,
3365,120,5,,,,,,,,,,,,
3366,119,7,127,,123,,,57,16,,,119,0,
3367,238,14,250,1,,,,,,,,238,,
3370,,,,,,,,,0,,,0,114,
3372,188,3,127,0,,,,61,16,,0,59,0,
3373,119,7,250,1,,,,,,,,119,,
3376,,,,,,,,,0,,,0,178,
3378,,,222,,82,,,57,16,,,119,0,
3379,238,14,123,,,,,,,,,238,,
3380,,,239,0,,,,,,,,,,
3382,,,,,,,,,0,,,0,146,
3384,188,3,112,4,123,,16,41,16,15,,59,0,
3385,119,7,68,2,,,0,57,,,,119,,
3386,,,128,,,,12,41,,,,,,
3387,,,208,,,,13,,,,,,,
3388,,,212,,,,0,57,0,14,,0,178,
3389,,,192,3,,,,,,13,,,,
3390,,,127,0,,,,61,16,,0,119,0,
3391,238,14,250,1,,,,,,,,238,,
3394,,,,,,,,,0,,,0,114,
3396,168,3,222,,82,,20,48,15,,,20,,
3397,,,123,,,,0,56,,,,0,,
3398,8,4,239,0,,,,,,,,,,
3399,88,,,,,,,,13,,,,,
3400,232,,,,,,,,,,,,,
3401,120,5,,,,,,,,,,,,
3402,188,3,84,,123,,,57,16,,,59,0,
3403,119,7,82,1,,,,,,,,119,,
3406,,,,,,,,,0,,,0,114,
3408,,,112,4,,,16,45,16,15,0,119,0,
3409,238,14,68,2,,,0,61,,,,238,,
3410,,,128,,,,12,45,,,,,,
3411,,,208,,,,13,,,,,,,
3412,,,212,,,,0,61,0,14,,0,178,
3413,,,192,3,,,,,,13,,,,
3414,188,3,112,4,82,,16,41,16,15,,59,0,
3415,119,7,68,2,,,0,57,,,,119,,
3416,,,128,,,,12,41,,,,,,
3417,,,208,,,,13,,,,,,,
3418,,,212,,,,0,57,0,14,,0,178,
3419,,,192,3,,,,,,13,,,,
3420,168,3,112,4,123,,20,32,15,15,,20,,
3421,,,68,2,,,0,56,,,,0,,
3422,8,4,128,,,,12,40,,,,12,,
3423,88,,208,,,,13,,13,,,13,,
3424,232,,212,,,,0,56,,14,,0,,
3425,120,5,192,3,,,,,,13,,,,
3426,49,4,167,6,,,,61,16,,0,67,0,
3427,97,8,,,,,,,,,,134,,
3430,,,,,,,,,0,,,0,178,
3432,188,3,112,4,82,,16,41,16,15,,59,0,
3433,119,7,68,2,,,0,57,,,,119,,
3434,,,128,,,,12,41,,,,,,
3435,,,208,,,,13,,,,,,,
3436,,,212,,,,0,57,0,14,,0,178,
3437,,,192,3,,,,,,13,,,,
3438,168,3,167,6,123,,20,48,15,,,20,,
3439,,,,,,,0,56,,,,0,,
3440,8,4,,,,,,,,,,,,
3441,88,,,,,,,,13,,,,,
3442,232,,,,,,,,,,,,,
3443,120,5,,,,,,,,,,,,
3444,188,3,112,4,,,16,45,16,15,0,59,0,
3445,119,7,68,2,,,0,61,,,,119,,
3446,,,128,,,,12,45,,,,,,
3447,,,208,,,,13,,,,,,,
3448,,,212,,,,0,61,0,14,,0,178,
3449,,,192,3,,,,,,13,,,,
3450,,,167,6,82,,,57,16,,,119,0,
3451,238,14,,,,,,,,,,238,,
3454,,,,,,,,,0,,,0,178,
3456,168,3,123,1,237,5,20,48,15,,,20,,
3457,,,63,,,,0,56,,,,0,,
3458,8,4,213,0,,,,,,,,,,
3459,88,,,,,,,,13,,,,,
3460,232,,,,,,,,,,,,,
3461,120,5,,,,,,,,,,,,
3462,246,2,80,,,,,57,16,,,47,0,
3463,237,5,63,1,,,,,,,,94,,
3466,,,,,,,,,0,,,0,114,
3468,,,127,0,,,,,16,,,94,0,
3469,217,11,250,1,,,,,,,,189,,
3472,,,,,,,,,0,,,0,178,
3474,237,5,123,,,,,,16,,,94,0,
3475,217,11,63,,,,,,,,,189,,
3476,,,213,0,,,,,,,,,,
3478,,,,,,,,,0,,,0,146,
3480,246,2,112,4,11,6,16,41,16,15,,47,0,
3481,237,5,68,2,255,5,18,57,,,,94,,
3482,,,128,,237,,12,41,,,,,,
3483,,,208,,218,,13,,,,,,,
3484,,,212,,206,,1,57,0,14,,225,234,
3485,,,192,3,,,,,,13,,,246,
3486,,,127,0,218,,13,,16,,,94,0,
3487,217,11,250,1,237,,0,,,,,189,,
3488,,,,,255,,18,,,,,,,
3489,,,,,11,6,30,,,,,,,
3490,,,,,,,,,0,,,30,186,
3491,,,,,255,5,18,,,,,18,198,
3492,168,3,123,,237,,20,48,15,,,20,210,
3493,,,63,,218,,13,56,,,,237,222,
3494,8,4,213,0,206,,1,,,,,225,234,
3495,88,,,,,,,,13,,,,246,
3496,232,,,,218,,13,,,,,237,2,
3497,120,5,,,237,,0,,,,,0,150,
3498,246,2,84,,255,,18,57,16,,,47,0,
3499,237,5,82,1,11,6,30,,,,,94,,
3501,,,,,255,5,18,,,,,,,
3502,,,,,237,,0,,0,,,0,210,
3503,,,,,218,,13,,,,,237,222,
3504,,,95,0,206,,1,,16,,,94,0,
3505,217,11,123,1,,,,,,,,189,,
3506,,,,,218,,13,,,,,,,
3507,,,,,237,,0,,,,,,,
3508,,,,,255,,18,,0,,,18,162,
3509,,,,,11,6,30,,,,,30,174,
3510,237,5,,,,,,,16,,,94,0,
3511,217,11,63,,255,5,18,,,,,189,,
3512,,,213,0,237,,0,,,,,,,
3513,,,,,218,,13,,,,,,,
3514,,,,,206,,1,,0,,,225,234,
3515,,,,,,,,,,,,,246,
3516,168,3,127,,218,,20,48,15,,,20,2,
3517,,,250,1,237,,0,56,,,,0,150,
3518,8,4,,,255,,18,,,,,18,162,
3519,88,,,,11,6,30,,13,,,30,174,
3520,232,,,,,,,,,,,,186,
3521,120,5,,,255,5,18,,,,,18,198,
3522,237,,95,0,237,,0,57,16,,,94,0,
3523,217,11,123,1,218,,13,,,,,189,,
3524,,,,,206,,1,,,,,,,
3526,,,,,218,,13,,0,,,237,2,
3527,,,,,237,,0,,,,,0,150,
3528,246,2,112,4,255,,16,41,16,15,,47,0,
3529,237,5,68,2,11,6,30,57,,,,94,,
3530,,,128,,,,12,41,,,,,,
3531,,,208,,255,5,13,,,,,,,
3532,,,212,,237,,0,57,0,14,,0,210,
3533,,,192,3,218,,13,,,13,,237,222,
3534,83,3,123,1,206,,1,,16,,,53,0,
3535,167,6,63,,,,,,,,,106,,
3536,,,213,0,218,,13,,,,,,,
3537,,,,,237,,0,,,,,,,
3538,,,,,255,,18,,0,,,18,162,
3539,,,,,11,6,30,,,,,30,174,
3540,244,3,127,,,,,,16,,,63,0,
3541,232,7,250,1,255,5,18,,,,,126,,
3542,,,,,237,,0,,,,,,,
3543,,,,,218,,13,,,,,,,
3544,,,,,206,,1,,0,,,225,234,
3545,,,,,,,,,,,,,246,
3546,168,3,123,,218,,20,48,15,,,20,2,
3547,,,63,,237,,0,56,,,,0,150,
3548,8,4,213,0,255,,18,,,,,18,162,
3549,88,,,,11,6,30,,13,,,30,174,
3550,232,,,,,,,,,,,,186,
3551,120,5,,,255,5,18,,,,,18,198,
3552,168,3,123,1,237,,20,48,15,,,20,210,
3553,,,63,,218,,13,56,,,,237,222,
3554,8,4,213,0,206,,1,,,,,225,234,
3555,88,,,,,,,,13,,,,246,
3556,232,,,,218,,13,,,,,237,2,
3557,120,5,,,237,,0,,,,,0,150,
3558,246,2,127,,255,,18,57,16,,,47,0,
3559,237,5,250,1,11,6,30,,,,,94,,
3561,,,,,255,5,18,,,,,,,
3562,,,,,237,,0,,0,,,0,210,
3563,,,,,218,,13,,,,,237,222,
3564,,,127,0,206,,1,,16,,,94,0,
3565,217,11,250,1,,,,,,,,189,,
3566,,,,,218,,13,,,,,,,
3567,,,,,237,,0,,,,,,,
3568,,,,,255,,18,,0,,,18,162,
3569,,,,,11,6,30,,,,,30,174,
3570,237,5,123,,,,,,16,,,94,0,
3571,217,11,63,,255,5,18,,,,,189,,
3572,,,213,0,237,,0,,,,,,,
3573,,,,,218,,13,,,,,,,
3574,,,,,206,,1,,0,,,225,234,
3575,,,,,,,,,,,,,246,
3576,246,2,112,4,218,,16,41,16,15,,47,0,
3577,237,5,68,2,237,,0,57,,,,94,,
3578,,,128,,255,,12,41,,,,,,
3579,,,208,,11,6,13,,,,,,,
3580,,,212,,,,30,57,0,14,,30,186,
3581,,,192,3,255,5,18,,,13,,18,198,
3582,,,127,0,237,,0,,16,,,94,0,
3583,217,11,250,1,218,,13,,,,,189,,
3584,,,,,206,,1,,,,,,,
3586,,,,,218,,13,,0,,,237,2,
3587,,,,,237,,0,,,,,0,150,
3588,168,3,123,,255,,20,48,15,,,20,162,
3589,,,63,,11,6,30,56,,,,30,174,
3590,8,4,213,0,,,,,,,,,186,
3591,88,,,,255,5,18,,13,,,18,198,
3592,232,,,,237,,0,,,,,0,210,
3593,120,5,,,218,,13,,,,,237,222,
3594,246,2,84,,206,,1,57,16,,,47,0,
3595,237,5,82,1,,,,,,,,94,,
3596,,,,,218,,13,,,,,,,
3597,,,,,237,,0,,,,,,,
3598,,,,,255,,18,,0,,,18,162,
3599,,,,,11,6,30,,,,,30,174,
3600,,,95,0,237,5,0,,16,,,94,0,
3601,217,11,123,1,226,,,,,,,189,,
3602,,,,,215,,,,,,,,,
3603,,,,,204,,,,,,,,,
3604,,,,,193,,,,0,,,0,178,
3605,,,,,182,,,,,,,,,
3606,237,5,,,171,,,,16,,,94,0,
3607,217,11,63,,160,,,,,,,189,,
3608,,,213,0,149,,,,,,,,,
3609,,,,,138,,,,,,,,,
3610,,,,,127,,,,0,,,0,82,
3611,,,,,116,,,,,,,,,
3612,168,3,127,,105,,20,48,15,,,20,178,
3613,,,250,1,94,,0,56,,,,0,,
3614,8,4,,,83,,,,,,,,,
3615,88,,,,72,,,,13,,,,,
3616,232,,,,61,,,,,,,,,
3617,120,5,,,50,,,,,,,,,
3618,246,2,95,0,39,,,57,16,,,47,0,
3619,237,5,123,1,28,,,,,,,94,,
3620,,,,,17,,,,,,,,,
3621,,,,,6,,,,,,,,,
3622,,,,,251,4,,,0,,,0,114,
3623,,,,,240,,,,,,,,,
3624,252,4,112,4,229,,16,41,16,15,,79,0,
3625,247,9,68,2,218,,0,57,,,,159,,
3626,,,128,,207,,12,41,,,,,,
3627,,,208,,196,,13,,,,,,,
3628,,,212,,185,,0,57,0,14,,0,178,
3629,,,192,3,174,,,,,13,,,,
3630,168,3,123,1,163,,20,48,15,,,20,50,
3631,,,63,,152,,0,56,,,,0,,
3632,8,4,213,0,141,,,,,,,,,
3633,88,,,,130,,,,13,,,,,
3634,232,,,,119,,,,,,,,,
3635,120,5,,,108,,,,,,,,,
3636,112,4,127,,97,,,57,16,,,71,0,
3637,224,8,250,1,86,,,,,,,142,,
3638,,,,,75,,,,,,,,,
3639,,,,,64,,,,,,,,,
3640,,,,,53,,,,0,,,0,178,
3641,,,,,42,,,,,,,,,
3642,56,2,123,,31,,,,16,,,35,0,
3643,112,4,63,,20,,,,,,,71,,
3644,,,213,0,9,,,,,,,,,
3645,,,,,254,3,,,,,,,,
3646,,,,,243,,,,0,,,0,114,
3647,,,,,232,,,,,,,,,
3648,168,3,222,1,188,,20,48,15,,,20,178,
3649,,,123,,,,0,56,,,,0,,
3650,8,4,213,0,,,,,,,,,,
3651,88,,,,,,,,13,,,,,
3652,232,,,,,,,,,,,,,
3653,120,5,,,,,,,,,,,,
3654,222,1,80,,,,,57,16,,,29,0,
3655,188,3,63,1,,,,,,,,59,,
3658,,,,,,,,,0,,,0,114,
3660,,,127,0,,,,,16,,,59,0,
3661,119,7,250,1,,,,,,,,119,,
3664,,,,,,,,,0,,,0,178,
3666,188,3,222,,,,,,16,,,59,0,
3667,119,7,123,,,,,,,,,119,,
3668,,,213,0,,,,,,,,,,
3670,,,,,,,,,0,,,0,146,
3672,222,1,112,4,218,,16,41,16,15,,29,0,
3673,188,3,68,2,206,,18,57,,,,59,,
3674,,,128,,188,,12,41,,,,,,
3675,,,208,,169,,13,,,,,,,
3676,,,212,,157,,1,57,0,14,,225,234,
3677,,,192,3,,,,,,13,,,246,
3678,,,127,0,169,,13,,16,,,59,0,
3679,119,7,250,1,188,,0,,,,,119,,
3680,,,,,206,,18,,,,,,,
3681,,,,,218,,30,,,,,,,
3682,,,,,,,,,0,,,30,186,
3683,,,,,206,,18,,,,,18,198,
3684,168,3,222,,188,,20,48,15,,,20,210,
3685,,,123,,169,,13,56,,,,237,222,
3686,8,4,213,0,157,,1,,,,,225,234,
3687,88,,,,,,,,13,,,,246,
3688,232,,,,169,,13,,,,,237,2,
3689,120,5,,,188,,0,,,,,0,150,
3690,222,1,84,,206,,18,57,16,,,29,0,
3691,188,3,82,1,218,,30,,,,,59,,
3693,,,,,206,,18,,,,,,,
3694,,,,,188,,0,,0,,,0,210,
3695,,,,,169,,13,,,,,237,222,
3696,,,95,0,157,,1,,16,,,59,0,
3697,119,7,123,1,,,,,,,,119,,
3698,,,,,169,,13,,,,,,,
3699,,,,,188,,0,,,,,,,
3700,,,,,206,,18,,0,,,18,162,
3701,,,,,218,,30,,,,,30,174,
3702,222,1,222,,,,,,16,,,29,0,
3703,188,3,123,,206,,18,,,,,59,,
3704,,,213,0,188,,0,,,,,,,
3705,,,,,169,,13,,,,,,,
3706,,,,,157,,1,,0,,,225,234,
3707,,,,,,,,,,,,,246,
3708,168,,127,,169,,20,48,15,,,20,2,
3709,,,250,1,188,,0,56,,,,0,150,
3710,8,4,,,206,,18,,,,,18,162,
3711,88,,,,218,,30,,13,,,30,174,
3712,232,,,,,,,,,,,,186,
3713,120,5,,,206,,18,,,,,18,198,
3714,188,3,95,0,188,,0,57,16,,,59,0,
3715,119,7,123,1,169,,13,,,,,119,,
3716,,,,,157,,1,,,,,,,
3718,,,,,169,,13,,0,,,237,2,
3719,,,,,188,,0,,,,,0,150,
3720,222,1,112,4,206,,16,41,16,15,,29,0,
3721,188,3,68,2,218,,30,57,,,,59,,
3722,,,128,,,,12,41,,,,,,
3723,,,208,,206,,13,,,,,,,
3724,,,212,,188,,0,57,0,14,,0,210,
3725,,,192,3,169,,13,,,13,,237,222,
3726,,,222,1,157,,1,,16,,,59,0,
3727,119,7,123,,,,,,,,,119,,
3728,,,213,0,169,,13,,,,,,,
3729,,,,,188,,0,,,,,,,
3730,,,,,206,,18,,0,,,18,162,
3731,,,,,218,,30,,,,,30,174,
3732,188,3,127,,,,,,16,,,59,0,
3733,119,7,250,1,206,,18,,,,,119,,
3734,,,,,188,,0,,,,,,,
3735,,,,,169,,13,,,,,,,
3736,,,,,157,,1,,0,,,225,234,
3737,,,,,,,,,,,,,246,
3738,168,3,222,,169,,20,48,15,,,20,2,
3739,,,123,,188,,0,56,,,,0,150,
3740,8,4,213,0,206,,18,,,,,18,162,
3741,88,,,,218,,30,,13,,,30,174,
3742,232,,,,,,,,,,,,186,
3743,120,5,,,206,,18,,,,,18,198,
3744,168,3,222,1,188,,20,48,15,,,20,178,
3745,,,123,,,,0,56,,,,0,,
3746,8,4,239,0,,,,,,,,,,
3747,88,,,,,,,,13,,,,,
3748,232,,,,,,,,,,,,,
3749,120,5,,,,,,,,,,,,
3750,119,7,127,,,,,57,16,,,119,0,
3751,238,14,250,1,,,,,,,,238,,
3754,,,,,,,,,0,,,0,114,
3756,188,3,127,0,,,,,16,,,59,0,
3757,119,7,250,1,,,,,,,,119,,
3760,,,,,,,,,0,,,0,178,
3762,,,222,,,,,,16,,,119,0,
3763,238,14,123,,,,,,,,,238,,
3764,,,239,0,,,,,,,,,,
3766,,,,,,,,,0,,,0,146,
3768,188,3,112,4,,,16,41,16,15,,59,0,
3769,119,7,68,2,169,,13,57,,,,119,,
3770,,,128,,157,,12,41,,,,,,
3771,,,208,,,,13,,,,,,,
3772,,,212,,169,,,57,0,14,,237,2,
3773,,,192,3,188,,0,,,13,,0,150,
3774,,,127,0,206,,18,,16,,,119,0,
3775,238,14,250,1,218,,30,,,,,238,,
3777,,,,,206,,18,,,,,,,
3778,,,,,188,,0,,0,,,0,210,
3779,,,,,169,,13,,,,,237,222,
3780,168,3,222,,157,,20,48,15,,,20,234,
3781,,,123,,,,1,56,,,,225,246,
3782,8,4,239,0,169,,13,,,,,237,2,
3783,88,,,,188,,0,,13,,,0,150,
3784,232,,,,206,,18,,,,,18,162,
3785,120,5,,,218,,30,,,,,30,174,
3786,188,3,84,,,,,57,16,,,59,0,
3787,119,7,82,1,206,,18,,,,,119,,
3788,,,,,188,,0,,,,,,,
3789,,,,,169,,13,,,,,,,
3790,,,,,157,,1,,0,,,225,234,
3791,,,,,,,,,,,,,246,
3792,,,95,0,83,,0,,16,,,119,0,
3793,238,14,123,1,,,,,,,,238,,
3796,,,,,,,,,0,,,0,178,
3798,188,3,222,,,,,,16,,,59,0,
3799,119,7,123,,,,,,,,,119,,
3800,,,239,0,,,,,,,,,,
3802,,,,,,,,,0,,,0,82,
3804,168,3,127,,,,20,48,15,,,20,178,
3805,,,250,1,,,0,56,,,,0,,
3806,8,4,,,,,,,,,,,,
3807,88,,,,,,,,13,,,,,
3808,232,,,,,,,,,,,,,
3809,120,5,,,,,,,,,,,,
3810,49,4,95,0,64,,13,57,16,,,67,0,
3811,97,8,123,1,83,,0,,,,,134,,
3812,,,,,101,,18,,,,,,,
3813,,,,,113,,30,,,,,,,
3814,,,,,,,,,0,,,30,186,
3815,,,,,101,,18,,,,,18,198,
3816,188,3,112,4,83,,16,41,16,15,,59,0,
3817,119,7,68,2,64,,13,57,,,,119,,
3818,,,128,,52,,12,41,,,,,,
3819,,,208,,,,13,,,,,,,
3820,,,212,,64,,,57,0,14,,237,2,
3821,,,192,3,83,,0,,,13,,0,150,
3822,168,3,222,1,101,,20,48,15,,,20,162,
3823,,,123,,113,,30,56,,,,30,174,
3824,8,4,239,0,,,,,,,,,186,
3825,88,,,,101,,18,,13,,,18,198,
3826,232,,,,83,,0,,,,,0,210,
3827,120,5,,,64,,13,,,,,237,222,
3828,188,3,127,,52,,1,57,16,,,59,0,
3829,119,7,250,1,,,,,,,,119,,
3830,,,,,64,,13,,,,,,,
3831,,,,,83,,0,,,,,,,
3832,,,,,101,,18,,0,,,18,162,
3833,,,,,113,,30,,,,,30,174,
3834,,,222,,,,,,16,,,119,0,
3835,238,14,123,,101,,18,,,,,238,,
3836,,,239,0,83,,0,,,,,,,
3837,,,,,64,,13,,,,,,,
3838,,,,,52,,1,,0,,,225,234,
3839,,,,,,,,,,,,,246,
3840,168,3,123,1,237,5,20,48,15,,,20,178,
3841,,,63,,,,0,56,,,,0,,
3842,8,4,213,0,,,,,,,,,,
3843,88,,,,,,,,13,,,,,
3844,232,,,,,,,,,,,,,
3845,120,5,,,,,,,,,,,,
3846,246,2,80,,,,,57,16,,,47,0,
3847,237,5,63,1,,,,,,,,94,,
3850,,,,,,,,,0,,,0,114,
3852,,,127,0,,,,,16,,,94,0,
3853,217,11,250,1,,,,,,,,189,,
3856,,,,,,,,,0,,,0,178,
3858,237,5,123,,,,,,16,,,94,0,
3859,217,11,63,,,,,,,,,189,,
3860,,,213,0,,,,,,,,,,
3862,,,,,,,,,0,,,0,146,
3864,246,2,112,4,218,,16,41,16,15,,47,0,
3865,237,5,68,2,237,,0,57,,,,94,,
3866,,,128,,255,,12,41,,,,,,
3867,,,208,,11,6,13,,,,,,,
3868,,,212,,,,30,57,0,14,,30,186,
3869,,,192,3,255,5,18,,,13,,18,198,
3870,,,127,0,237,,0,,16,,,94,0,
3871,217,11,250,1,218,,13,,,,,189,,
3872,,,,,206,,1,,,,,,,
3874,,,,,218,,13,,0,,,237,2,
3875,,,,,237,,0,,,,,0,150,
3876,168,3,123,,255,,20,48,15,,,20,162,
3877,,,63,,11,6,30,56,,,,30,174,
3878,8,4,213,0,,,,,,,,,186,
3879,88,,,,255,5,18,,13,,,18,198,
3880,232,,,,237,,0,,,,,0,210,
3881,120,5,,,218,,13,,,,,237,222,
3882,246,2,84,,206,,1,57,16,,,47,0,
3883,237,5,82,1,,,,,,,,94,,
3884,,,,,218,,13,,,,,,,
3885,,,,,237,,0,,,,,,,
3886,,,,,255,,18,,0,,,18,162,
3887,,,,,11,6,30,,,,,30,174,
3888,,,95,0,,,,,16,,,94,0,
3889,217,11,123,1,255,5,18,,,,,189,,
3890,,,,,237,,0,,,,,,,
3891,,,,,218,,13,,,,,,,
3892,,,,,206,,1,,0,,,225,234,
3893,,,,,,,,,,,,,246,
3894,237,5,,,218,,13,,16,,,94,0,
3895,217,11,63,,237,,0,,,,,189,,
3896,,,213,0,255,,18,,,,,,,
3897,,,,,11,6,30,,,,,,,
3898,,,,,,,,,0,,,30,186,
3899,,,,,255,5,18,,,,,18,198,
3900,168,3,127,,237,,20,48,15,,,20,210,
3901,,,250,1,218,,13,56,,,,237,222,
3902,8,4,,,206,,1,,,,,225,234,
3903,88,,,,,,,,13,,,,246,
3904,232,,,,218,,13,,,,,237,2,
3905,120,5,,,237,,0,,,,,0,150,
3906,237,,95,0,255,,18,57,16,,,94,0,
3907,217,11,123,1,11,6,30,,,,,189,,
3909,,,,,255,5,18,,,,,,,
3910,,,,,237,,0,,0,,,0,210,
3911,,,,,218,,13,,,,,237,222,
3912,246,2,112,4,206,,16,41,16,15,,47,0,
3913,237,5,68,2,,,1,57,,,,94,,
3914,,,128,,218,,12,41,,,,,,
3915,,,208,,237,,13,,,,,,,
3916,,,212,,255,,18,57,0,14,,18,162,
3917,,,192,3,11,6,30,,,13,,30,174,
3918,83,3,123,1,,,,,16,,,53,0,
3919,167,6,63,,255,5,18,,,,,106,,
3920,,,213,0,237,,0,,,,,,,
3921,,,,,218,,13,,,,,,,
3922,,,,,206,,1,,0,,,225,234,
3923,,,,,,,,,,,,,246,
3924,244,3,127,,218,,13,,16,,,63,0,
3925,232,7,250,1,237,,0,,,,,126,,
3926,,,,,255,,18,,,,,,,
3927,,,,,11,6,30,,,,,,,
3928,,,,,,,,,0,,,30,186,
3929,,,,,255,5,18,,,,,18,198,
3930,168,3,123,,237,,20,48,15,,,20,210,
3931,,,63,,218,,13,56,,,,237,222,
3932,8,4,213,0,206,,1,,,,,225,234,
3933,88,,,,,,,,13,,,,246,
3934,232,,,,218,,13,,,,,237,2,
3935,120,5,,,237,,0,,,,,0,150,
3936,168,3,123,1,255,,20,48,15,,,20,162,
3937,,,63,,11,6,30,56,,,,30,174,
3938,8,4,213,0,,,,,,,,,186,
3939,88,,,,255,5,18,,13,,,18,198,
3940,232,,,,237,,0,,,,,0,210,
3941,120,5,,,218,,13,,,,,237,222,
3942,246,2,127,,206,,1,57,16,,,47,0,
3943,237,5,250,1,,,,,,,,94,,
3944,,,,,218,,13,,,,,,,
3945,,,,,237,,0,,,,,,,
3946,,,,,255,,18,,0,,,18,162,
3947,,,,,11,6,30,,,,,30,174,
3948,,,127,0,,,,,16,,,94,0,
3949,217,11,250,1,255,5,18,,,,,189,,
3950,,,,,237,,0,,,,,,,
3951,,,,,218,,13,,,,,,,
3952,,,,,206,,1,,0,,,225,234,
3953,,,,,,,,,,,,,246,
3954,237,5,123,,218,,13,,16,,,94,0,
3955,217,11,63,,237,,0,,,,,189,,
3956,,,213,0,255,,18,,,,,,,
3957,,,,,11,6,30,,,,,,,
3958,,,,,,,,,0,,,30,186,
3959,,,,,255,5,18,,,,,18,198,
3960,246,2,112,4,237,,16,41,16,15,,47,0,
3961,237,5,68,2,218,,13,57,,,,94,,
3962,,,128,,206,,12,41,,,,,,
3963,,,208,,,,13,,,,,,,
3964,,,212,,218,,,57,0,14,,237,2,
3965,,,192,3,237,,0,,,13,,0,150,
3966,,,127,0,255,,18,,16,,,94,0,
3967,217,11,250,1,11,6,30,,,,,189,,
3969,,,,,255,5,18,,,,,,,
3970,,,,,237,,0,,0,,,0,210,
3971,,,,,218,,13,,,,,237,222,
3972,168,3,123,,206,,20,48,15,,,20,234,
3973,,,63,,,,1,56,,,,225,246,
3974,8,4,213,0,218,,13,,,,,237,2,
3975,88,,,,237,,0,,13,,,0,150,
3976,232,,,,255,,18,,,,,18,162,
3977,120,5,,,11,6,30,,,,,30,174,
3978,246,2,84,,,,,57,16,,,47,0,
3979,237,5,82,1,255,5,18,,,,,94,,
3980,,,,,237,,0,,,,,,,
3981,,,,,218,,13,,,,,,,
3982,,,,,206,,1,,0,,,225,234,
3983,,,,,,,,,,,,,246,
3984,,,95,0,237,,0,,16,,,94,0,
3985,217,11,123,1,226,,,,,,,189,,
3986,,,,,215,,,,,,,,,
3987,,,,,204,,,,,,,,,
3988,,,,,193,,,,0,,,0,178,
3989,,,,,182,,,,,,,,,
3990,237,5,,,171,,,,16,,,94,0,
3991,217,11,63,,160,,,,,,,189,,
3992,,,213,0,149,,,,,,,,,
3993,,,,,138,,,,,,,,,
3994,,,,,127,,,,0,,,0,82,
3995,,,,,116,,,,,,,,,
3996,168,3,127,,105,,20,48,15,,,20,178,
3997,,,250,1,94,,0,56,,,,0,,
3998,8,4,,,83,,,,,,,,,
3999,88,,,,72,,,,13,,,,,
4000,232,,,,61,,,,,,,,,
4001,120,5,,,50,,,,,,,,,
4002,246,2,95,0,39,,,57,16,,,47,0,
4003,237,5,123,1,28,,,,,,,94,,
4004,,,,,17,,,,,,,,,
4005,,,,,6,,,,,,,,,
4006,,,,,251,4,,,0,,,0,114,
4007,,,,,240,,,,,,,,,
4008,252,4,112,4,229,,16,41,16,15,,79,0,
4009,247,9,68,2,218,,0,57,,,,159,,
4010,,,128,,207,,12,41,,,,,,
4011,,,208,,196,,13,,,,,,,
4012,,,212,,185,,0,57,0,14,,0,178,
4013,,,192,3,174,,,,,13,,,,
4014,168,3,123,1,163,,20,48,15,,,20,50,
4015,,,63,,152,,0,56,,,,0,,
4016,8,4,213,0,141,,,,,,,,,
4017,88,,,,130,,,,13,,,,,
4018,232,,,,119,,,,,,,,,
4019,120,5,,,108,,,,,,,,,
4020,112,4,127,,97,,,57,16,,,71,0,
4021,224,8,250,1,86,,,,,,,142,,
4022,,,,,75,,,,,,,,,
4023,,,,,64,,,,,,,,,
4024,,,,,53,,,,0,,,0,178,
4025,,,,,42,,,,,,,,,
4026,56,2,123,,31,,,,16,,,35,0,
4027,112,4,63,,20,,,,,,,71,,
4028,,,213,0,9,,,,,,,,,
4029,,,,,254,3,,,,,,,,
4030,,,,,243,,,,0,,,0,114,
4031,,,,,232,,,,,,,,,
4032,168,3,222,1,188,,20,48,15,,,20,178,
4033,,,123,,,,0,56,,,,0,,
4034,8,4,213,0,,,,,,,,,,
4035,88,,,,,,,,13,,,,,
4036,232,,,,,,,,,,,,,
4037,120,5,,,,,,,,,,,,
4038,222,1,80,,,,,57,16,,,29,0,
4039,188,3,63,1,,,,,,,,59,,
4042,,,,,,,,,0,,,0,114,
4044,,,127,0,,,,,16,,,59,0,
4045,119,7,250,1,,,,,,,,119,,
4048,,,,,,,,,0,,,0,178,
4050,188,3,222,,,,,,16,,,59,0,
4051,119,7,123,,,,,,,,,119,,
4052,,,213,0,,,,,,,,,,
4054,,,,,,,,,0,,,0,146,
4056,222,1,112,4,169,,16,41,16,15,,29,0,
4057,188,3,68,2,188,,0,57,,,,59,,
4058,,,128,,206,,12,41,,,,,,
4059,,,208,,218,,13,,,,,,,
4060,,,212,,,,30,57,0,14,,30,186,
4061,,,192,3,206,,18,,,13,,18,198,
4062,,,127,0,188,,0,,16,,,59,0,
4063,119,7,250,1,169,,13,,,,,119,,
4064,,,,,157,,1,,,,,,,
4066,,,,,169,,13,,0,,,237,2,
4067,,,,,188,,0,,,,,0,150,
4068,168,3,222,,206,,20,48,15,,,20,162,
4069,,,123,,218,,30,56,,,,30,174,
4070,8,4,213,0,,,,,,,,,186,
4071,88,,,,206,,18,,13,,,18,198,
4072,232,,,,188,,0,,,,,0,210,
4073,120,5,,,169,,13,,,,,237,222,
4074,222,1,84,,157,,1,57,16,,,29,0,
4075,188,3,82,1,,,,,,,,59,,
4076,,,,,169,,13,,,,,,,
4077,,,,,188,,0,,,,,,,
4078,,,,,206,,18,,0,,,18,162,
4079,,,,,218,,30,,,,,30,174,
4080,,,95,0,,,,,16,,,59,0,
4081,119,7,123,1,206,,18,,,,,119,,
4082,,,,,188,,0,,,,,,,
4083,,,,,169,,13,,,,,,,
4084,,,,,157,,1,,0,,,225,234,
4085,,,,,,,,,,,,,246,
4086,222,1,222,,169,,13,,16,,,29,0,
4087,188,3,123,,188,,0,,,,,59,,
4088,,,213,0,206,,18,,,,,,,
4089,,,,,218,,30,,,,,,,
4090,,,,,,,,,0,,,30,186,
4091,,,,,206,,18,,,,,18,198,
4092,168,,127,,188,,20,48,15,,,20,210,
4093,,,250,1,169,,13,56,,,,237,222,
4094,8,4,,,157,,1,,,,,225,234,
4095,88,,,,,,,,13,,,,246,
4096,232,,,,169,,13,,,,,237,2,
4097,120,5,,,188,,0,,,,,0,150,
4098,188,3,95,0,206,,18,57,16,,,59,0,
4099,119,7,123,1,218,,30,,,,,119,,
4101,,,,,206,,18,,,,,,,
4102,,,,,188,,0,,0,,,0,210,
4103,,,,,169,,13,,,,,237,222,
4104,222,1,112,4,157,,16,41,16,15,,29,0,
4105,188,3,68,2,,,1,57,,,,59,,
4106,,,128,,169,,12,41,,,,,,
4107,,,208,,188,,13,,,,,,,
4108,,,212,,206,,18,57,0,14,,18,162,
4109,,,192,3,218,,30,,,13,,30,174,
4110,,,222,1,,,,,16,,,59,0,
4111,119,7,123,,206,,18,,,,,119,,
4112,,,213,0,188,,0,,,,,,,
4113,,,,,169,,13,,,,,,,
4114,,,,,157,,1,,0,,,225,234,
4115,,,,,,,,,,,,,246,
4116,188,3,127,,169,,13,,16,,,59,0,
4117,119,7,250,1,188,,0,,,,,119,,
4118,,,,,206,,18,,,,,,,
4119,,,,,218,,30,,,,,,,
4120,,,,,,,,,0,,,30,186,
4121,,,,,206,,18,,,,,18,198,
4122,168,3,222,,188,,20,48,15,,,20,210,
4123,,,123,,169,,13,56,,,,237,222,
4124,8,4,213,0,157,,1,,,,,225,234,
4125,88,,,,,,,,13,,,,246,
4126,232,,,,169,,13,,,,,237,2,
4127,120,5,,,188,,0,,,,,0,150,
4128,168,3,222,1,,,20,48,15,,,20,178,
4129,,,123,,,,0,56,,,,0,,
4130,8,4,239,0,,,,,,,,,,
4131,88,,,,,,,,13,,,,,
4132,232,,,,,,,,,,,,,
4133,120,5,,,,,,,,,,,,
4134,119,7,127,,,,,57,16,,,119,0,
4135,238,14,250,1,,,,,,,,238,,
4138,,,,,,,,,0,,,0,114,
4140,188,3,127,0,,,,,16,,,59,0,
4141,119,7,250,1,,,,,,,,119,,
4144,,,,,,,,,0,,,0,178,
4146,,,222,,,,,,16,,,119,0,
4147,238,14,123,,,,,,,,,238,,
4148,,,239,0,,,,,,,,,,
4150,,,,,,,,,0,,,0,146,
4152,188,3,112,4,206,,16,41,16,15,,59,0,
4153,119,7,68,2,218,,30,57,,,,119,,
4154,,,128,,,,12,41,,,,,,
4155,,,208,,206,,13,,,,,,,
4156,,,212,,188,,0,57,0,14,,0,210,
4157,,,192,3,169,,13,,,13,,237,222,
4158,,,127,0,157,,1,,16,,,119,0,
4159,238,14,250,1,,,,,,,,238,,
4160,,,,,169,,13,,,,,,,
4161,,,,,188,,0,,,,,,,
4162,,,,,206,,18,,0,,,18,162,
4163,,,,,218,,30,,,,,30,174,
4164,168,3,222,,,,20,48,15,,,20,186,
4165,,,123,,206,,18,56,,,,18,198,
4166,8,4,239,0,188,,0,,,,,0,210,
4167,88,,,,169,,13,,13,,,237,222,
4168,232,,,,157,,1,,,,,225,234,
4169,120,5,,,,,,,,,,,246,
4170,188,3,84,,169,,13,57,16,,,59,0,
4171,119,7,82,1,188,,0,,,,,119,,
4172,,,,,206,,18,,,,,,,
4173,,,,,218,,30,,,,,,,
4174,,,,,,,,,0,,,30,186,
4175,,,,,206,,18,,,,,18,198,
4176,,,95,0,83,,0,,16,,,119,0,
4177,238,14,123,1,,,,,,,,238,,
4180,,,,,,,,,0,,,0,178,
4182,188,3,222,,,,,,16,,,59,0,
4183,119,7,123,,,,,,,,,119,,
4184,,,239,0,,,,,,,,,,
4186,,,,,,,,,0,,,0,82,
4188,168,3,127,,,,20,48,15,,,20,178,
4189,,,250,1,,,0,56,,,,0,,
4190,8,4,,,,,,,,,,,,
4191,88,,,,,,,,13,,,,,
4192,232,,,,,,,,,,,,,
4193,120,5,,,,,,,,,,,,
4194,49,4,95,0,,,,57,16,,,67,0,
4195,97,8,123,1,64,,13,,,,,134,,
4196,,,,,52,,1,,,,,,,
4198,,,,,64,,13,,0,,,237,2,
4199,,,,,83,,0,,,,,0,150,
4200,188,3,112,4,101,,16,41,16,15,,59,0,
4201,119,7,68,2,113,,30,57,,,,119,,
4202,,,128,,,,12,41,,,,,,
4203,,,208,,101,,13,,,,,,,
4204,,,212,,83,,0,57,0,14,,0,210,
4205,,,192,3,64,,13,,,13,,237,222,
4206,168,3,222,1,52,,20,48,15,,,20,234,
4207,,,123,,,,1,56,,,,225,246,
4208,8,4,239,0,64,,13,,,,,237,2,
4209,88,,,,83,,0,,13,,,0,150,
4210,232,,,,101,,18,,,,,18,162,
4211,120,5,,,113,,30,,,,,30,174,
4212,188,3,127,,,,,57,16,,,59,0,
4213,119,7,250,1,101,,18,,,,,119,,
4214,,,,,83,,0,,,,,,,
4215,,,,,64,,13,,,,,,,
4216,,,,,52,,1,,0,,,225,234,
4217,,,,,,,,,,,,,246,
4218,,,222,,64,,13,,16,,,119,0,
4219,238,14,123,,83,,0,,,,,238,,
4220,,,239,0,101,,18,,,,,,,
4221,,,,,113,,30,,,,,,,
4222,,,,,,,,,0,,,30,186,
4223,,,,,101,,18,,,,,18,198,
4224,126,2,126,2,67,0,0,56,12,,,0,150,
4225,128,,,,12,1,2,,,,,2,162,
4226,129,,,,,,3,,,,,3,174,
4227,,,,,,,,,,,,,186,
4228,128,,,,,,2,,,,,2,198,
4229,126,,,,,,0,,,,,0,210,
4230,123,,,,67,0,29,,,,,253,222,
4231,122,,,,12,1,28,,,,,252,234,
4232,,,,,,,,,,,,,246,
4233,123,,,,,,29,,,,,253,2,
4234,126,,,,,,0,,,,,0,150,
4235,128,,,,,,2,,,,,2,162,
4236,129,,,,106,0,3,,,,,3,174,
4237,,,,,170,1,,,,,,,186,
4238,128,,,,,,2,,,,,2,198,
4239,126,,,,,,0,,,,,0,210,
4240,123,,,,,,29,,,,,253,222,
4241,122,,,,,,28,,,,,252,234,
4242,126,,,,67,0,0,,13,,,0,178,
4243,,,,,12,1,,,11,,,,,
4244,,,,,,,,,12,,,,,
4248,,,129,,71,0,3,,,,,3,186,
4249,,,128,,28,1,2,,,,,2,198,
4250,,,126,,,,0,,,,,0,210,
4251,,,123,,,,29,,,,,253,222,
4252,,,122,,,,28,,,,,252,234,
4253,,,,,,,,,,,,,246,
4254,,,123,,106,0,29,,,,,253,2,
4255,,,126,,170,1,0,,,,,0,150,
4256,,,128,,,,2,,,,,2,162,
4257,,,129,,,,3,,,,,3,174,
4258,,,,,,,,,,,,,186,
4259,,,128,,,,2,,,,,2,198,
4260,,,126,,106,0,0,,,,,0,210,
4261,,,123,,170,1,29,,,,,253,222,
4262,,,122,,,,28,,,,,252,234,
4263,,,,,,,,,,,,,246,
4264,,,123,,,,29,,,,,253,2,
4265,,,126,,,,0,,,,,0,150,
4266,122,,128,,71,0,2,,,,,2,162,
4267,123,,129,,28,1,3,,,,,3,174,
4268,126,,,,,,,,,,,,186,
4269,128,,128,,,,2,,,,,2,198,
4270,129,,126,,,,0,,,,,0,210,
4271,,,123,,,,29,,,,,253,222,
4272,128,,122,,80,0,28,,,,,252,234,
4273,126,,,,63,1,,,,,,,246,
4274,123,,123,,,,29,,,,,253,2,
4275,122,,126,,,,0,,,,,0,150,
4276,,,128,,,,2,,,,,2,162,
4277,123,,129,,,,3,,,,,3,174,
4278,126,,,,106,0,,,,,,,186,
4279,128,,128,,170,1,2,,,,,2,198,
4280,129,,126,,,,0,,,,,0,210,
4281,,,123,,,,29,,,,,253,222,
4282,128,,122,,,,28,,,,,252,234,
4283,126,,,,,,,,,,,,246,
4284,123,,123,,106,0,29,,,,,253,2,
4285,122,,126,,170,1,0,,,,,0,150,
4286,,,128,,,,2,,,,,2,162,
4287,123,,129,,,,3,,,,,3,174,
4288,126,,,,,,,,,,,,186,
4289,128,,128,,,,2,,,,,2,198,
4290,129,,126,,80,0,0,,,,,0,210,
4291,,,123,,63,1,29,,,,,253,222,
4292,128,,122,,,,28,,,,,252,234,
4293,126,,,,,,,,,,,,246,
4294,123,,123,,,,29,,,,,253,2,
4295,122,,126,,,,0,,,,,0,150,
4296,,,128,,60,0,2,,,,,2,162,
4297,123,,129,,239,,3,,,,,3,174,
4298,126,,,,,,,,,,,,186,
4299,128,,128,,,,2,,,,,2,198,
4300,129,,126,,,,0,,,,,0,210,
4301,,,123,,,,29,,,,,253,222,
4302,128,,122,,106,,28,,,,,252,234,
4303,126,,,,170,1,,,,,,,246,
4304,123,,123,,,,29,,,,,253,2,
4305,122,,126,,,,0,,,,,0,150,
4306,,,128,,,,2,,,,,2,162,
4307,123,,129,,,,3,,,,,3,174,
4308,126,,,,106,0,,,,,,,186,
4309,128,,128,,170,1,2,,,,,2,198,
4310,129,,126,,,,0,,,,,0,210,
4311,,,123,,,,29,,,,,253,222,
4312,128,,122,,,,28,,,,,252,234,
4313,126,,,,,,,,,,,,246,
4314,123,,123,,60,0,29,,,,,253,2,
4315,122,,126,,239,,0,,,,,0,150,
4316,,,128,,,,2,,,,,2,162,
4317,123,,129,,,,3,,,,,3,174,
4318,126,,,,,,,,,,,,186,
4319,128,,128,,,,2,,,,,2,198,
4320,129,,126,,67,,0,,,,,0,210,
4321,,,123,,12,1,29,,,,,253,222,
4322,128,,122,,,,28,,,,,252,234,
4323,126,,,,,,,,,,,,246,
4324,123,,123,,,,29,,,,,253,2,
4325,122,,126,,,,0,,,,,0,150,
4326,,,128,,106,0,2,,,,,2,162,
4327,123,,129,,170,1,3,,,,,3,174,
4328,126,,,,,,,,,,,,186,
4329,128,,128,,,,2,,,,,2,198,
4330,129,,126,,,,0,,,,,0,210,
4331,,,123,,,,29,,,,,253,222,
4332,128,,122,,106,0,28,,,,,252,234,
4333,126,,,,170,1,,,,,,,246,
4334,123,,123,,,,29,,,,,253,2,
4335,122,,126,,,,0,,,,,0,150,
4336,,,128,,,,2,,,,,2,162,
4337,123,,129,,,,3,,,,,3,174,
4338,126,,,,67,0,,,,,,,186,
4339,128,,128,,12,1,2,,,,,2,198,
4340,129,,126,,,,0,,,,,0,210,
4341,,,123,,,,29,,,,,253,222,
4342,128,,122,,,,28,,,,,252,234,
4343,126,,,,,,,,,,,,246,
4344,123,,123,,71,0,29,,,,,253,2,
4345,122,,126,,28,1,0,,,,,0,150,
4346,,,128,,,,2,,,,,2,162,
4347,123,,129,,,,3,,,,,3,174,
4348,126,,,,,,,,,,,,186,
4349,128,,128,,,,2,,,,,2,198,
4350,129,,126,,106,0,0,,,,,0,210,
4351,,,123,,170,1,29,,,,,253,222,
4352,128,,122,,,,28,,,,,252,234,
4353,126,,,,,,,,,,,,246,
4354,123,,123,,,,29,,,,,253,2,
4355,122,,126,,,,0,,,,,0,150,
4356,,,128,,106,0,2,,,,,2,162,
4357,123,,129,,170,1,3,,,,,3,174,
4358,126,,,,,,,,,,,,186,
4359,128,,128,,,,2,,,,,2,198,
4360,129,,126,,,,0,,,,,0,210,
4361,,,123,,,,29,,,,,253,222,
4362,128,,122,,71,0,28,,,,,252,234,
4363,126,,,,28,1,,,,,,,246,
4364,123,,123,,,,29,,,,,253,2,
4365,122,,126,,,,0,,,,,0,150,
4366,,,128,,,,2,,,,,2,162,
4367,123,,129,,,,3,,,,,3,174,
4368,126,,83,3,80,0,0,,,,,0,150,
4369,128,,,,63,1,2,,,,,2,162,
4370,129,,,,,,3,,,,,3,174,
4371,,,,,,,,,,,,,186,
4372,128,,,,,,2,,,,,2,198,
4373,126,,,,,,0,,,,,0,210,
4374,123,,,,106,0,29,,,,,253,222,
4375,122,,,,170,1,28,,,,,252,234,
4376,,,,,,,,,,,,,246,
4377,123,,,,,,29,,,,,253,2,
4378,126,,,,,,0,,,,,0,150,
4379,128,,,,,,2,,,,,2,162,
4380,129,,,,106,0,3,,,,,3,174,
4381,,,,,170,1,,,,,,,186,
4382,128,,,,,,2,,,,,2,198,
4383,126,,,,,,0,,,,,0,210,
4384,123,,,,,,29,,,,,253,222,
4385,122,,,,,,28,,,,,252,234,
4386,83,3,126,2,80,0,0,,13,,,0,178,
4387,,,,,63,1,,,11,,,,,
4388,,,,,,,,,12,,,,,
4392,,,,,89,0,,,,,,,,
4393,,,,,102,1,,,,,,,,
4398,,,,,106,0,,,,,,,,
4399,,,,,170,1,,,,,,,,
4404,126,2,83,3,106,0,,,13,,,,,
4405,,,,,170,1,,,11,,,,,
4406,,,,,,,,,12,,,,,
4410,,,,,89,0,,,,,,,,
4411,,,,,102,1,,,,,,,,
4416,,,36,,100,0,,,,,,,,
4417,,,,,146,1,,,,,,,,
4422,83,3,,,106,0,,,13,,,,,
4423,,,,,170,1,,,11,,,,,
4424,,,,,,,,,12,,,,,
4428,,,,,159,0,,,,,,,,
4429,,,,,126,2,,,,,,,,
4434,36,,,,100,0,,,13,,,,,
4435,,,,,146,1,,,11,,,,,
4436,,,,,,,,,12,,,,,
4440,,,39,,106,0,3,,,,,3,186,
4441,,,38,,170,1,2,,,,,2,198,
4442,,,36,,,,0,,,,,0,210,
4443,,,33,,,,29,,,,,253,222,
4444,,,32,,,,28,,,,,252,234,
4445,,,,,,,,,,,,,246,
4446,,,33,,159,0,29,,,,,253,2,
4447,,,36,,126,2,0,,,,,0,150,
4448,,,38,,,,2,,,,,2,162,
4449,,,39,,,,3,,,,,3,174,
4450,,,,,,,,,,,,,186,
4451,,,38,,,,2,,,,,2,198,
4452,,,36,,159,0,0,,,,,0,210,
4453,,,33,,126,2,29,,,,,253,222,
4454,,,32,,,,28,,,,,252,234,
4455,,,,,,,,,,,,,246,
4456,,,33,,,,29,,,,,253,2,
4457,,,36,,,,0,,,,,0,150,
4458,32,,38,,106,0,2,,,,,2,162,
4459,33,,39,,170,1,3,,,,,3,174,
4460,36,,,,,,,,,,,,186,
4461,38,,38,,,,2,,,,,2,198,
4462,39,,36,,,,0,,,,,0,210,
4463,,,33,,,,29,,,,,253,222,
4464,38,,32,,119,0,28,,,,,252,234,
4465,36,,,,222,1,,,,,,,246,
4466,33,,33,,,,29,,,,,253,2,
4467,32,,36,,,,0,,,,,0,150,
4468,,,38,,,,2,,,,,2,162,
4469,33,,39,,,,3,,,,,3,174,
4470,36,,,,159,0,,,,,,,186,
4471,38,,38,,126,2,2,,,,,2,198,
4472,39,,36,,,,0,,,,,0,210,
4473,,,33,,,,29,,,,,253,222,
4474,38,,32,,,,28,,,,,252,234,
4475,36,,,,,,,,,,,,246,
4476,33,,33,,159,0,29,,,,,253,2,
4477,32,,36,,126,2,0,,,,,0,150,
4478,,,38,,,,2,,,,,2,162,
4479,33,,39,,,,3,,,,,3,174,
4480,36,,,,,,,,,,,,186,
4481,38,,38,,,,2,,,,,2,198,
4482,39,,36,,119,0,0,,,,,0,210,
4483,,,33,,222,1,29,,,,,253,222,
4484,38,,32,,,,28,,,,,252,234,
4485,36,,,,,,,,,,,,246,
4486,33,,33,,,,29,,,,,253,2,
4487,32,,36,,,,0,,,,,0,150,
4488,,,38,,89,0,2,,,,,2,162,
4489,33,,39,,102,1,3,,,,,3,174,
4490,36,,,,,,,,,,,,186,
4491,38,,38,,,,2,,,,,2,198,
4492,39,,36,,,,0,,,,,0,210,
4493,,,33,,,,29,,,,,253,222,
4494,38,,32,,159,0,28,,,,,252,234,
4495,36,,,,126,2,,,,,,,246,
4496,33,,33,,,,29,,,,,253,2,
4497,32,,36,,,,0,,,,,0,150,
4498,,,38,,,,2,,,,,2,162,
4499,33,,39,,,,3,,,,,3,174,
4500,36,,,,159,0,,,,,,,186,
4501,38,,38,,126,2,2,,,,,2,198,
4502,39,,36,,,,0,,,,,0,210,
4503,,,33,,,,29,,,,,253,222,
4504,38,,32,,,,28,,,,,252,234,
4505,36,,,,,,,,,,,,246,
4506,33,,33,,89,0,29,,,,,253,2,
4507,32,,36,,102,1,0,,,,,0,150,
4508,,,38,,,,2,,,,,2,162,
4509,33,,39,,,,3,,,,,3,174,
4510,36,,,,,,,,,,,,186,
4511,38,,38,,,,2,,,,,2,198,
4512,39,,24,2,100,0,3,,,,,3,174,
4513,,,,,146,1,,,,,,,186,
4514,38,,,,,,2,,,,,2,198,
4515,36,,,,,,0,,,,,0,210,
4516,33,,,,,,29,,,,,253,222,
4517,32,,,,,,28,,,,,252,234,
4518,,,,,159,0,,,,,,,246,
4519,33,,,,126,2,29,,,,,253,2,
4520,36,,,,,,0,,,,,0,150,
4521,38,,,,,,2,,,,,2,162,
4522,39,,,,,,3,,,,,3,174,
4523,,,,,,,,,,,,,186,
4524,38,,,,159,0,0,,,,,0,210,
4525,36,,21,,126,2,29,,,,,253,222,
4526,33,,20,,,,28,,,,,252,234,
4527,32,,,,,,,,,,,,246,
4528,,,21,,,,29,,,,,253,2,
4529,33,,24,,,,0,,,,,0,150,
4530,24,2,26,,100,0,2,,13,,,2,162,
4531,,,27,,146,1,3,,11,,,3,174,
4532,,,,,,,,,12,,,,186,
4533,,,26,,,,2,,,,,2,198,
4534,,,24,,,,0,,,,,0,210,
4535,,,21,,,,29,,,,,253,222,
4536,,,25,,106,0,0,,,,,0,178,
4537,,,23,,170,1,,,,,,,,
4538,,,21,,,,,,,,,,,
4539,,,19,,,,,,,,,,,
4540,,,17,,,,,,,,,,,
4541,,,15,,,,,,,,,,,
4542,,,13,,159,0,,,,,,,150,
4543,26,,11,,126,2,2,,,,,2,162,
4544,27,,9,,,,3,,,,,3,174,
4545,,,7,,,,,,,,,,186,
4546,26,,5,,,,2,,,,,2,198,
4547,24,,3,,,,0,,,,,0,210,
4548,21,,1,,159,0,29,,,,,253,222,
4549,20,,255,1,126,2,28,,,,,252,234,
4550,,,253,,,,,,,,,,246,
4551,21,,251,,,,29,,,,,253,2,
4552,24,,249,,,,0,,,,,0,150,
4553,26,,247,,,,2,,,,,2,162,
4554,25,,245,,106,0,0,,13,,,0,178,
4555,23,,243,,170,1,,,11,,,,,
4556,21,,241,,,,,,12,,,,,
4557,19,,239,,,,,,,,,,,
4558,17,,237,,,,,,,,,,,
4559,15,,235,,,,,,,,,,,
4560,13,,222,,119,0,,,,,,,,
4561,11,,,,222,1,,,,,,,,
4562,9,,,,,,,,,,,,,
4563,7,,,,,,,,,,,,,
4564,5,,,,,,,,,,,,,
4565,3,,,,,,,,,,,,,
4566,1,,,,159,0,,,,,,,,
4567,255,1,,,126,2,,,,,,,,
4568,253,,,,,,,,,,,,,
4569,251,,,,,,,,,,,,,
4570,249,,,,,,,,,,,,,
4571,247,,,,,,,,,,,,,
4572,245,,,,159,0,,,,,,,,
4573,243,,,,126,2,,,,,,,,
4574,241,,,,,,,,,,,,,
4575,239,,,,,,,,,,,,,
4576,237,,,,,,,,,,,,,
4577,235,,,,,,,,,,,,,
4578,222,,,,119,0,,,13,,,,,
4579,,,,,222,1,,,11,,,,,
4580,,,,,,,,,12,,,,,
4584,,,218,,134,0,28,,,,,252,234,
4585,,,,,24,2,,,,,,,246,
4586,,,219,,,,29,,,,,253,2,
4587,,,222,,,,0,,,,,0,150,
4588,,,224,,,,2,,,,,2,162,
4589,,,225,,,,3,,,,,3,174,
4590,,,,,159,0,,,,,,,186,
4591,,,224,,126,2,2,,,,,2,198,
4592,,,222,,,,0,,,,,0,210,
4593,,,219,,,,29,,,,,253,222,
4594,,,218,,,,28,,,,,252,234,
4595,,,,,,,,,,,,,246,
4596,,,219,,142,0,29,,,,,253,2,
4597,,,222,,56,2,0,,,,,0,150,
4598,,,224,,,,2,,,,,2,162,
4599,,,225,,,,3,,,,,3,174,
4600,,,,,,,,,,,,,186,
4601,,,224,,,,2,,,,,2,198,
4602,225,,222,,134,0,0,,,,,0,210,
4603,,,219,,24,2,29,,,,,253,222,
4604,224,,218,,,,28,,,,,252,234,
4605,222,,,,,,,,,,,,246,
4606,219,,219,,,,29,,,,,253,2,
4607,218,,222,,,,0,,,,,0,150,
4608,,,170,,67,0,28,,,,,252,246,
4609,219,,,,12,1,29,,,,,253,2,
4610,222,,,,,,0,,,,,0,150,
4611,224,,,,,,2,,,,,2,162,
4612,225,,,,,,3,,,,,3,174,
4613,,,,,,,,,,,,,186,
4614,224,,,,67,0,2,,,,,2,198,
4615,222,,,,12,1,0,,,,,0,210,
4616,219,,,,,,29,,,,,253,222,
4617,218,,,,,,28,,,,,252,234,
4618,,,,,,,,,,,,,246,
4619,219,,,,,,29,,,,,253,2,
4620,222,,,,106,0,0,,,,,0,150,
4621,224,,,,170,1,2,,,,,2,162,
4622,225,,,,,,3,,,,,3,174,
4623,,,,,,,,,,,,,186,
4624,224,,,,,,2,,,,,2,198,
4625,222,,,,,,0,,,,,0,210,
4626,170,,,,67,0,,,13,,,,178,
4627,,,,,12,1,,,11,,,,,
4628,,,,,,,,,12,,,,,
4632,,,,,71,0,,,,,,,,
4633,,,,,28,1,,,,,,,,
4638,,,172,,106,0,2,,,,,2,162,
4639,,,173,,170,1,3,,,,,3,174,
4640,,,,,,,,,,,,,186,
4641,,,172,,,,2,,,,,2,198,
4642,,,170,,,,0,,,,,0,210,
4643,,,167,,,,29,,,,,253,222,
4644,,,166,,106,0,28,,,,,252,234,
4645,,,,,170,1,,,,,,,246,
4646,,,167,,,,29,,,,,253,2,
4647,,,170,,,,0,,,,,0,150,
4648,,,172,,,,2,,,,,2,162,
4649,,,173,,,,3,,,,,3,174,
4650,,,,,71,0,,,,,,,186,
4651,,,172,,28,1,2,,,,,2,198,
4652,,,170,,,,0,,,,,0,210,
4653,,,167,,,,29,,,,,253,222,
4654,,,166,,,,28,,,,,252,234,
4655,,,,,,,,,,,,,246,
4656,167,,167,,80,0,29,,,,,253,2,
4657,166,,170,,63,1,0,,,,,0,150,
4658,,,172,,,,2,,,,,2,162,
4659,167,,173,,,,3,,,,,3,174,
4660,170,,,,,,,,,,,,186,
4661,172,,172,,,,2,,,,,2,198,
4662,173,,170,,106,0,0,,,,,0,210,
4663,,,167,,170,1,29,,,,,253,222,
4664,172,,166,,,,28,,,,,252,234,
4665,170,,,,,,,,,,,,246,
4666,167,,167,,,,29,,,,,253,2,
4667,166,,170,,,,0,,,,,0,150,
4668,,,172,,106,0,2,,,,,2,162,
4669,167,,173,,170,1,3,,,,,3,174,
4670,170,,,,,,,,,,,,186,
4671,172,,172,,,,2,,,,,2,198,
4672,173,,170,,,,0,,,,,0,210,
4673,,,167,,,,29,,,,,253,222,
4674,172,,166,,80,0,28,,,,,252,234,
4675,170,,,,63,1,,,,,,,246,
4676,167,,167,,,,29,,,,,253,2,
4677,166,,170,,,,0,,,,,0,150,
4678,,,172,,,,2,,,,,2,162,
4679,167,,173,,,,3,,,,,3,174,
4680,170,,,,60,0,,,,,,,186,
4681,172,,172,,239,,2,,,,,2,198,
4682,173,,170,,,,0,,,,,0,210,
4683,,,167,,,,29,,,,,253,222,
4684,172,,166,,,,28,,,,,252,234,
4685,170,,,,,,,,,,,,246,
4686,167,,167,,106,,29,,,,,253,2,
4687,166,,170,,170,1,0,,,,,0,150,
4688,,,172,,,,2,,,,,2,162,
4689,167,,173,,,,3,,,,,3,174,
4690,170,,,,,,,,,,,,186,
4691,172,,172,,,,2,,,,,2,198,
4692,173,,170,,106,0,0,,,,,0,210,
4693,,,167,,170,1,29,,,,,253,222,
4694,172,,166,,,,28,,,,,252,234,
4695,170,,,,,,,,,,,,246,
4696,167,,167,,,,29,,,,,253,2,
4697,166,,170,,,,0,,,,,0,150,
4698,,,172,,60,0,2,,,,,2,162,
4699,167,,173,,239,,3,,,,,3,174,
4700,170,,,,,,,,,,,,186,
4701,172,,172,,,,2,,,,,2,198,
4702,173,,170,,,,0,,,,,0,210,
4703,,,167,,,,29,,,,,253,222,
4704,172,,63,,67,,2,,,,,2,198,
4705,170,,,,12,1,0,,,,,0,210,
4706,167,,,,,,29,,,,,253,222,
4707,166,,,,,,28,,,,,252,234,
4708,,,,,,,,,,,,,246,
4709,167,,,,,,29,,,,,253,2,
4710,170,,,,106,0,0,,,,,0,150,
4711,172,,,,170,1,2,,,,,2,162,
4712,173,,,,,,3,,,,,3,174,
4713,,,,,,,,,,,,,186,
4714,172,,,,,,2,,,,,2,198,
4715,170,,,,,,0,,,,,0,210,
4716,167,,,,106,0,29,,,,,253,222,
4717,166,,,,170,1,28,,,,,252,234,
4718,,,,,,,,,,,,,246,
4719,167,,,,,,29,,,,,253,2,
4720,170,,,,,,0,,,,,0,150,
4721,172,,,,,,2,,,,,2,162,
4722,63,,59,,67,0,28,,13,,,252,234,
4723,,,,,12,1,,,11,,,,246,
4724,,,60,,,,29,,12,,,253,2,
4725,,,63,,,,0,,,,,0,150,
4726,,,65,,,,2,,,,,2,162,
4727,,,66,,,,3,,,,,3,174,
4728,,,,,71,0,,,,,,,186,
4729,,,65,,28,1,2,,,,,2,198,
4730,,,63,,,,0,,,,,0,210,
4731,,,60,,,,29,,,,,253,222,
4732,,,59,,,,28,,,,,252,234,
4733,,,,,,,,,,,,,246,
4734,,,60,,106,0,29,,,,,253,2,
4735,,,63,,170,1,0,,,,,0,150,
4736,,,65,,,,2,,,,,2,162,
4737,,,66,,,,3,,,,,3,174,
4738,,,,,,,,,,,,,186,
4739,,,65,,,,2,,,,,2,198,
4740,66,,63,,106,0,0,,,,,0,210,
4741,,,60,,170,1,29,,,,,253,222,
4742,65,,59,,,,28,,,,,252,234,
4743,63,,,,,,,,,,,,246,
4744,60,,60,,,,29,,,,,253,2,
4745,59,,63,,,,0,,,,,0,150,
4746,,,65,,71,0,2,,,,,2,162,
4747,60,,66,,28,1,3,,,,,3,174,
4748,63,,,,,,,,,,,,186,
4749,65,,65,,,,2,,,,,2,198,
4750,66,,63,,,,0,,,,,0,210,
4751,,,60,,,,29,,,,,253,222,
4752,65,,170,,80,0,2,,,,,2,198,
4753,63,,,,63,1,0,,,,,0,210,
4754,60,,,,,,29,,,,,253,222,
4755,59,,,,,,28,,,,,252,234,
4756,,,,,,,,,,,,,246,
4757,60,,,,,,29,,,,,253,2,
4758,63,,,,106,0,0,,,,,0,150,
4759,65,,,,170,1,2,,,,,2,162,
4760,66,,,,,,3,,,,,3,174,
4761,,,,,,,,,,,,,186,
4762,65,,,,,,2,,,,,2,198,
4763,63,,,,,,0,,,,,0,210,
4764,60,,,,106,0,29,,,,,253,222,
4765,59,,,,170,1,28,,,,,252,234,
4766,,,,,,,,,,,,,246,
4767,60,,,,,,29,,,,,253,2,
4768,63,,,,,,0,,,,,0,150,
4769,65,,,,,,2,,,,,2,162,
4770,170,,63,,80,0,0,,13,,,0,178,
4771,,,,,63,1,,,11,,,,,
4772,,,,,,,,,12,,,,,
4776,,,,,89,0,,,,,,,,
4777,,,,,102,1,,,,,,,,
4782,,,,,106,0,,,,,,,,
4783,,,,,170,1,,,,,,,,
4788,63,,28,,106,0,,,13,,,,,
4789,,,,,170,1,,,11,,,,,
4790,,,,,,,,,12,,,,,
4794,,,,,89,0,,,,,,,,
4795,,,,,102,1,,,,,,,,
4800,,,12,,100,0,,,,,,,,
4801,,,,,146,1,,,,,,,,
4806,28,,,,106,0,,,13,,,,,
4807,,,,,170,1,,,11,,,,,
4808,,,,,,,,,12,,,,,
4812,,,,,159,0,,,,,,,,
4813,,,,,126,2,,,,,,,,
4818,12,,,,100,0,,,13,,,,,
4819,,,,,146,1,,,11,,,,,
4820,,,,,,,,,12,,,,,
4824,,,8,,106,0,28,,,,,252,234,
4825,,,,,170,1,,,,,,,246,
4826,,,9,,,,29,,,,,253,2,
4827,,,12,,,,0,,,,,0,150,
4828,,,14,,,,2,,,,,2,162,
4829,,,15,,,,3,,,,,3,174,
4830,,,,,159,0,,,,,,,186,
4831,,,14,,126,2,2,,,,,2,198,
4832,,,12,,,,0,,,,,0,210,
4833,,,9,,,,29,,,,,253,222,
4834,,,8,,,,28,,,,,252,234,
4835,,,,,,,,,,,,,246,
4836,,,9,,159,0,29,,,,,253,2,
4837,,,12,,126,2,0,,,,,0,150,
4838,,,14,,,,2,,,,,2,162,
4839,,,15,,,,3,,,,,3,174,
4840,,,,,,,,,,,,,186,
4841,,,14,,,,2,,,,,2,198,
4842,15,,12,,106,0,0,,,,,0,210,
4843,,,9,,170,1,29,,,,,253,222,
4844,14,,8,,,,28,,,,,252,234,
4845,12,,,,,,,,,,,,246,
4846,9,,9,,,,29,,,,,253,2,
4847,8,,12,,,,0,,,,,0,150,
4848,,,239,0,119,0,28,,,,,252,246,
4849,9,,,,222,1,29,,,,,253,2,
4850,12,,,,,,0,,,,,0,150,
4851,14,,,,,,2,,,,,2,162,
4852,15,,,,,,3,,,,,3,174,
4853,,,,,,,,,,,,,186,
4854,14,,,,159,0,2,,,,,2,198,
4855,12,,,,126,2,0,,,,,0,210,
4856,9,,,,,,29,,,,,253,222,
4857,8,,,,,,28,,,,,252,234,
4858,,,,,,,,,,,,,246,
4859,9,,,,,,29,,,,,253,2,
4860,12,,,,159,0,0,,,,,0,150,
4861,14,,,,126,2,2,,,,,2,162,
4862,15,,,,,,3,,,,,3,174,
4863,,,,,,,,,,,,,186,
4864,14,,,,,,2,,,,,2,198,
4865,12,,,,,,0,,,,,0,210,
4866,239,0,241,,119,0,2,,13,,,2,162,
4867,,,242,,222,1,3,,11,,,3,174,
4868,,,,,,,,,12,,,,186,
4869,,,241,,,,2,,,,,2,198,
4870,,,239,,,,0,,,,,0,210,
4871,,,236,,,,29,,,,,253,222,
4872,,,235,,89,0,28,,,,,252,234,
4873,,,,,102,1,,,,,,,246,
4874,,,236,,,,29,,,,,253,2,
4875,,,239,,,,0,,,,,0,150,
4876,,,241,,,,2,,,,,2,162,
4877,,,242,,,,3,,,,,3,174,
4878,,,,,159,0,,,,,,,186,
4879,,,241,,126,2,2,,,,,2,198,
4880,,,239,,,,0,,,,,0,210,
4881,,,236,,,,29,,,,,253,222,
4882,,,235,,,,28,,,,,252,234,
4883,,,,,,,,,,,,,246,
4884,236,,236,,159,0,29,,,,,253,2,
4885,235,,239,,126,2,0,,,,,0,150,
4886,,,241,,,,2,,,,,2,162,
4887,236,,242,,,,3,,,,,3,174,
4888,239,,,,,,,,,,,,186,
4889,241,,241,,,,2,,,,,2,198,
4890,242,,239,,89,0,0,,,,,0,210,
4891,,,236,,102,1,29,,,,,253,222,
4892,241,,235,,,,28,,,,,252,234,
4893,239,,,,,,,,,,,,246,
4894,236,,236,,,,29,,,,,253,2,
4895,235,,239,,,,0,,,,,0,150,
4896,,,213,,100,0,28,,,,,252,246,
4897,236,,,,146,1,29,,,,,253,2,
4898,239,,,,,,0,,,,,0,150,
4899,241,,,,,,2,,,,,2,162,
4900,242,,,,,,3,,,,,3,174,
4901,,,,,,,,,,,,,186,
4902,241,,,,159,0,2,,,,,2,198,
4903,239,,,,126,2,0,,,,,0,210,
4904,236,,,,,,29,,,,,253,222,
4905,235,,,,,,28,,,,,252,234,
4906,,,,,,,,,,,,,246,
4907,236,,,,,,29,,,,,253,2,
4908,239,,,,159,0,0,,,,,0,150,
4909,241,,,,126,2,2,,,,,2,162,
4910,242,,,,,,3,,,,,3,174,
4911,,,,,,,,,,,,,186,
4912,241,,,,,,2,,,,,2,198,
4913,239,,,,,,0,,,,,0,210,
4914,213,,215,,100,0,2,,13,,,2,162,
4915,,,216,,146,1,3,,11,,,3,174,
4916,,,,,,,,,12,,,,186,
4917,,,215,,,,2,,,,,2,198,
4918,,,213,,,,0,,,,,0,210,
4919,,,210,,,,29,,,,,253,222,
4920,,,209,,106,0,28,,,,,252,234,
4921,,,,,170,1,,,,,,,246,
4922,,,210,,,,29,,,,,253,2,
4923,,,213,,,,0,,,,,0,150,
4924,,,215,,,,2,,,,,2,162,
4925,,,216,,,,3,,,,,3,174,
4926,,,,,159,0,,,,,,,186,
4927,,,215,,126,2,2,,,,,2,198,
4928,,,213,,,,0,,,,,0,210,
4929,,,210,,,,29,,,,,253,222,
4930,,,209,,,,28,,,,,252,234,
4931,,,,,,,,,,,,,246,
4932,210,,210,,159,0,29,,,,,253,2,
4933,209,,213,,126,2,0,,,,,0,150,
4934,,,215,,,,2,,,,,2,162,
4935,210,,216,,,,3,,,,,3,174,
4936,213,,,,,,,,,,,,186,
4937,215,,215,,,,2,,,,,2,198,
4938,216,,213,,106,0,0,,,,,0,210,
4939,,,210,,170,1,29,,,,,253,222,
4940,215,,209,,,,28,,,,,252,234,
4941,213,,,,,,,,,,,,246,
4942,210,,210,,,,29,,,,,253,2,
4943,209,,213,,,,0,,,,,0,150,
4944,,,179,,119,0,28,,,,,252,246,
4945,210,,,,222,1,29,,,,,253,2,
4946,213,,,,,,0,,,,,0,150,
4947,215,,,,,,2,,,,,2,162,
4948,216,,,,,,3,,,,,3,174,
4949,,,,,,,,,,,,,186,
4950,215,,,,159,0,2,,,,,2,198,
4951,213,,,,126,2,0,,,,,0,210,
4952,210,,,,,,29,,,,,253,222,
4953,209,,,,,,28,,,,,252,234,
4954,,,,,,,,,,,,,246,
4955,210,,,,,,29,,,,,253,2,
4956,213,,181,,159,0,2,,,,,2,162,
4957,215,,182,,126,2,3,,,,,3,174,
4958,216,,,,,,,,,,,,186,
4959,,,181,,,,2,,,,,2,198,
4960,215,,179,,,,0,,,,,0,210,
4961,213,,176,,,,29,,,,,253,222,
4962,179,,175,,119,0,28,,13,,,252,234,
4963,,,,,222,1,,,11,,,,246,
4964,,,176,,,,29,,12,,,253,2,
4965,,,179,,,,0,,,,,0,150,
4966,,,181,,,,2,,,,,2,162,
4967,,,182,,,,3,,,,,3,174,
4968,,,159,,134,0,0,,,,,0,178,
4969,,,,,24,2,,,,,,,,
4974,176,,,,159,0,29,,,,,253,222,
4975,175,,,,126,2,28,,,,,252,234,
4976,,,,,,,,,,,,,246,
4977,176,,,,,,29,,,,,253,2,
4978,179,,,,,,0,,,,,0,150,
4979,181,,,,,,2,,,,,2,162,
4980,182,,,,142,0,3,,,,,3,174,
4981,,,,,56,2,,,,,,,186,
4982,181,,,,,,2,,,,,2,198,
4983,179,,,,,,0,,,,,0,210,
4984,176,,,,,,29,,,,,253,222,
4985,175,,,,,,28,,,,,252,234,
4986,159,,,,134,0,0,,13,,,0,178,
4987,,,,,24,2,,,11,,,,,
4988,,,,,,,,,12,,,,,
4992,168,3,123,1,179,0,20,48,15,,,20,,
4993,,,63,,,,0,56,,,,0,,
4994,8,4,213,0,89,,,,,,,,,
4995,88,,,,,,,,13,,,,,
4996,232,,,,,,,,,,,,,
4997,120,5,,,,,,,,,,,,
4998,246,2,80,,190,,,57,16,,,47,0,
4999,237,5,63,1,,,,,,,,94,,
5000,,,,,95,,,,,,,,,
5002,,,,,,,,,0,,,0,114,
5004,,,127,0,179,,,,16,,,94,0,
5005,217,11,250,1,,,,,,,,189,,
5006,,,,,89,,,,,,,,,
5008,,,,,,,,,0,,,0,178,
5010,237,5,123,,190,,,,16,,,94,0,
5011,217,11,63,,,,,,,,,189,,
5012,,,213,0,95,,,,,,,,,
5014,,,,,,,,,0,,,0,146,
5016,246,2,112,4,179,,16,41,16,15,,47,0,
5017,237,5,68,2,,,0,57,,,,94,,
5018,,,128,,89,,12,41,,,,,,
5019,,,208,,,,13,,,,,,,
5020,,,212,,,,0,57,0,14,,0,178,
5021,,,192,3,,,,,,13,,,,
5022,,,127,0,190,,,,16,,,94,0,
5023,217,11,250,1,,,,,,,,189,,
5024,,,,,95,,,,,,,,,
5026,,,,,,,,,0,,,0,114,
5028,168,3,123,,179,,20,48,15,,,20,,
5029,,,63,,,,0,56,,,,0,,
5030,8,4,213,0,89,,,,,,,,,
5031,88,,,,,,,,13,,,,,
5032,232,,,,,,,,,,,,,
5033,120,5,,,,,,,,,,,,
5034,246,2,84,,190,,,57,16,,,47,0,
5035,237,5,82,1,,,,,,,,94,,
5036,,,,,95,,,,,,,,,
5038,,,,,,,,,0,,,0,114,
5040,,,95,0,179,,,,16,,,94,0,
5041,217,11,123,1,,,,,,,,189,,
5042,,,,,89,,,,,,,,,
5044,,,,,,,,,0,,,0,178,
5046,237,5,,,190,,,,16,,,94,0,
5047,217,11,63,,,,,,,,,189,,
5048,,,213,0,95,,,,,,,,,
5050,,,,,,,,,0,,,0,82,
5052,168,3,127,,179,,20,48,15,,,20,178,
5053,,,250,1,,,0,56,,,,0,,
5054,8,4,,,89,,,,,,,,,
5055,88,,,,,,,,13,,,,,
5056,232,,,,,,,,,,,,,
5057,120,5,,,,,,,,,,,,
5058,237,,95,0,190,,,57,16,,,94,0,
5059,217,11,123,1,,,,,,,,189,,
5060,,,,,95,,,,,,,,,
5062,,,,,,,,,0,,,0,114,
5064,246,2,112,4,179,,16,41,16,15,,47,0,
5065,237,5,68,2,,,0,57,,,,94,,
5066,,,128,,89,,12,41,,,,,,
5067,,,208,,,,13,,,,,,,
5068,,,212,,,,0,57,0,14,,0,178,
5069,,,192,3,,,,,,13,,,,
5070,83,3,123,1,190,,,,16,,,53,0,
5071,167,6,63,,,,,,,,,106,,
5072,,,213,0,95,,,,,,,,,
5074,,,,,,,,,0,,,0,178,
5076,244,3,127,,179,,,,16,,,63,0,
5077,232,7,250,1,,,,,,,,126,,
5078,,,,,89,,,,,,,,,
5080,,,,,,,,,0,,,0,178,
5082,168,3,123,,190,,20,48,15,,,20,146,
5083,,,63,,,,0,56,,,,0,,
5084,8,4,213,0,95,,,,,,,,,
5085,88,,,,,,,,13,,,,,
5086,232,,,,,,,,,,,,,
5087,120,5,,,,,,,,,,,,
5088,168,3,123,1,239,,20,48,15,,,20,178,
5089,,,63,,,,0,56,,,,0,,
5090,8,4,213,0,119,,,,,,,,,
5091,88,,,,,,,,13,,,,,
5092,232,,,,,,,,,,,,,
5093,120,5,,,,,,,,,,,,
5094,246,2,127,,253,,,57,16,,,47,0,
5095,237,5,250,1,,,,,,,,94,,
5096,,,,,127,,,,,,,,,
5098,,,,,,,,,0,,,0,114,
5100,,,127,0,239,,,,16,,,94,0,
5101,217,11,250,1,,,,,,,,189,,
5102,,,,,119,,,,,,,,,
5104,,,,,,,,,0,,,0,178,
5106,237,5,123,,253,,,,16,,,94,0,
5107,217,11,63,,,,,,,,,189,,
5108,,,213,0,127,,,,,,,,,
5110,,,,,,,,,0,,,0,146,
5112,246,2,112,4,239,,16,41,16,15,,47,0,
5113,237,5,68,2,,,0,57,,,,94,,
5114,,,128,,119,,12,41,,,,,,
5115,,,208,,,,13,,,,,,,
5116,,,212,,,,0,57,0,14,,0,178,
5117,,,192,3,,,,,,13,,,,
5118,,,127,0,253,,,,16,,,94,0,
5119,217,11,250,1,,,,,,,,189,,
5120,,,,,127,,,,,,,,,
5122,,,,,,,,,0,,,0,114,
5124,168,3,123,,239,,20,48,15,,,20,,
5125,,,63,,,,0,56,,,,0,,
5126,8,4,213,0,119,,,,,,,,,
5127,88,,,,,,,,13,,,,,
5128,232,,,,,,,,,,,,,
5129,120,5,,,,,,,,,,,,
5130,246,2,84,,253,,,57,16,,,47,0,
5131,237,5,82,1,,,,,,,,94,,
5132,,,,,127,,,,,,,,,
5134,,,,,,,,,0,,,0,114,
5136,,,95,0,239,,,,16,,,94,0,
5137,217,11,123,1,,,,,,,,189,,
5138,,,,,119,,,,,,,,,
5140,,,,,,,,,0,,,0,178,
5142,237,5,,,253,,,,16,,,94,0,
5143,217,11,63,,,,,,,,,189,,
5144,,,213,0,127,,,,,,,,,
5146,,,,,,,,,0,,,0,82,
5148,168,3,127,,239,,20,48,15,,,20,178,
5149,,,250,1,,,0,56,,,,0,,
5150,8,4,,,119,,,,,,,,,
5151,88,,,,,,,,13,,,,,
5152,232,,,,,,,,,,,,,
5153,120,5,,,,,,,,,,,,
5154,246,2,95,0,253,,,57,16,,,47,0,
5155,237,5,123,1,,,,,,,,94,,
5156,,,,,127,,,,,,,,,
5158,,,,,,,,,0,,,0,114,
5160,252,4,112,4,239,,16,41,16,15,,79,0,
5161,247,9,68,2,,,0,57,,,,159,,
5162,,,128,,119,,12,41,,,,,,
5163,,,208,,,,13,,,,,,,
5164,,,212,,,,0,57,0,14,,0,178,
5165,,,192,3,,,,,,13,,,,
5166,168,3,123,1,253,,20,48,15,,,20,50,
5167,,,63,,,,0,56,,,,0,,
5168,8,4,213,0,127,,,,,,,,,
5169,88,,,,,,,,13,,,,,
5170,232,,,,,,,,,,,,,
5171,120,5,,,,,,,,,,,,
5172,112,4,127,,239,,,57,16,,,71,0,
5173,224,8,250,1,,,,,,,,142,,
5174,,,,,119,,,,,,,,,
5176,,,,,,,,,0,,,0,178,
5178,56,2,123,,253,,,,16,,,35,0,
5179,112,4,63,,,,,,,,,71,,
5180,,,213,0,127,,,,,,,,,
5182,,,,,,,,,0,,,0,114,
5184,168,3,222,1,63,1,20,48,15,,,20,178,
5185,,,123,,,,0,56,,,,0,,
5186,8,4,213,0,159,0,,,,,,,,
5187,88,,,,,,,,13,,,,,
5188,232,,,,,,,,,,,,,
5189,120,5,,,,,,,,,,,,
5190,222,1,80,,82,1,,57,16,,,29,0,
5191,188,3,63,1,,,,,,,,59,,
5192,,,,,169,0,,,,,,,,
5194,,,,,,,,,0,,,0,114,
5196,,,127,0,63,1,,,16,,,59,0,
5197,119,7,250,1,,,,,,,,119,,
5198,,,,,159,0,,,,,,,,
5200,,,,,,,,,0,,,0,178,
5202,188,3,222,,82,1,,,16,,,59,0,
5203,119,7,123,,,,,,,,,119,,
5204,,,213,0,169,0,,,,,,,,
5206,,,,,,,,,0,,,0,146,
5208,222,1,112,4,63,1,16,41,16,15,,29,0,
5209,188,3,68,2,,,0,57,,,,59,,
5210,,,128,,159,0,12,41,,,,,,
5211,,,208,,,,13,,,,,,,
5212,,,212,,,,0,57,0,14,,0,178,
5213,,,192,3,,,,,,13,,,,
5214,,,127,0,82,1,,,16,,,59,0,
5215,119,7,250,1,,,,,,,,119,,
5216,,,,,169,0,,,,,,,,
5218,,,,,,,,,0,,,0,114,
5220,168,3,222,,63,1,20,48,15,,,20,,
5221,,,123,,,,0,56,,,,0,,
5222,8,4,213,0,159,0,,,,,,,,
5223,88,,,,,,,,13,,,,,
5224,232,,,,,,,,,,,,,
5225,120,5,,,,,,,,,,,,
5226,222,1,84,,82,1,,57,16,,,29,0,
5227,188,3,82,1,,,,,,,,59,,
5228,,,,,169,0,,,,,,,,
5230,,,,,,,,,0,,,0,114,
5232,,,95,0,63,1,,,16,,,59,0,
5233,119,7,123,1,,,,,,,,119,,
5234,,,,,159,0,,,,,,,,
5236,,,,,,,,,0,,,0,178,
5238,222,1,222,,82,1,,,16,,,29,0,
5239,188,3,123,,,,,,,,,59,,
5240,,,213,0,169,0,,,,,,,,
5242,,,,,,,,,0,,,0,82,
5244,168,,127,,63,1,20,48,15,,,20,178,
5245,,,250,1,,,0,56,,,,0,,
5246,8,4,,,159,0,,,,,,,,
5247,88,,,,,,,,13,,,,,
5248,232,,,,,,,,,,,,,
5249,120,5,,,,,,,,,,,,
5250,188,3,95,0,82,1,,57,16,,,59,0,
5251,119,7,123,1,,,,,,,,119,,
5252,,,,,169,0,,,,,,,,
5254,,,,,,,,,0,,,0,114,
5256,222,1,112,4,63,1,16,41,16,15,,29,0,
5257,188,3,68,2,,,0,57,,,,59,,
5258,,,128,,159,0,12,41,,,,,,
5259,,,208,,,,13,,,,,,,
5260,,,212,,,,0,57,0,14,,0,178,
5261,,,192,3,,,,,,13,,,,
5262,,,222,1,82,1,,,16,,,59,0,
5263,119,7,123,,,,,,,,,119,,
5264,,,213,0,169,0,,,,,,,,
5266,,,,,,,,,0,,,0,50,
5268,188,3,127,,63,1,,,16,,,59,0,
5269,119,7,250,1,,,,,,,,119,,
5270,,,,,159,0,,,,,,,,
5272,,,,,,,,,0,,,0,178,
5274,168,3,222,,82,1,20,48,15,,,20,146,
5275,,,123,,,,0,56,,,,0,,
5276,8,4,213,0,169,0,,,,,,,,
5277,88,,,,,,,,13,,,,,
5278,232,,,,,,,,,,,,,
5279,120,5,,,,,,,,,,,,
5280,168,3,222,1,123,1,20,48,15,,,20,178,
5281,,,123,,,,0,56,,,,0,,
5282,8,4,239,0,190,0,,,,,,,,
5283,88,,,,,,,,13,,,,,
5284,232,,,,,,,,,,,,,
5285,120,5,,,,,,,,,,,,
5286,119,7,127,,170,1,,57,16,,,119,0,
5287,238,14,250,1,,,,,,,,238,,
5288,,,,,213,0,,,,,,,,
5290,,,,,,,,,0,,,0,114,
5292,188,3,127,0,123,1,,,16,,,59,0,
5293,119,7,250,1,,,,,,,,119,,
5294,,,,,190,0,,,,,,,,
5296,,,,,,,,,0,,,0,178,
5298,,,222,,170,1,,,16,,,119,0,
5299,238,14,123,,,,,,,,,238,,
5300,,,239,0,213,0,,,,,,,,
5302,,,,,,,,,0,,,0,146,
5304,188,3,112,4,123,1,16,41,16,15,,59,0,
5305,119,7,68,2,,,0,57,,,,119,,
5306,,,128,,190,0,12,41,,,,,,
5307,,,208,,,,13,,,,,,,
5308,,,212,,,,0,57,0,14,,0,178,
5309,,,192,3,,,,,,13,,,,
5310,,,127,0,170,1,,,16,,,119,0,
5311,238,14,250,1,,,,,,,,238,,
5312,,,,,213,0,,,,,,,,
5314,,,,,,,,,0,,,0,114,
5316,168,3,222,,123,1,20,48,15,,,20,,
5317,,,123,,,,0,56,,,,0,,
5318,8,4,239,0,190,0,,,,,,,,
5319,88,,,,,,,,13,,,,,
5320,232,,,,,,,,,,,,,
5321,120,5,,,,,,,,,,,,
5322,188,3,84,,170,1,,57,16,,,59,0,
5323,119,7,82,1,,,,,,,,119,,
5324,,,,,213,0,,,,,,,,
5326,,,,,,,,,0,,,0,114,
5328,,,95,0,123,1,,,16,,,119,0,
5329,238,14,123,1,,,,,,,,238,,
5330,,,,,190,0,,,,,,,,
5332,,,,,,,,,0,,,0,178,
5334,188,3,222,,170,1,,,16,,,59,0,
5335,119,7,123,,,,,,,,,119,,
5336,,,239,0,213,0,,,,,,,,
5338,,,,,,,,,0,,,0,82,
5340,168,3,127,,123,1,20,48,15,,,20,178,
5341,,,250,1,,,0,56,,,,0,,
5342,8,4,,,190,0,,,,,,,,
5343,88,,,,,,,,13,,,,,
5344,232,,,,,,,,,,,,,
5345,120,5,,,,,,,,,,,,
5346,49,4,95,0,170,1,,57,16,,,67,0,
5347,97,8,123,1,,,,,,,,134,,
5348,,,,,213,0,,,,,,,,
5350,,,,,,,,,0,,,0,114,
5352,188,3,112,4,123,1,16,41,16,15,,59,0,
5353,119,7,68,2,,,0,57,,,,119,,
5354,,,128,,190,0,12,41,,,,,,
5355,,,208,,,,13,,,,,,,
5356,,,212,,,,0,57,0,14,,0,178,
5357,,,192,3,,,,,,13,,,,
5358,168,3,222,1,170,1,20,48,15,,,20,50,
5359,,,123,,,,0,56,,,,0,,
5360,8,4,239,0,213,0,,,,,,,,
5361,88,,,,,,,,13,,,,,
5362,232,,,,,,,,,,,,,
5363,120,5,,,,,,,,,,,,
5364,188,3,127,,123,1,,57,16,,,59,0,
5365,119,7,250,1,,,,,,,,119,,
5366,,,,,190,0,,,,,,,,
5368,,,,,,,,,0,,,0,178,
5370,,,222,,170,1,,,16,,,119,0,
5371,238,14,123,,,,,,,,,238,,
5372,,,239,0,213,0,,,,,,,,
5374,,,,,,,,,0,,,0,114,
5376,168,3,123,1,123,1,20,48,15,,,20,178,

### timer0,row,shape,target,source,prescaler,count,timerReset,placeReset
0,0,9,1,64,233,1,1
1,0,9,2,64,233,0,0
2,0,9,3,64,233,0,0
25,1,,,64,230,0,0
26,1,,,64,228,0,0
28,1,,,64,230,0,0
29,1,,,64,233,0,0
30,1,,,64,235,0,0
31,1,,,64,237,0,0
33,1,,,64,235,0,0
34,1,,,64,233,0,0
35,1,,,64,230,0,0
36,1,,,64,228,0,0
38,1,,,64,230,0,0
39,1,,,64,233,0,0
40,1,,,64,235,0,0
41,1,,,64,237,0,0
43,1,,,64,235,0,0
44,1,,,64,233,0,0
45,1,,,64,230,0,0
46,1,,,64,228,0,0
48,1,,,64,230,0,0
49,1,,,64,233,0,0
50,1,,,64,235,0,0
51,1,,,64,237,0,0
53,1,,,64,235,0,0
54,1,,,64,233,0,0
55,1,,,64,230,0,0
56,1,,,64,228,0,0
58,1,,,64,230,0,0
59,1,,,64,233,0,0
60,1,,,64,235,0,0
61,1,,,64,237,0,0
63,1,,,64,235,0,0
64,1,,,64,233,0,0
65,1,,,64,230,0,0
66,1,,,64,228,0,0
68,1,,,64,230,0,0
69,1,,,64,233,0,0
70,1,,,64,235,0,0
71,1,,,64,237,0,0
73,1,,,64,235,0,0
74,1,,,64,233,0,0
75,1,,,64,230,0,0
76,1,,,64,228,0,0
78,1,,,64,230,0,0
79,1,,,64,233,0,0
80,1,,,64,235,0,0
81,1,,,64,237,0,0
83,1,,,64,235,0,0
84,1,,,64,233,0,0
85,1,,,64,230,0,0
86,1,,,64,228,0,0
88,1,,,64,230,0,0
89,1,,,64,233,0,0
90,1,,,64,235,0,0
91,1,,,64,237,0,0
93,1,,,64,235,0,0
94,1,,,64,233,0,0
95,1,,,64,230,0,0
96,1,,,64,228,0,0
98,1,,,64,230,0,0
99,1,,,64,233,0,0
100,1,,,64,235,0,0
101,1,,,64,237,0,0
103,1,,,64,235,0,0
104,1,,,64,233,0,0
105,1,,,64,230,0,0
106,1,,,64,228,0,0
108,1,,,64,230,0,0
109,1,,,64,233,0,0
110,1,,,64,235,0,0
111,1,,,64,237,0,0
113,1,,,64,235,0,0
114,1,,,64,233,0,0
115,1,,,64,230,0,0
116,1,,,64,228,0,0
118,1,,,64,230,0,0
119,1,,,64,233,0,0
120,1,,,64,235,0,0
121,1,,,64,237,0,0
123,1,,,64,235,0,0
124,1,,,64,233,0,0
125,1,,,64,230,0,0
126,1,,,64,228,0,0
128,1,,,64,230,0,0
129,1,,,64,233,0,0
130,1,,,64,235,0,0
131,1,,,64,237,0,0
133,1,,,64,235,0,0
134,1,,,64,233,0,0
135,1,,,64,230,0,0
136,1,,,64,228,0,0
138,1,,,64,230,0,0
139,1,,,64,233,0,0
140,1,,,64,235,0,0
141,1,,,64,237,0,0
143,1,,,64,235,0,0
144,1,,,64,233,0,0
145,1,,,64,230,0,0
146,1,,,64,228,0,0
148,1,,,64,230,0,0
149,1,,,64,233,0,0
150,1,,,64,235,0,0
151,1,,,64,237,0,0
153,1,,,64,235,0,0
154,1,,,64,233,0,0
155,1,,,64,230,0,0
156,1,,,64,228,0,0
158,1,,,64,230,0,0
159,1,,,64,233,0,0
160,1,,,64,235,0,0
161,1,,,64,237,0,0
163,1,,,64,235,0,0
164,1,,,64,233,0,0
165,1,,,64,230,0,0
166,1,,,64,228,0,0
168,0,9,1,64,233,0,0
169,0,9,2,64,233,0,0
170,0,9,3,64,233,0,0
192,0,9,1,100,188,0,0
193,0,9,2,100,188,0,0
194,0,9,3,100,188,0,0
216,1,,,100,186,0,0
217,1,,,100,188,0,0
218,1,,,100,189,0,0
219,1,,,100,190,0,0
221,1,,,100,189,0,0
222,1,,,100,188,0,0
223,1,,,100,186,0,0
224,1,,,100,185,0,0
226,1,,,100,186,0,0
227,1,,,100,188,0,0
228,1,,,100,189,0,0
229,1,,,100,190,0,0
231,1,,,100,189,0,0
232,1,,,100,188,0,0
233,1,,,100,186,0,0
234,1,,,100,185,0,0
236,1,,,100,186,0,0
237,1,,,100,188,0,0
238,1,,,100,189,0,0
239,1,,,100,190,0,0
241,1,,,100,189,0,0
242,1,,,100,188,0,0
243,1,,,100,186,0,0
244,1,,,100,185,0,0
246,1,,,100,186,0,0
247,1,,,100,188,0,0
248,1,,,100,189,0,0
249,1,,,100,190,0,0
251,1,,,100,189,0,0
252,1,,,100,188,0,0
253,1,,,100,186,0,0
254,1,,,100,185,0,0
256,1,,,100,186,0,0
257,1,,,100,188,0,0
258,1,,,100,189,0,0
259,1,,,100,190,0,0
261,1,,,100,189,0,0
262,1,,,100,188,0,0
263,1,,,100,186,0,0
264,1,,,100,185,0,0
266,1,,,100,186,0,0
267,1,,,100,188,0,0
268,1,,,100,189,0,0
269,1,,,100,190,0,0
271,1,,,100,189,0,0
272,1,,,100,188,0,0
273,1,,,100,186,0,0
274,1,,,100,185,0,0
276,1,,,100,186,0,0
277,1,,,100,188,0,0
278,1,,,100,189,0,0
279,1,,,100,190,0,0
281,1,,,100,189,0,0
282,1,,,100,188,0,0
283,1,,,100,186,0,0
284,1,,,100,185,0,0
286,1,,,100,186,0,0
287,1,,,100,188,0,0
288,0,9,1,100,188,0,0
289,0,9,2,100,188,0,0
290,0,9,3,100,188,0,0
312,1,,,100,189,0,0
313,1,,,100,190,0,0
315,1,,,100,189,0,0
316,1,,,100,188,0,0
317,1,,,100,186,0,0
318,1,,,100,185,0,0
320,1,,,100,186,0,0
321,1,,,100,188,0,0
322,1,,,100,189,0,0
323,1,,,100,190,0,0
325,1,,,100,189,0,0
326,1,,,100,188,0,0
327,1,,,100,186,0,0
328,1,,,100,185,0,0
330,1,,,100,186,0,0
331,1,,,100,188,0,0
332,1,,,100,189,0,0
333,1,,,100,190,0,0
335,1,,,100,189,0,0
336,1,,,100,188,0,0
337,1,,,100,186,0,0
338,1,,,100,185,0,0
340,1,,,100,186,0,0
341,1,,,100,188,0,0
342,1,,,100,189,0,0
343,1,,,100,190,0,0
345,1,,,100,189,0,0
346,1,,,100,188,0,0
347,1,,,100,186,0,0
348,1,,,100,185,0,0
350,1,,,100,186,0,0
351,1,,,100,188,0,0
352,1,,,100,189,0,0
353,1,,,100,190,0,0
355,1,,,100,189,0,0
356,1,,,100,188,0,0
357,1,,,100,186,0,0
358,1,,,100,185,0,0
360,1,,,100,186,0,0
361,1,,,100,188,0,0
362,1,,,100,189,0,0
363,1,,,100,190,0,0
365,1,,,100,189,0,0
366,1,,,100,188,0,0
367,1,,,100,186,0,0
368,1,,,100,185,0,0
370,1,,,100,186,0,0
371,1,,,100,188,0,0
372,1,,,100,189,0,0
373,1,,,100,190,0,0
375,1,,,100,189,0,0
376,1,,,100,188,0,0
377,1,,,100,186,0,0
378,1,,,100,185,0,0
380,1,,,100,186,0,0
381,1,,,100,188,0,0
382,1,,,100,189,0,0
383,1,,,100,190,0,0
385,1,,,100,189,0,0
386,1,,,100,188,0,0
387,1,,,100,186,0,0
388,1,,,100,185,0,0
390,1,,,100,186,0,0
391,1,,,100,188,0,0
392,1,,,100,189,0,0
393,1,,,100,190,0,0
395,1,,,100,189,0,0
396,0,9,1,64,233,0,0
397,0,9,2,64,233,0,0
398,0,9,3,64,233,0,0
421,1,,,64,230,0,0
422,1,,,64,228,0,0
424,1,,,64,230,0,0
425,1,,,64,233,0,0
426,1,,,64,235,0,0
427,1,,,64,237,0,0
429,1,,,64,235,0,0
430,1,,,64,233,0,0
431,1,,,64,230,0,0
432,1,,,64,228,0,0
434,1,,,64,230,0,0
435,1,,,64,233,0,0
436,1,,,64,235,0,0
437,1,,,64,237,0,0
439,1,,,64,235,0,0
440,1,,,64,233,0,0
441,1,,,64,230,0,0
442,1,,,64,228,0,0
444,1,,,64,230,0,0
445,1,,,64,233,0,0
446,1,,,64,235,0,0
447,1,,,64,237,0,0
449,1,,,64,235,0,0
450,1,,,64,233,0,0
451,1,,,64,230,0,0
452,1,,,64,228,0,0
454,1,,,64,230,0,0
455,1,,,64,233,0,0
456,1,,,64,235,0,0
457,1,,,64,237,0,0
459,1,,,64,235,0,0
460,1,,,64,233,0,0
461,1,,,64,230,0,0
462,1,,,64,228,0,0
464,1,,,64,230,0,0
465,1,,,64,233,0,0
466,1,,,64,235,0,0
467,1,,,64,237,0,0
469,1,,,64,235,0,0
470,1,,,64,233,0,0
471,1,,,64,230,0,0
472,1,,,64,228,0,0
474,1,,,64,230,0,0
475,1,,,64,233,0,0
476,1,,,64,235,0,0
477,1,,,64,237,0,0
479,1,,,64,235,0,0
480,1,,,64,233,0,0
481,1,,,64,230,0,0
482,1,,,64,228,0,0
484,1,,,64,230,0,0
485,1,,,64,233,0,0
486,1,,,64,235,0,0
487,1,,,64,237,0,0
489,1,,,64,235,0,0
490,1,,,64,233,0,0
491,1,,,64,230,0,0
492,1,,,64,228,0,0
494,1,,,64,230,0,0
495,1,,,64,233,0,0
496,1,,,64,235,0,0
497,1,,,64,237,0,0
499,1,,,64,235,0,0
500,1,,,64,233,0,0
501,1,,,64,230,0,0
502,1,,,64,228,0,0
504,1,,,64,230,0,0
505,1,,,64,233,0,0
506,1,,,64,235,0,0
507,1,,,64,237,0,0
509,1,,,64,235,0,0
510,1,,,64,233,0,0
511,1,,,64,230,0,0
512,1,,,64,228,0,0
514,1,,,64,230,0,0
515,1,,,64,233,0,0
516,1,,,64,235,0,0
517,1,,,64,237,0,0
519,1,,,64,235,0,0
520,1,,,64,233,0,0
521,1,,,64,230,0,0
522,1,,,64,228,0,0
524,1,,,64,230,0,0
525,1,,,64,233,0,0
526,1,,,64,235,0,0
527,1,,,64,237,0,0
529,1,,,64,235,0,0
530,1,,,64,233,0,0
531,1,,,64,230,0,0
532,1,,,64,228,0,0
534,1,,,64,230,0,0
535,1,,,64,233,0,0
536,1,,,64,235,0,0
537,1,,,64,237,0,0
539,1,,,64,235,0,0
540,1,,,64,233,0,0
541,1,,,64,230,0,0
542,1,,,64,228,0,0
544,1,,,64,230,0,0
545,1,,,64,233,0,0
546,1,,,64,235,0,0
547,1,,,64,237,0,0
549,1,,,64,235,0,0
550,1,,,64,233,0,0
551,1,,,64,230,0,0
552,1,,,64,228,0,0
554,1,,,64,230,0,0
555,1,,,64,233,0,0
556,1,,,64,235,0,0
557,1,,,64,237,0,0
559,1,,,64,235,0,0
560,1,,,64,233,0,0
561,1,,,64,230,0,0
562,1,,,64,228,0,0
564,0,9,1,64,233,0,0
565,0,9,2,64,233,0,0
566,0,9,3,64,233,0,0
588,0,9,1,100,188,0,0
589,0,9,2,100,188,0,0
590,0,9,3,100,188,0,0
612,1,,,100,186,0,0
613,1,,,100,188,0,0
614,1,,,100,189,0,0
615,1,,,100,190,0,0
617,1,,,100,189,0,0
618,1,,,100,188,0,0
619,1,,,100,186,0,0
620,1,,,100,185,0,0
622,1,,,100,186,0,0
623,1,,,100,188,0,0
624,1,,,100,189,0,0
625,1,,,100,190,0,0
627,1,,,100,189,0,0
628,1,,,100,188,0,0
629,1,,,100,186,0,0
630,1,,,100,185,0,0
632,1,,,100,186,0,0
633,1,,,100,188,0,0
634,1,,,100,189,0,0
635,1,,,100,190,0,0
637,1,,,100,189,0,0
638,1,,,100,188,0,0
639,1,,,100,186,0,0
640,1,,,100,185,0,0
642,1,,,100,186,0,0
643,1,,,100,188,0,0
644,1,,,100,189,0,0
645,1,,,100,190,0,0
647,1,,,100,189,0,0
648,1,,,100,188,0,0
649,1,,,100,186,0,0
650,1,,,100,185,0,0
652,1,,,100,186,0,0
653,1,,,100,188,0,0
654,1,,,100,189,0,0
655,1,,,100,190,0,0
657,1,,,100,189,0,0
658,1,,,100,188,0,0
659,1,,,100,186,0,0
660,1,,,100,185,0,0
662,1,,,100,186,0,0
663,1,,,100,188,0,0
664,1,,,100,189,0,0
665,1,,,100,190,0,0
667,1,,,100,189,0,0
668,1,,,100,188,0,0
669,1,,,100,186,0,0
670,1,,,100,185,0,0
672,1,,,100,186,0,0
673,1,,,100,188,0,0
674,1,,,100,189,0,0
675,1,,,100,190,0,0
677,1,,,100,189,0,0
678,1,,,100,188,0,0
679,1,,,100,186,0,0
680,1,,,100,185,0,0
682,1,,,100,186,0,0
683,1,,,100,188,0,0
684,0,9,1,100,188,0,0
685,0,9,2,100,188,0,0
686,0,9,3,100,188,0,0
708,1,,,100,189,0,0
709,1,,,100,190,0,0
711,1,,,100,189,0,0
712,1,,,100,188,0,0
713,1,,,100,186,0,0
714,1,,,100,185,0,0
716,1,,,100,186,0,0
717,1,,,100,188,0,0
718,1,,,100,189,0,0
719,1,,,100,190,0,0
721,1,,,100,189,0,0
722,1,,,100,188,0,0
723,1,,,100,186,0,0
724,1,,,100,185,0,0
726,1,,,100,186,0,0
727,1,,,100,188,0,0
728,1,,,100,189,0,0
729,1,,,100,190,0,0
731,1,,,100,189,0,0
732,1,,,100,188,0,0
733,1,,,100,186,0,0
734,1,,,100,185,0,0
736,1,,,100,186,0,0
737,1,,,100,188,0,0
738,1,,,100,189,0,0
739,1,,,100,190,0,0
741,1,,,100,189,0,0
742,1,,,100,188,0,0
743,1,,,100,186,0,0
744,1,,,100,185,0,0
746,1,,,100,186,0,0
747,1,,,100,188,0,0
748,1,,,100,189,0,0
749,1,,,100,190,0,0
751,1,,,100,189,0,0
752,1,,,100,188,0,0
753,1,,,100,186,0,0
754,1,,,100,185,0,0
756,1,,,100,186,0,0
757,1,,,100,188,0,0
758,1,,,100,189,0,0
759,1,,,100,190,0,0
761,1,,,100,189,0,0
762,1,,,100,188,0,0
763,1,,,100,186,0,0
764,1,,,100,185,0,0
766,1,,,100,186,0,0
767,1,,,100,188,0,0
768,1,,,100,189,0,0
769,1,,,100,190,0,0
771,1,,,100,189,0,0
772,1,,,100,188,0,0
773,1,,,100,186,0,0
774,1,,,100,185,0,0
776,1,,,100,186,0,0
777,1,,,100,188,0,0
778,1,,,100,189,0,0
779,1,,,100,190,0,0
780,0,9,1,100,223,0,0
781,0,9,2,100,223,0,0
782,0,9,3,100,223,0,0
804,1,,,100,226,0,0
805,1,,,100,225,0,0
806,1,,,100,223,0,0
807,1,,,100,221,0,0
808,1,,,100,220,0,0
810,1,,,100,221,0,0
811,1,,,100,223,0,0
812,1,,,100,225,0,0
813,1,,,100,226,0,0
815,1,,,100,225,0,0
816,1,,,100,223,0,0
817,1,,,100,221,0,0
818,1,,,100,220,0,0
820,1,,,100,221,0,0
821,1,,,100,223,0,0
822,1,,,100,225,0,0
823,1,,,100,226,0,0
825,1,,,100,225,0,0
826,1,,,100,223,0,0
827,1,,,100,221,0,0
828,1,,,100,220,0,0
830,1,,,100,221,0,0
831,1,,,100,223,0,0
832,1,,,100,225,0,0
833,1,,,100,226,0,0
835,1,,,100,225,0,0
836,1,,,100,223,0,0
837,1,,,100,221,0,0
838,1,,,100,220,0,0
840,1,,,100,221,0,0
841,1,,,100,223,0,0
842,1,,,100,225,0,0
843,1,,,100,226,0,0
845,1,,,100,225,0,0
846,1,,,100,223,0,0
847,1,,,100,221,0,0
848,1,,,100,220,0,0
850,1,,,100,221,0,0
851,1,,,100,223,0,0
852,1,,,100,225,0,0
853,1,,,100,226,0,0
855,1,,,100,225,0,0
856,1,,,100,223,0,0
857,1,,,100,221,0,0
858,1,,,100,220,0,0
860,1,,,100,221,0,0
861,1,,,100,223,0,0
862,1,,,100,225,0,0
863,1,,,100,226,0,0
865,1,,,100,225,0,0
866,1,,,100,223,0,0
867,1,,,100,221,0,0
868,1,,,100,220,0,0
870,1,,,100,221,0,0
871,1,,,100,223,0,0
872,1,,,100,225,0,0
873,1,,,100,226,0,0
875,1,,,100,225,0,0
876,0,9,1,100,223,0,0
877,0,9,2,100,223,0,0
878,0,9,3,100,223,0,0
901,1,,,100,221,0,0
902,1,,,100,220,0,0
904,1,,,100,221,0,0
905,1,,,100,223,0,0
906,1,,,100,225,0,0
907,1,,,100,226,0,0
909,1,,,100,225,0,0
910,1,,,100,223,0,0
911,1,,,100,221,0,0
912,1,,,100,220,0,0
914,1,,,100,221,0,0
915,1,,,100,223,0,0
916,1,,,100,225,0,0
917,1,,,100,226,0,0
919,1,,,100,225,0,0
920,1,,,100,223,0,0
921,1,,,100,221,0,0
922,1,,,100,220,0,0
924,1,,,100,221,0,0
925,1,,,100,223,0,0
926,1,,,100,225,0,0
927,1,,,100,226,0,0
929,1,,,100,225,0,0
930,1,,,100,223,0,0
931,1,,,100,221,0,0
932,1,,,100,220,0,0
934,1,,,100,221,0,0
935,1,,,100,223,0,0
936,1,,,100,225,0,0
937,1,,,100,226,0,0
939,1,,,100,225,0,0
940,1,,,100,223,0,0
941,1,,,100,221,0,0
942,1,,,100,220,0,0
944,1,,,100,221,0,0
945,1,,,100,223,0,0
946,1,,,100,225,0,0
947,1,,,100,226,0,0
949,1,,,100,225,0,0
950,1,,,100,223,0,0
951,1,,,100,221,0,0
952,1,,,100,220,0,0
954,1,,,100,221,0,0
955,1,,,100,223,0,0
956,1,,,100,225,0,0
957,1,,,100,226,0,0
959,1,,,100,225,0,0
960,1,,,100,223,0,0
961,1,,,100,221,0,0
962,1,,,100,220,0,0
964,1,,,100,221,0,0
965,1,,,100,223,0,0
966,1,,,100,225,0,0
967,1,,,100,226,0,0
969,1,,,100,225,0,0
970,1,,,100,223,0,0
971,1,,,100,221,0,0
972,0,9,1,100,199,0,0
973,0,9,2,100,199,0,0
974,0,9,3,100,199,0,0
996,1,,,100,196,0,0
998,1,,,100,197,0,0
999,1,,,100,199,0,0
1000,1,,,100,200,0,0
1001,1,,,100,202,0,0
1003,1,,,100,200,0,0
1004,1,,,100,199,0,0
1005,1,,,100,197,0,0
1006,1,,,100,196,0,0
1008,1,,,100,197,0,0
1009,1,,,100,199,0,0
1010,1,,,100,200,0,0
1011,1,,,100,202,0,0
1013,1,,,100,200,0,0
1014,1,,,100,199,0,0
1015,1,,,100,197,0,0
1016,1,,,100,196,0,0
1018,1,,,100,197,0,0
1019,1,,,100,199,0,0
1020,1,,,100,200,0,0
1021,1,,,100,202,0,0
1023,1,,,100,200,0,0
1024,1,,,100,199,0,0
1025,1,,,100,197,0,0
1026,1,,,100,196,0,0
1028,1,,,100,197,0,0
1029,1,,,100,199,0,0
1030,1,,,100,200,0,0
1031,1,,,100,202,0,0
1033,1,,,100,200,0,0
1034,1,,,100,199,0,0
1035,1,,,100,197,0,0
1036,1,,,100,196,0,0
1038,1,,,100,197,0,0
1039,1,,,100,199,0,0
1040,1,,,100,200,0,0
1041,1,,,100,202,0,0
1043,1,,,100,200,0,0
1044,1,,,100,199,0,0
1045,1,,,100,197,0,0
1046,1,,,100,196,0,0
1048,1,,,100,197,0,0
1049,1,,,100,199,0,0
1050,1,,,100,200,0,0
1051,1,,,100,202,0,0
1053,1,,,100,200,0,0
1054,1,,,100,199,0,0
1055,1,,,100,197,0,0
1056,1,,,100,196,0,0
1058,1,,,100,197,0,0
1059,1,,,100,199,0,0
1060,1,,,100,200,0,0
1061,1,,,100,202,0,0
1063,1,,,100,200,0,0
1064,1,,,100,199,0,0
1065,1,,,100,197,0,0
1066,1,,,100,196,0,0
1068,0,9,1,50,199,0,0
1069,0,9,2,50,199,0,0
1070,0,9,3,50,199,0,0
1092,1,,,50,195,0,0
1093,1,,,50,199,0,0
1094,1,,,50,202,0,0
1095,1,,,50,205,0,0
1097,1,,,50,202,0,0
1098,1,,,50,199,0,0
1099,1,,,50,195,0,0
1100,1,,,50,193,0,0
1102,1,,,50,195,0,0
1103,1,,,50,199,0,0
1104,1,,,50,202,0,0
1105,1,,,50,205,0,0
1107,1,,,50,202,0,0
1108,1,,,50,199,0,0
1109,1,,,50,195,0,0
1110,1,,,50,193,0,0
1112,1,,,50,195,0,0
1113,1,,,50,199,0,0
1114,1,,,50,202,0,0
1115,1,,,50,205,0,0
1117,1,,,50,202,0,0
1118,1,,,50,199,0,0
1119,1,,,50,195,0,0
1120,1,,,50,193,0,0
1122,1,,,50,195,0,0
1123,1,,,50,199,0,0
1124,1,,,50,202,0,0
1125,1,,,50,205,0,0
1127,1,,,50,202,0,0
1128,1,,,50,199,0,0
1129,1,,,50,195,0,0
1130,1,,,50,193,0,0
1132,1,,,50,195,0,0
1133,1,,,50,199,0,0
1134,1,,,50,202,0,0
1135,1,,,50,205,0,0
1137,1,,,50,202,0,0
1138,1,,,50,199,0,0
1139,1,,,50,195,0,0
1140,0,9,1,50,167,0,0
1141,0,9,2,50,167,0,0
1142,0,9,3,50,167,0,0
1152,0,9,1,10,209,0,0
1153,0,9,2,10,209,0,0
1154,0,9,3,10,209,0,0
1158,0,9,1,10,209,0,0
1159,0,9,2,10,208,0,0
1160,0,9,3,10,207,0,0
1161,1,,,10,206,0,0
1162,1,,,10,205,0,0
1163,1,,,10,204,0,0
1164,1,,,10,203,0,0
1165,1,,,10,202,0,0
1166,1,,,10,201,0,0
1167,1,,,10,200,0,0
1168,1,,,10,199,0,0
1169,1,,,10,198,0,0
1170,1,,,10,197,0,0
1171,1,,,10,196,0,0
1172,1,,,10,195,0,0
1173,1,,,10,194,0,0
1174,1,,,10,193,0,0
1175,1,,,10,192,0,0
1176,1,,,10,191,0,0
1177,1,,,10,190,0,0
1178,1,,,10,189,0,0
1179,1,,,10,188,0,0
1180,1,,,10,187,0,0
1181,1,,,10,186,0,0
1188,1,,,10,183,0,0
1190,1,,,10,184,0,0
1191,1,,,10,186,0,0
1192,1,,,10,188,0,0
1193,1,,,10,189,0,0
1195,1,,,10,188,0,0
1196,1,,,10,186,0,0
1197,1,,,10,184,0,0
1198,1,,,10,183,0,0
1200,1,,,10,184,0,0
1201,1,,,10,186,0,0
1202,1,,,10,188,0,0
1203,1,,,10,189,0,0
1205,1,,,10,188,0,0
1206,1,,,10,186,0,0
1207,1,,,10,184,0,0
1208,1,,,10,183,0,0
1210,1,,,10,184,0,0
1211,1,,,10,186,0,0
1212,1,,,10,188,0,0
1213,1,,,10,189,0,0
1215,1,,,10,188,0,0
1216,1,,,10,186,0,0
1217,1,,,10,184,0,0
1218,1,,,10,183,0,0
1220,1,,,10,184,0,0
1221,1,,,10,186,0,0
1222,1,,,10,188,0,0
1223,1,,,10,189,0,0
1225,1,,,10,188,0,0
1226,1,,,10,186,0,0
1227,1,,,10,184,0,0
1228,1,,,10,183,0,0
1230,1,,,10,184,0,0
1231,1,,,10,186,0,0
1232,1,,,10,188,0,0
1233,1,,,10,189,0,0
1235,1,,,10,188,0,0
1236,1,,,10,186,0,0
1237,1,,,10,184,0,0
1238,1,,,10,183,0,0
1240,1,,,10,184,0,0
1241,1,,,10,186,0,0
1242,1,,,10,188,0,0
1243,1,,,10,189,0,0
1245,1,,,10,188,0,0
1246,1,,,10,186,0,0
1247,1,,,10,184,0,0
1248,1,,,10,183,0,0
1250,1,,,10,184,0,0
1251,1,,,10,186,0,0
1252,1,,,10,188,0,0
1253,1,,,10,189,0,0
1255,1,,,10,188,0,0
1256,1,,,10,186,0,0
1257,1,,,10,184,0,0
1258,1,,,10,183,0,0
1260,1,,,10,184,0,0
1261,1,,,10,186,0,0
1262,1,,,10,188,0,0
1263,1,,,10,189,0,0
1265,1,,,10,188,0,0
1266,1,,,10,186,0,0
1267,1,,,10,184,0,0
1268,1,,,10,183,0,0
1270,1,,,10,184,0,0
1271,1,,,10,186,0,0
1272,1,,,10,188,0,0
1273,1,,,10,189,0,0
1275,1,,,10,188,0,0
1276,1,,,10,186,0,0
1277,1,,,10,184,0,0
1278,1,,,10,183,0,0
1280,1,,,10,184,0,0
1281,1,,,10,186,0,0
1282,1,,,10,188,0,0
1283,1,,,10,189,0,0
1285,1,,,10,188,0,0
1286,1,,,10,186,0,0
1287,1,,,10,184,0,0
1288,1,,,10,183,0,0
1290,1,,,10,184,0,0
1291,1,,,10,186,0,0
1292,1,,,10,188,0,0
1293,1,,,10,189,0,0
1295,1,,,10,188,0,0
1296,1,,,10,186,0,0
1297,1,,,10,184,0,0
1298,1,,,10,183,0,0
1300,1,,,10,184,0,0
1301,1,,,10,186,0,0
1302,1,,,10,188,0,0
1303,1,,,10,189,0,0
1305,1,,,10,188,0,0
1306,1,,,10,186,0,0
1307,1,,,10,184,0,0
1308,1,,,10,183,0,0
1310,1,,,10,184,0,0
1311,1,,,10,186,0,0
1312,1,,,10,188,0,0
1313,1,,,10,189,0,0
1315,1,,,10,188,0,0
1316,1,,,10,186,0,0
1317,1,,,10,184,0,0
1318,1,,,10,183,0,0
1320,1,,,10,184,0,0
1321,1,,,10,186,0,0
1322,1,,,10,188,0,0
1323,1,,,10,189,0,0
1325,1,,,10,188,0,0
1326,1,,,10,186,0,0
1327,1,,,10,184,0,0
1328,1,,,10,183,0,0
1330,1,,,10,184,0,0
1331,1,,,10,186,0,0
1332,0,9,1,10,209,0,0
1333,0,9,2,10,209,0,0
1334,0,9,3,10,209,0,0
1338,0,9,1,10,248,0,0
1339,0,9,2,10,248,0,0
1340,0,9,3,10,248,0,0
1344,0,9,1,10,186,0,0
1345,0,9,2,10,186,0,0
1346,0,9,3,10,186,0,0
1368,1,,,10,188,0,0
1369,1,,,10,189,0,0
1371,1,,,10,188,0,0
1372,1,,,10,186,0,0
1373,1,,,10,184,0,0
1374,1,,,10,183,0,0
1376,1,,,10,184,0,0
1377,1,,,10,186,0,0
1378,1,,,10,188,0,0
1379,1,,,10,189,0,0
1381,1,,,10,188,0,0
1382,1,,,10,186,0,0
1383,1,,,10,184,0,0
1384,1,,,10,183,0,0
1386,1,,,10,184,0,0
1387,1,,,10,186,0,0
1388,1,,,10,188,0,0
1389,1,,,10,189,0,0
1391,1,,,10,188,0,0
1392,1,,,10,186,0,0
1393,1,,,10,184,0,0
1394,1,,,10,183,0,0
1396,1,,,10,184,0,0
1397,1,,,10,186,0,0
1398,1,,,10,188,0,0
1399,1,,,10,189,0,0
1401,1,,,10,188,0,0
1402,1,,,10,186,0,0
1403,1,,,10,184,0,0
1404,1,,,10,183,0,0
1406,1,,,10,184,0,0
1407,1,,,10,186,0,0
1408,1,,,10,188,0,0
1409,1,,,10,189,0,0
1411,1,,,10,188,0,0
1412,1,,,10,186,0,0
1413,1,,,10,184,0,0
1414,1,,,10,183,0,0
1416,1,,,10,184,0,0
1417,1,,,10,186,0,0
1418,1,,,10,188,0,0
1419,1,,,10,189,0,0
1421,1,,,10,188,0,0
1422,0,9,1,10,186,0,0
1423,0,9,2,10,185,0,0
1424,0,9,3,10,184,0,0
1425,1,,,10,183,0,0
1426,1,,,10,182,0,0
1427,1,,,10,181,0,0
1428,1,,,10,180,0,0
1429,1,,,10,179,0,0
1430,1,,,10,178,0,0
1431,1,,,10,177,0,0
1432,1,,,10,176,0,0
1433,1,,,10,175,0,0
1434,1,,,10,174,0,0
1435,1,,,10,173,0,0
1436,1,,,10,172,0,0
1437,1,,,10,171,0,0
1438,1,,,10,170,0,0
1439,1,,,10,169,0,0
1440,0,9,1,10,156,0,0
1441,0,9,2,10,156,0,0
1442,0,9,3,10,156,0,0
1459,1,,,10,153,0,0
1460,1,,,10,152,0,0
1462,1,,,10,153,0,0
1463,1,,,10,156,0,0
1464,1,,,10,158,0,0
1465,1,,,10,159,0,0
1467,1,,,10,158,0,0
1468,1,,,10,156,0,0
1469,1,,,10,153,0,0
1470,1,,,10,152,0,0
1472,1,,,10,153,0,0
1473,1,,,10,156,0,0
1474,1,,,10,158,0,0
1475,1,,,10,159,0,0
1476,0,9,1,10,139,0,0
1477,0,9,2,10,139,0,0
1478,0,9,3,10,139,0,0
1494,1,,,10,142,0,0
1495,1,,,10,141,0,0
1496,1,,,10,139,0,0
1497,1,,,10,136,0,0
1498,1,,,10,135,0,0
1500,1,,,10,136,0,0
1501,1,,,10,139,0,0
1502,1,,,10,141,0,0
1503,1,,,10,142,0,0
1505,1,,,10,141,0,0
1506,1,,,10,139,0,0
1507,1,,,10,136,0,0
1508,1,,,10,135,0,0
1510,1,,,10,136,0,0
1511,1,,,10,139,0,0
1512,0,9,1,10,156,0,0
1513,0,9,2,10,156,0,0
1514,0,9,3,10,156,0,0
1536,0,9,1,10,209,0,0
1537,0,9,2,10,209,0,0
1538,0,9,3,10,209,0,0
1542,0,9,1,10,209,0,0
1543,0,9,2,10,208,0,0
1544,0,9,3,10,207,0,0
1545,1,,,10,206,0,0
1546,1,,,10,205,0,0
1547,1,,,10,204,0,0
1548,1,,,10,203,0,0
1549,1,,,10,202,0,0
1550,1,,,10,201,0,0
1551,1,,,10,200,0,0
1552,1,,,10,199,0,0
1553,1,,,10,198,0,0
1554,1,,,10,197,0,0
1555,1,,,10,196,0,0
1556,1,,,10,195,0,0
1557,1,,,10,194,0,0
1558,1,,,10,193,0,0
1559,1,,,10,192,0,0
1560,1,,,10,191,0,0
1561,1,,,10,190,0,0
1562,1,,,10,189,0,0
1563,1,,,10,188,0,0
1564,1,,,10,187,0,0
1565,1,,,10,186,0,0
1572,1,,,10,188,0,0
1573,1,,,10,189,0,0
1575,1,,,10,188,0,0
1576,1,,,10,186,0,0
1577,1,,,10,184,0,0
1578,1,,,10,183,0,0
1580,1,,,10,184,0,0
1581,1,,,10,186,0,0
1582,1,,,10,188,0,0
1583,1,,,10,189,0,0
1585,1,,,10,188,0,0
1586,1,,,10,186,0,0
1587,1,,,10,184,0,0
1588,1,,,10,183,0,0
1590,1,,,10,184,0,0
1591,1,,,10,186,0,0
1592,1,,,10,188,0,0
1593,1,,,10,189,0,0
1595,1,,,10,188,0,0
1596,1,,,10,186,0,0
1597,1,,,10,184,0,0
1598,1,,,10,183,0,0
1600,1,,,10,184,0,0
1601,1,,,10,186,0,0
1602,1,,,10,188,0,0
1603,1,,,10,189,0,0
1605,1,,,10,188,0,0
1606,1,,,10,186,0,0
1607,1,,,10,184,0,0
1608,0,9,1,10,125,0,0
1609,0,9,2,10,125,0,0
1610,0,9,3,10,125,0,0
1620,0,9,1,10,186,0,0
1621,0,9,2,10,186,0,0
1622,0,9,3,10,186,0,0
1650,1,,,10,183,0,0
1652,1,,,10,184,0,0
1653,1,,,10,186,0,0
1654,1,,,10,188,0,0
1655,1,,,10,189,0,0
1657,1,,,10,188,0,0
1658,1,,,10,186,0,0
1659,1,,,10,184,0,0
1660,1,,,10,183,0,0
1662,1,,,10,184,0,0
1663,1,,,10,186,0,0
1664,1,,,10,188,0,0
1665,1,,,10,189,0,0
1667,1,,,10,188,0,0
1668,1,,,10,186,0,0
1669,1,,,10,184,0,0
1670,1,,,10,183,0,0
1672,1,,,10,184,0,0
1673,1,,,10,186,0,0
1674,1,,,10,188,0,0
1675,1,,,10,189,0,0
1677,1,,,10,188,0,0
1678,1,,,10,186,0,0
1679,1,,,10,184,0,0
1680,1,,,10,183,0,0
1682,1,,,10,184,0,0
1683,1,,,10,186,0,0
1684,1,,,10,188,0,0
1685,1,,,10,189,0,0
1687,1,,,10,188,0,0
1688,1,,,10,186,0,0
1689,1,,,10,184,0,0
1690,1,,,10,183,0,0
1692,1,,,10,184,0,0
1693,1,,,10,186,0,0
1694,1,,,10,188,0,0
1695,1,,,10,189,0,0
1697,1,,,10,188,0,0
1698,1,,,10,186,0,0
1699,1,,,10,184,0,0
1700,1,,,10,183,0,0
1702,1,,,10,184,0,0
1703,1,,,10,186,0,0
1704,1,,,10,188,0,0
1705,1,,,10,189,0,0
1707,1,,,10,188,0,0
1708,1,,,10,186,0,0
1709,1,,,10,184,0,0
1710,1,,,10,183,0,0
1712,1,,,10,184,0,0
1713,1,,,10,186,0,0
1714,1,,,10,188,0,0
1715,1,,,10,189,0,0
1716,0,9,1,10,209,0,0
1717,0,9,2,10,209,0,0
1718,0,9,3,10,209,0,0
1722,0,9,1,10,248,0,0
1723,0,9,2,10,248,0,0
1724,0,9,3,10,248,0,0
1728,0,9,1,10,186,0,0
1729,0,9,2,10,186,0,0
1730,0,9,3,10,186,0,0
1734,0,9,1,10,209,0,0
1735,0,9,2,10,209,0,0
1736,0,9,3,10,209,0,0
1740,0,9,1,10,235,0,0
1741,0,9,2,10,235,0,0
1742,0,9,3,10,235,0,0
1746,0,9,1,10,248,0,0
1747,0,9,2,10,248,0,0
1748,0,9,3,10,248,0,0
1752,0,9,1,10,209,0,0
1753,0,9,2,10,209,0,0
1754,0,9,3,10,209,0,0
1758,0,9,1,10,235,0,0
1759,0,9,2,10,235,0,0
1760,0,9,3,10,235,0,0
1764,0,9,1,10,248,0,0
1765,0,9,2,10,248,0,0
1766,0,9,3,10,248,0,0
1770,0,9,1,16,174,0,0
1771,0,9,2,16,174,0,0
1772,0,9,3,16,174,0,0
1776,0,9,1,10,235,0,0
1777,0,9,2,10,235,0,0
1778,0,9,3,10,235,0,0
1782,0,9,1,10,248,0,0
1783,0,9,2,10,248,0,0
1784,0,9,3,10,248,0,0
1788,0,9,1,16,174,0,0
1789,0,9,2,16,174,0,0
1790,0,9,3,16,174,0,0
1794,0,9,1,16,196,0,0
1795,0,9,2,16,196,0,0
1796,0,9,3,16,196,0,0
1800,0,9,1,10,248,0,0
1801,0,9,2,10,248,0,0
1802,0,9,3,10,248,0,0
1806,0,9,1,16,174,0,0
1807,0,9,2,16,174,0,0
1808,0,9,3,16,174,0,0
1812,0,9,1,16,196,0,0
1813,0,9,2,16,196,0,0
1814,0,9,3,16,196,0,0
1818,0,9,1,16,207,0,0
1819,0,9,2,16,207,0,0
1820,0,9,3,16,207,0,0
1824,0,9,1,16,196,0,0
1825,0,9,2,16,196,0,0
1826,0,9,3,16,196,0,0
1842,0,9,1,16,207,0,0
1843,0,9,2,16,207,0,0
1844,0,9,3,16,207,0,0
1860,0,9,1,16,233,0,0
1861,0,9,2,16,233,0,0
1862,0,9,3,16,233,0,0
1872,0,9,1,16,207,0,0
1873,0,9,2,16,207,0,0
1874,0,9,3,16,207,0,0
1890,0,9,1,16,233,0,0
1891,0,9,2,16,233,0,0
1892,0,9,3,16,233,0,0
1908,0,9,1,50,84,0,0
1909,0,9,2,50,84,0,0
1910,0,9,3,50,84,0,0
1920,0,9,1,4,196,0,0
1921,0,9,3,16,196,0,0
1923,0,9,2,16,196,0,0
1925,0,9,4,16,196,0,0
1926,0,9,2,4,196,0,0
1927,0,9,4,16,196,0,0
1929,0,9,5,16,196,0,0
1931,0,9,6,16,196,0,0
1932,0,9,1,10,125,0,0
1933,0,9,3,50,99,0,0
1935,0,9,2,50,99,0,0
1937,0,9,4,50,99,0,0
1938,0,9,2,4,196,0,0
1939,0,9,4,16,196,0,0
1941,0,9,5,16,196,0,0
1943,0,9,6,16,196,0,0
1944,2,,,,,,
1950,0,9,2,10,125,1,0
1951,0,9,4,50,99,0,0
1953,0,9,5,50,99,0,0
1955,0,9,6,50,99,0,0
1956,0,9,1,10,125,0,0
1957,0,9,3,50,99,0,0
1959,0,9,2,50,99,0,0
1961,0,9,4,50,99,0,0
1962,0,9,2,4,206,0,0
1963,0,9,4,16,207,0,0
1965,0,9,5,16,207,0,0
1967,0,9,6,16,207,0,0
1968,0,9,1,4,233,0,0
1969,0,9,3,16,233,0,0
1971,0,9,2,16,233,0,0
1973,0,9,4,16,233,0,0
1974,0,9,2,10,125,0,0
1975,0,9,4,50,99,0,0
1977,0,9,5,50,99,0,0
1979,0,9,6,50,99,0,0
1980,0,9,1,10,125,0,0
1981,0,9,3,50,99,0,0
1983,0,9,2,50,99,0,0
1985,0,9,4,50,99,0,0
1986,0,9,2,4,233,0,0
1987,0,9,4,16,233,0,0
1989,0,9,5,16,233,0,0
1991,0,9,6,16,233,0,0
1992,2,,,,,,
1998,0,9,2,10,125,1,0
1999,0,9,4,50,99,0,0
2001,0,9,5,50,99,0,0
2003,0,9,6,50,99,0,0
2004,0,9,1,10,125,0,0
2005,0,9,3,50,99,0,0
2007,0,9,2,50,99,0,0
2009,0,9,4,50,99,0,0
2010,0,9,2,4,174,0,0
2011,0,9,4,16,174,0,0
2013,0,9,5,16,174,0,0
2015,0,9,6,16,174,0,0
2016,0,9,1,4,196,0,0
2017,0,9,3,16,196,0,0
2019,0,9,2,16,196,0,0
2021,0,9,4,16,196,0,0
2022,0,9,2,10,125,0,0
2023,0,9,4,50,99,0,0
2025,0,9,5,50,99,0,0
2027,0,9,6,50,99,0,0
2028,0,9,1,10,125,0,0
2029,0,9,3,50,99,0,0
2031,0,9,2,50,99,0,0
2033,0,9,4,50,99,0,0
2034,0,9,2,4,196,0,0
2035,0,9,4,16,196,0,0
2037,0,9,5,16,196,0,0
2039,0,9,6,16,196,0,0
2040,2,,,,,,
2046,0,9,2,10,125,1,0
2047,0,9,4,50,99,0,0
2049,0,9,5,50,99,0,0
2051,0,9,6,50,99,0,0
2052,0,9,1,10,125,0,0
2053,0,9,3,50,99,0,0
2055,0,9,2,50,99,0,0
2057,0,9,4,50,99,0,0
2058,0,9,2,4,206,0,0
2059,0,9,4,16,207,0,0
2061,0,9,5,16,207,0,0
2063,0,9,6,16,207,0,0
2064,0,9,1,4,233,0,0
2065,0,9,3,16,233,0,0
2067,0,9,2,16,233,0,0
2069,0,9,4,16,233,0,0
2070,0,9,2,10,125,0,0
2071,0,9,4,50,99,0,0
2073,0,9,5,50,99,0,0
2075,0,9,6,50,99,0,0
2076,0,9,1,10,125,0,0
2077,0,9,3,50,99,0,0
2079,0,9,2,50,99,0,0
2081,0,9,4,50,99,0,0
2082,0,9,2,4,233,0,0
2083,0,9,4,16,233,0,0
2085,0,9,5,16,233,0,0
2087,0,9,6,16,233,0,0
2088,2,,,,,,
2094,0,9,2,10,125,1,0
2095,0,9,4,50,99,0,0
2097,0,9,5,50,99,0,0
2099,0,9,6,50,99,0,0
2100,0,9,1,10,125,0,0
2101,0,9,3,50,99,0,0
2103,0,9,2,50,99,0,0
2105,0,9,4,50,99,0,0
2106,0,9,2,10,104,0,0
2107,0,9,4,50,84,0,0
2109,0,9,5,50,84,0,0
2111,0,9,6,50,84,0,0
2112,0,9,1,4,196,0,0
2113,0,9,3,16,196,0,0
2115,0,9,2,16,196,0,0
2117,0,9,4,16,196,0,0
2118,0,9,2,4,196,0,0
2119,0,9,4,16,196,0,0
2121,0,9,5,16,196,0,0
2123,0,9,6,16,196,0,0
2124,0,9,1,10,125,0,0
2125,0,9,3,50,99,0,0
2127,0,9,2,50,99,0,0
2129,0,9,4,50,99,0,0
2130,0,9,2,4,196,0,0
2131,0,9,4,16,196,0,0
2133,0,9,5,16,196,0,0
2135,0,9,6,16,196,0,0
2136,2,,,,,,
2142,0,9,2,10,125,1,0
2143,0,9,4,50,99,0,0
2145,0,9,5,50,99,0,0
2147,0,9,6,50,99,0,0
2148,0,9,1,10,125,0,0
2149,0,9,3,50,99,0,0
2151,0,9,2,50,99,0,0
2153,0,9,4,50,99,0,0
2154,0,9,2,4,206,0,0
2155,0,9,4,16,207,0,0
2157,0,9,5,16,207,0,0
2159,0,9,6,16,207,0,0
2160,0,9,1,4,233,0,0
2161,0,9,3,16,233,0,0
2163,0,9,2,16,233,0,0
2165,0,9,4,16,233,0,0
2166,0,9,2,10,125,0,0
2167,0,9,4,50,99,0,0
2169,0,9,5,50,99,0,0
2171,0,9,6,50,99,0,0
2172,0,9,1,10,125,0,0
2173,0,9,3,50,99,0,0
2175,0,9,2,50,99,0,0
2177,0,9,4,50,99,0,0
2178,0,9,2,4,233,0,0
2179,0,9,4,16,233,0,0
2181,0,9,5,16,233,0,0
2183,0,9,6,16,233,0,0
2184,2,,,,,,
2190,0,9,2,10,125,1,0
2191,0,9,4,50,99,0,0
2193,0,9,5,50,99,0,0
2195,0,9,6,50,99,0,0
2196,0,9,1,10,125,0,0
2197,0,9,3,50,99,0,0
2199,0,9,2,50,99,0,0
2201,0,9,4,50,99,0,0
2202,0,9,2,4,174,0,0
2203,0,9,4,16,174,0,0
2205,0,9,5,16,174,0,0
2207,0,9,6,16,174,0,0
2208,0,9,1,4,196,0,0
2209,0,9,3,16,196,0,0
2211,0,9,2,16,196,0,0
2213,0,9,4,16,196,0,0
2214,0,9,2,10,125,0,0
2215,0,9,4,50,99,0,0
2217,0,9,5,50,99,0,0
2219,0,9,6,50,99,0,0
2220,0,9,1,10,125,0,0
2221,0,9,3,50,99,0,0
2223,0,9,2,50,99,0,0
2225,0,9,4,50,99,0,0
2226,0,9,2,4,196,0,0
2227,0,9,4,16,196,0,0
2229,0,9,5,16,196,0,0
2231,0,9,6,16,196,0,0
2232,2,,,,,,
2238,0,9,2,10,125,1,0
2239,0,9,4,50,99,0,0
2241,0,9,5,50,99,0,0
2243,0,9,6,50,99,0,0
2244,0,9,1,10,125,0,0
2245,0,9,3,50,99,0,0
2247,0,9,2,50,99,0,0
2249,0,9,4,50,99,0,0
2250,0,9,2,4,206,0,0
2251,0,9,4,16,207,0,0
2253,0,9,5,16,207,0,0
2255,0,9,6,16,207,0,0
2256,0,9,1,4,233,0,0
2257,0,9,3,16,233,0,0
2259,0,9,2,16,233,0,0
2261,0,9,4,16,233,0,0
2262,0,9,2,10,125,0,0
2263,0,9,4,50,99,0,0
2265,0,9,5,50,99,0,0
2267,0,9,6,50,99,0,0
2268,0,9,1,10,125,0,0
2269,0,9,3,50,99,0,0
2271,0,9,2,50,99,0,0
2273,0,9,4,50,99,0,0
2274,0,9,2,4,233,0,0
2275,0,9,4,16,233,0,0
2277,0,9,5,16,233,0,0
2279,0,9,6,16,233,0,0
2280,2,,,,,,
2286,0,9,2,10,125,1,0
2287,0,9,4,50,99,0,0
2289,0,9,5,50,99,0,0
2291,0,9,6,50,99,0,0
2292,0,9,1,10,125,0,0
2293,0,9,3,50,99,0,0
2295,0,9,2,50,99,0,0
2297,0,9,4,50,99,0,0
2298,2,,,,,,
2304,0,9,1,4,196,1,0
2305,0,9,3,16,196,0,0
2307,0,9,2,16,196,0,0
2309,0,9,4,16,196,0,0
2310,0,9,2,4,196,0,0
2311,0,9,4,16,196,0,0
2313,0,9,5,16,196,0,0
2315,0,9,6,16,196,0,0
2316,0,9,1,10,125,0,0
2317,0,9,3,50,99,0,0
2319,0,9,2,50,99,0,0
2321,0,9,4,50,99,0,0
2322,0,9,2,4,196,0,0
2323,0,9,4,16,196,0,0
2325,0,9,5,16,196,0,0
2327,0,9,6,16,196,0,0
2328,2,,,,,,
2334,0,9,2,10,125,1,0
2335,0,9,4,50,99,0,0
2337,0,9,5,50,99,0,0
2339,0,9,6,50,99,0,0
2340,0,9,1,10,125,0,0
2341,0,9,3,50,99,0,0
2343,0,9,2,50,99,0,0
2345,0,9,4,50,99,0,0
2346,0,9,2,4,206,0,0
2347,0,9,4,16,207,0,0
2349,0,9,5,16,207,0,0
2351,0,9,6,16,207,0,0
2352,0,9,1,4,233,0,0
2353,0,9,3,16,233,0,0
2355,0,9,2,16,233,0,0
2357,0,9,4,16,233,0,0
2358,0,9,2,10,125,0,0
2359,0,9,4,50,99,0,0
2361,0,9,5,50,99,0,0
2363,0,9,6,50,99,0,0
2364,0,9,1,10,125,0,0
2365,0,9,3,50,99,0,0
2367,0,9,2,50,99,0,0
2369,0,9,4,50,99,0,0
2370,0,9,2,4,233,0,0
2371,0,9,4,16,233,0,0
2373,0,9,5,16,233,0,0
2375,0,9,6,16,233,0,0
2376,2,,,,,,
2382,0,9,2,10,125,1,0
2383,0,9,4,50,99,0,0
2385,0,9,5,50,99,0,0
2387,0,9,6,50,99,0,0
2388,0,9,1,10,125,0,0
2389,0,9,3,50,99,0,0
2391,0,9,2,50,99,0,0
2393,0,9,4,50,99,0,0
2394,0,9,2,4,174,0,0
2395,0,9,4,16,174,0,0
2397,0,9,5,16,174,0,0
2399,0,9,6,16,174,0,0
2400,0,9,1,4,196,0,0
2401,0,9,3,16,196,0,0
2403,0,9,2,16,196,0,0
2405,0,9,4,16,196,0,0
2406,0,9,2,10,125,0,0
2407,0,9,4,50,99,0,0
2409,0,9,5,50,99,0,0
2411,0,9,6,50,99,0,0
2412,0,9,1,10,125,0,0
2413,0,9,3,50,99,0,0
2415,0,9,2,50,99,0,0
2417,0,9,4,50,99,0,0
2418,0,9,2,4,196,0,0
2419,0,9,4,16,196,0,0
2421,0,9,5,16,196,0,0
2423,0,9,6,16,196,0,0
2424,2,,,,,,
2430,0,9,2,10,125,1,0
2431,0,9,4,50,99,0,0
2433,0,9,5,50,99,0,0
2435,0,9,6,50,99,0,0
2436,0,9,1,10,125,0,0
2437,0,9,3,50,99,0,0
2439,0,9,2,50,99,0,0
2441,0,9,4,50,99,0,0
2442,0,9,2,4,206,0,0
2443,0,9,4,16,207,0,0
2445,0,9,5,16,207,0,0
2447,0,9,6,16,207,0,0
2448,0,9,1,4,233,0,0
2449,0,9,3,16,233,0,0
2451,0,9,2,16,233,0,0
2453,0,9,4,16,233,0,0
2454,0,9,2,10,125,0,0
2455,0,9,4,50,99,0,0
2457,0,9,5,50,99,0,0
2459,0,9,6,50,99,0,0
2460,0,9,1,10,125,0,0
2461,0,9,3,50,99,0,0
2463,0,9,2,50,99,0,0
2465,0,9,4,50,99,0,0
2466,0,9,2,4,233,0,0
2467,0,9,4,16,233,0,0
2469,0,9,5,16,233,0,0
2471,0,9,6,16,233,0,0
2472,2,,,,,,
2478,0,9,2,10,125,1,0
2479,0,9,4,50,99,0,0
2481,0,9,5,50,99,0,0
2483,0,9,6,50,99,0,0
2484,0,9,1,10,125,0,0
2485,0,9,3,50,99,0,0
2487,0,9,2,50,99,0,0
2489,0,9,4,50,99,0,0
2490,0,9,2,10,104,0,0
2491,0,9,4,50,84,0,0
2493,0,9,5,50,84,0,0
2495,0,9,6,50,84,0,0
2496,0,9,1,4,196,0,0
2497,0,9,3,16,196,0,0
2499,0,9,2,16,196,0,0
2501,0,9,4,16,196,0,0
2502,0,9,2,4,196,0,0
2503,0,9,4,16,196,0,0
2505,0,9,5,16,196,0,0
2507,0,9,6,16,196,0,0
2508,0,9,1,10,125,0,0
2509,0,9,3,50,99,0,0
2511,0,9,2,50,99,0,0
2513,0,9,4,50,99,0,0
2514,0,9,2,4,196,0,0
2515,0,9,4,16,196,0,0
2517,0,9,5,16,196,0,0
2519,0,9,6,16,196,0,0
2520,2,,,,,,
2526,0,9,2,10,125,1,0
2527,0,9,4,50,99,0,0
2529,0,9,5,50,99,0,0
2531,0,9,6,50,99,0,0
2532,0,9,1,10,125,0,0
2533,0,9,3,50,99,0,0
2535,0,9,2,50,99,0,0
2537,0,9,4,50,99,0,0
2538,0,9,2,4,206,0,0
2539,0,9,4,16,207,0,0
2541,0,9,5,16,207,0,0
2543,0,9,6,16,207,0,0
2544,0,9,1,4,233,0,0
2545,0,9,3,16,233,0,0
2547,0,9,2,16,233,0,0
2549,0,9,4,16,233,0,0
2550,0,9,2,10,125,0,0
2551,0,9,4,50,99,0,0
2553,0,9,5,50,99,0,0
2555,0,9,6,50,99,0,0
2556,0,9,1,10,125,0,0
2557,0,9,3,50,99,0,0
2559,0,9,2,50,99,0,0
2561,0,9,4,50,99,0,0
2562,0,9,2,4,233,0,0
2563,0,9,4,16,233,0,0
2565,0,9,5,16,233,0,0
2567,0,9,6,16,233,0,0
2568,2,,,,,,
2574,0,9,2,10,125,1,0
2575,0,9,4,50,99,0,0
2577,0,9,5,50,99,0,0
2579,0,9,6,50,99,0,0
2580,0,9,1,10,125,0,0
2581,0,9,3,50,99,0,0
2583,0,9,2,50,99,0,0
2585,0,9,4,50,99,0,0
2586,0,9,2,4,174,0,0
2587,0,9,4,16,174,0,0
2589,0,9,5,16,174,0,0
2591,0,9,6,16,174,0,0
2592,0,9,1,4,196,0,0
2593,0,9,3,16,196,0,0
2595,0,9,2,16,196,0,0
2597,0,9,4,16,196,0,0
2598,0,9,2,10,125,0,0
2599,0,9,4,50,99,0,0
2601,0,9,5,50,99,0,0
2603,0,9,6,50,99,0,0
2604,0,9,1,10,125,0,0
2605,0,9,3,50,99,0,0
2607,0,9,2,50,99,0,0
2609,0,9,4,50,99,0,0
2610,0,9,2,4,196,0,0
2611,0,9,4,16,196,0,0
2613,0,9,5,16,196,0,0
2615,0,9,6,16,196,0,0
2616,2,,,,,,
2622,0,9,2,10,125,1,0
2623,0,9,4,50,99,0,0
2625,0,9,5,50,99,0,0
2627,0,9,6,50,99,0,0
2628,0,9,1,10,125,0,0
2629,0,9,3,50,99,0,0
2631,0,9,2,50,99,0,0
2633,0,9,4,50,99,0,0
2634,0,9,2,4,206,0,0
2635,0,9,4,16,207,0,0
2637,0,9,5,16,207,0,0
2639,0,9,6,16,207,0,0
2640,0,9,1,4,233,0,0
2641,0,9,3,16,233,0,0
2643,0,9,2,16,233,0,0
2645,0,9,4,16,233,0,0
2646,0,9,2,10,125,0,0
2647,0,9,4,50,99,0,0
2649,0,9,5,50,99,0,0
2651,0,9,6,50,99,0,0
2652,0,9,1,10,125,0,0
2653,0,9,3,50,99,0,0
2655,0,9,2,50,99,0,0
2657,0,9,4,50,99,0,0
2658,0,9,2,4,233,0,0
2659,0,9,4,16,233,0,0
2661,0,9,5,16,233,0,0
2663,0,9,6,16,233,0,0
2664,2,,,,,,
2670,0,9,2,10,125,1,0
2671,0,9,4,50,99,0,0
2673,0,9,5,50,99,0,0
2675,0,9,6,50,99,0,0
2676,0,9,1,10,125,0,0
2677,0,9,3,50,99,0,0
2679,0,9,2,50,99,0,0
2681,0,9,4,50,99,0,0
2682,2,,,,,,
2688,0,9,3,16,233,1,0
2689,1,,,16,196,0,0
2690,1,,,10,209,0,0
2694,0,9,2,4,196,0,0
2695,0,9,4,16,196,0,0
2697,0,9,5,16,196,0,0
2699,0,9,6,16,196,0,0
2700,0,9,1,10,125,0,0
2701,0,9,3,50,99,0,0
2703,0,9,2,50,99,0,0
2705,0,9,4,50,99,0,0
2706,0,9,2,16,233,0,0
2707,1,,,16,196,0,0
2708,1,,,10,209,0,0
2712,2,,,,,,
2718,0,9,2,10,125,1,0
2719,0,9,4,50,99,0,0
2721,0,9,5,50,99,0,0
2723,0,9,6,50,99,0,0
2724,0,9,4,16,233,0,0
2725,1,,,16,196,0,0
2726,1,,,10,209,0,0
2730,0,9,2,4,206,0,0
2731,0,9,4,16,207,0,0
2733,0,9,5,16,207,0,0
2735,0,9,6,16,207,0,0
2736,0,9,1,4,233,0,0
2737,0,9,3,16,233,0,0
2739,0,9,2,16,233,0,0
2741,0,9,4,16,233,0,0
2742,0,9,5,16,233,0,0
2743,1,,,16,196,0,0
2744,1,,,10,209,0,0
2748,0,9,1,10,125,0,0
2749,0,9,3,50,99,0,0
2751,0,9,2,50,99,0,0
2753,0,9,4,50,99,0,0
2754,0,9,2,4,233,0,0
2755,0,9,4,16,233,0,0
2757,0,9,5,16,233,0,0
2759,0,9,6,16,233,0,0
2760,2,,,,,,
2766,0,9,3,16,233,1,0
2767,1,,,16,196,0,0
2768,1,,,10,209,0,0
2772,0,9,1,10,125,0,0
2773,0,9,3,50,99,0,0
2775,0,9,2,50,99,0,0
2777,0,9,4,50,99,0,0
2778,0,9,2,16,233,0,0
2779,1,,,16,196,0,0
2780,1,,,10,209,0,0
2784,0,9,3,16,233,0,0
2785,1,,,16,196,0,0
2786,1,,,10,209,0,0
2790,0,9,2,10,125,0,0
2791,0,9,4,50,99,0,0
2793,0,9,5,50,99,0,0
2795,0,9,6,50,99,0,0
2796,0,9,1,10,125,0,0
2797,0,9,3,50,99,0,0
2799,0,9,2,50,99,0,0
2801,0,9,4,50,99,0,0
2802,0,9,2,16,233,0,0
2803,1,,,16,196,0,0
2804,1,,,10,209,0,0
2808,2,,,,,,
2814,0,9,2,10,125,1,0
2815,0,9,4,50,99,0,0
2817,0,9,5,50,99,0,0
2819,0,9,6,50,99,0,0
2820,0,9,4,16,233,0,0
2821,1,,,16,196,0,0
2822,1,,,10,209,0,0
2826,0,9,2,4,206,0,0
2827,0,9,4,16,207,0,0
2829,0,9,5,16,207,0,0
2831,0,9,6,16,207,0,0
2832,0,9,1,4,233,0,0
2833,0,9,3,16,233,0,0
2835,0,9,2,16,233,0,0
2837,0,9,4,16,233,0,0
2838,0,9,5,16,233,0,0
2839,1,,,16,196,0,0
2840,1,,,10,209,0,0
2844,0,9,1,10,125,0,0
2845,0,9,3,50,99,0,0
2847,0,9,2,50,99,0,0
2849,0,9,4,50,99,0,0
2850,0,9,2,4,233,0,0
2851,0,9,4,16,233,0,0
2853,0,9,5,16,233,0,0
2855,0,9,6,16,233,0,0
2856,2,,,,,,
2862,0,9,6,16,233,1,0
2863,1,,,16,196,0,0
2864,1,,,10,209,0,0
2868,0,9,1,10,125,0,0
2869,0,9,3,50,99,0,0
2871,0,9,2,50,99,0,0
2873,0,9,4,50,99,0,0
2874,1,,,16,233,0,0
2875,1,,,16,196,0,0
2876,1,,,10,209,0,0
2880,0,9,3,50,94,0,0
2881,1,,,16,233,0,0
2882,1,,,10,209,0,0
2886,0,9,2,4,196,0,0
2887,0,9,4,16,196,0,0
2889,0,9,5,16,196,0,0
2891,0,9,6,16,196,0,0
2892,0,9,1,10,125,0,0
2893,0,9,3,50,99,0,0
2895,0,9,2,50,99,0,0
2897,0,9,4,50,99,0,0
2898,0,9,2,50,94,0,0
2899,1,,,16,233,0,0
2900,1,,,10,209,0,0
2904,2,,,,,,
2910,0,9,2,10,125,1,0
2911,0,9,4,50,99,0,0
2913,0,9,5,50,99,0,0
2915,0,9,6,50,99,0,0
2916,0,9,4,50,94,0,0
2917,1,,,16,233,0,0
2918,1,,,10,209,0,0
2922,0,9,2,4,206,0,0
2923,0,9,4,16,207,0,0
2925,0,9,5,16,207,0,0
2927,0,9,6,16,207,0,0
2928,0,9,1,4,233,0,0
2929,0,9,3,16,233,0,0
2931,0,9,2,16,233,0,0
2933,0,9,4,16,233,0,0
2934,0,9,5,50,94,0,0
2935,1,,,16,233,0,0
2936,1,,,10,209,0,0
2940,0,9,1,10,125,0,0
2941,0,9,3,50,99,0,0
2943,0,9,2,50,99,0,0
2945,0,9,4,50,99,0,0
2946,0,9,2,4,233,0,0
2947,0,9,4,16,233,0,0
2949,0,9,5,16,233,0,0
2951,0,9,6,16,233,0,0
2952,2,,,,,,
2958,0,9,6,50,94,1,0
2959,1,,,16,233,0,0
2960,1,,,10,209,0,0
2964,0,9,1,10,125,0,0
2965,0,9,3,50,99,0,0
2967,0,9,2,50,99,0,0
2969,0,9,4,50,99,0,0
2970,0,9,2,50,94,0,0
2971,1,,,16,233,0,0
2972,1,,,10,209,0,0
2976,0,9,3,50,94,0,0
2977,1,,,16,233,0,0
2978,1,,,10,235,0,0
2982,0,9,2,10,125,0,0
2983,0,9,4,50,99,0,0
2985,0,9,5,50,99,0,0
2987,0,9,6,50,99,0,0
2988,0,9,1,10,125,0,0
2989,0,9,3,50,99,0,0
2991,0,9,2,50,99,0,0
2993,0,9,4,50,99,0,0
2994,0,9,2,50,94,0,0
2995,1,,,16,233,0,0
2996,1,,,10,235,0,0
3000,2,,,,,,
3006,0,9,2,10,125,1,0
3007,0,9,4,50,99,0,0
3009,0,9,5,50,99,0,0
3011,0,9,6,50,99,0,0
3012,0,9,4,50,94,0,0
3013,1,,,16,233,0,0
3014,1,,,10,235,0,0
3018,0,9,2,4,206,0,0
3019,0,9,4,16,207,0,0
3021,0,9,5,16,207,0,0
3023,0,9,6,16,207,0,0
3024,0,9,1,4,233,0,0
3025,0,9,3,16,233,0,0
3027,0,9,2,16,233,0,0
3029,0,9,4,16,233,0,0
3030,0,9,5,50,94,0,0
3031,1,,,16,233,0,0
3032,1,,,10,235,0,0
3036,0,9,1,10,125,0,0
3037,0,9,3,50,99,0,0
3039,0,9,2,50,99,0,0
3041,0,9,4,50,99,0,0
3042,0,9,2,4,233,0,0
3043,0,9,4,16,233,0,0
3045,0,9,5,16,233,0,0
3047,0,9,6,16,233,0,0
3048,2,,,,,,
3054,0,9,6,50,94,1,0
3055,1,,,16,233,0,0
3056,1,,,10,235,0,0
3060,0,9,1,10,125,0,0
3061,0,9,3,50,99,0,0
3063,0,9,2,50,99,0,0
3065,0,9,4,50,99,0,0
3066,1,,,50,94,0,0
3067,1,,,16,233,0,0
3068,1,,,10,235,0,0
3072,0,9,3,16,233,0,0
3073,1,,,16,196,0,0
3074,1,,,10,209,0,0
3078,0,9,2,4,196,0,0
3079,0,9,4,16,196,0,0
3081,0,9,5,16,196,0,0
3083,0,9,6,16,196,0,0
3084,0,9,1,10,125,0,0
3085,0,9,3,50,99,0,0
3087,0,9,2,50,99,0,0
3089,0,9,4,50,99,0,0
3090,0,9,2,16,233,0,0
3091,1,,,16,196,0,0
3092,1,,,10,209,0,0
3096,2,,,,,,
3102,0,9,2,10,125,1,0
3103,0,9,4,50,99,0,0
3105,0,9,5,50,99,0,0
3107,0,9,6,50,99,0,0
3108,0,9,4,16,233,0,0
3109,1,,,16,196,0,0
3110,1,,,10,209,0,0
3114,0,9,2,4,206,0,0
3115,0,9,4,16,207,0,0
3117,0,9,5,16,207,0,0
3119,0,9,6,16,207,0,0
3120,0,9,1,4,233,0,0
3121,0,9,3,16,233,0,0
3123,0,9,2,16,233,0,0
3125,0,9,4,16,233,0,0
3126,0,9,5,16,233,0,0
3127,1,,,16,196,0,0
3128,1,,,10,209,0,0
3132,0,9,1,10,125,0,0
3133,0,9,3,50,99,0,0
3135,0,9,2,50,99,0,0
3137,0,9,4,50,99,0,0
3138,0,9,2,4,233,0,0
3139,0,9,4,16,233,0,0
3141,0,9,5,16,233,0,0
3143,0,9,6,16,233,0,0
3144,2,,,,,,
3150,0,9,3,16,233,1,0
3151,1,,,16,196,0,0
3152,1,,,10,209,0,0
3156,0,9,1,10,125,0,0
3157,0,9,3,50,99,0,0
3159,0,9,2,50,99,0,0
3161,0,9,4,50,99,0,0
3162,0,9,2,16,233,0,0
3163,1,,,16,196,0,0
3164,1,,,10,209,0,0
3168,0,9,3,16,233,0,0
3169,1,,,16,196,0,0
3170,1,,,10,209,0,0
3174,0,9,2,10,125,0,0
3175,0,9,4,50,99,0,0
3177,0,9,5,50,99,0,0
3179,0,9,6,50,99,0,0
3180,0,9,1,10,125,0,0
3181,0,9,3,50,99,0,0
3183,0,9,2,50,99,0,0
3185,0,9,4,50,99,0,0
3186,0,9,2,16,233,0,0
3187,1,,,16,196,0,0
3188,1,,,10,209,0,0
3192,2,,,,,,
3198,0,9,2,10,125,1,0
3199,0,9,4,50,99,0,0
3201,0,9,5,50,99,0,0
3203,0,9,6,50,99,0,0
3204,0,9,4,16,233,0,0
3205,1,,,16,196,0,0
3206,1,,,10,209,0,0
3210,0,9,2,4,206,0,0
3211,0,9,4,16,207,0,0
3213,0,9,5,16,207,0,0
3215,0,9,6,16,207,0,0
3216,0,9,1,4,233,0,0
3217,0,9,3,16,233,0,0
3219,0,9,2,16,233,0,0
3221,0,9,4,16,233,0,0
3222,0,9,5,16,233,0,0
3223,1,,,16,196,0,0
3224,1,,,10,209,0,0
3228,0,9,1,10,125,0,0
3229,0,9,3,50,99,0,0
3231,0,9,2,50,99,0,0
3233,0,9,4,50,99,0,0
3234,0,9,2,4,233,0,0
3235,0,9,4,16,233,0,0
3237,0,9,5,16,233,0,0
3239,0,9,6,16,233,0,0
3240,2,,,,,,
3246,0,9,6,16,233,1,0
3247,1,,,16,196,0,0
3248,1,,,10,209,0,0
3252,0,9,1,10,125,0,0
3253,0,9,3,50,99,0,0
3255,0,9,2,50,99,0,0
3257,0,9,4,50,99,0,0
3258,1,,,16,233,0,0
3259,1,,,16,196,0,0
3260,1,,,10,209,0,0
3264,0,9,3,50,94,0,0
3265,1,,,16,233,0,0
3266,1,,,10,209,0,0
3270,0,9,2,4,196,0,0
3271,0,9,4,16,196,0,0
3273,0,9,5,16,196,0,0
3275,0,9,6,16,196,0,0
3276,0,9,1,10,125,0,0
3277,0,9,3,50,99,0,0
3279,0,9,2,50,99,0,0
3281,0,9,4,50,99,0,0
3282,0,9,2,50,94,0,0
3283,1,,,16,233,0,0
3284,1,,,10,209,0,0
3288,2,,,,,,
3294,0,9,2,10,125,1,0
3295,0,9,4,50,99,0,0
3297,0,9,5,50,99,0,0
3299,0,9,6,50,99,0,0
3300,0,9,4,50,94,0,0
3301,1,,,16,233,0,0
3302,1,,,10,209,0,0
3306,0,9,2,4,206,0,0
3307,0,9,4,16,207,0,0
3309,0,9,5,16,207,0,0
3311,0,9,6,16,207,0,0
3312,0,9,1,4,233,0,0
3313,0,9,3,16,233,0,0
3315,0,9,2,16,233,0,0
3317,0,9,4,16,233,0,0
3318,0,9,5,50,94,0,0
3319,1,,,16,233,0,0
3320,1,,,10,209,0,0
3324,0,9,1,10,125,0,0
3325,0,9,3,50,99,0,0
3327,0,9,2,50,99,0,0
3329,0,9,4,50,99,0,0
3330,0,9,2,4,233,0,0
3331,0,9,4,16,233,0,0
3333,0,9,5,16,233,0,0
3335,0,9,6,16,233,0,0
3336,2,,,,,,
3342,0,9,6,50,94,1,0
3343,1,,,16,233,0,0
3344,1,,,10,209,0,0
3348,0,9,1,10,125,0,0
3349,0,9,3,50,99,0,0
3351,0,9,2,50,99,0,0
3353,0,9,4,50,99,0,0
3354,0,9,2,50,94,0,0
3355,1,,,16,233,0,0
3356,1,,,10,209,0,0
3360,0,9,3,50,94,0,0
3361,1,,,16,233,0,0
3362,1,,,10,235,0,0
3366,0,9,2,10,125,0,0
3367,0,9,4,50,99,0,0
3369,0,9,5,50,99,0,0
3371,0,9,6,50,99,0,0
3372,0,9,1,10,125,0,0
3373,0,9,3,50,99,0,0
3375,0,9,2,50,99,0,0
3377,0,9,4,50,99,0,0
3378,0,9,2,50,94,0,0
3379,1,,,16,233,0,0
3380,1,,,10,235,0,0
3384,2,,,,,,
3390,0,9,2,10,125,1,0
3391,0,9,4,50,99,0,0
3393,0,9,5,50,99,0,0
3395,0,9,6,50,99,0,0
3396,0,9,4,50,94,0,0
3397,1,,,16,233,0,0
3398,1,,,10,235,0,0
3402,0,9,2,4,206,0,0
3403,0,9,4,16,207,0,0
3405,0,9,5,16,207,0,0
3407,0,9,6,16,207,0,0
3408,2,,,,,,
3426,0,9,1,100,167,1,0
3427,0,9,2,100,167,0,0
3428,0,9,3,100,167,0,0
3432,2,,,,,,
3438,0,9,1,100,167,1,0
3439,0,9,2,100,167,0,0
3440,0,9,3,100,167,0,0
3444,2,,,,,,
3450,0,9,1,100,167,1,0
3451,0,9,2,100,167,0,0
3452,0,9,3,100,167,0,0
3456,1,,,16,233,0,0
3457,1,,,16,196,0,0
3458,1,,,10,209,0,0
3462,0,9,2,4,196,0,0
3463,0,9,4,16,196,0,0
3465,0,9,5,16,196,0,0
3467,0,9,6,16,196,0,0
3468,0,9,1,10,125,0,0
3469,0,9,3,50,99,0,0
3471,0,9,2,50,99,0,0
3473,0,9,4,50,99,0,0
3474,0,9,2,16,233,0,0
3475,1,,,16,196,0,0
3476,1,,,10,209,0,0
3480,2,,,,,,
3486,0,9,2,10,125,1,0
3487,0,9,4,50,99,0,0
3489,0,9,5,50,99,0,0
3491,0,9,6,50,99,0,0
3492,0,9,4,16,233,0,0
3493,1,,,16,196,0,0
3494,1,,,10,209,0,0
3498,0,9,2,4,206,0,0
3499,0,9,4,16,207,0,0
3501,0,9,5,16,207,0,0
3503,0,9,6,16,207,0,0
3504,0,9,1,4,233,0,0
3505,0,9,3,16,233,0,0
3507,0,9,2,16,233,0,0
3509,0,9,4,16,233,0,0
3510,0,9,5,16,233,0,0
3511,1,,,16,196,0,0
3512,1,,,10,209,0,0
3516,0,9,1,10,125,0,0
3517,0,9,3,50,99,0,0
3519,0,9,2,50,99,0,0
3521,0,9,4,50,99,0,0
3522,0,9,2,4,233,0,0
3523,0,9,4,16,233,0,0
3525,0,9,5,16,233,0,0
3527,0,9,6,16,233,0,0
3528,2,,,,,,
3534,0,9,3,16,233,1,0
3535,1,,,16,196,0,0
3536,1,,,10,209,0,0
3540,0,9,1,10,125,0,0
3541,0,9,3,50,99,0,0
3543,0,9,2,50,99,0,0
3545,0,9,4,50,99,0,0
3546,0,9,2,16,233,0,0
3547,1,,,16,196,0,0
3548,1,,,10,209,0,0
3552,0,9,3,16,233,0,0
3553,1,,,16,196,0,0
3554,1,,,10,209,0,0
3558,0,9,2,10,125,0,0
3559,0,9,4,50,99,0,0
3561,0,9,5,50,99,0,0
3563,0,9,6,50,99,0,0
3564,0,9,1,10,125,0,0
3565,0,9,3,50,99,0,0
3567,0,9,2,50,99,0,0
3569,0,9,4,50,99,0,0
3570,0,9,2,16,233,0,0
3571,1,,,16,196,0,0
3572,1,,,10,209,0,0
3576,2,,,,,,
3582,0,9,2,10,125,1,0
3583,0,9,4,50,99,0,0
3585,0,9,5,50,99,0,0
3587,0,9,6,50,99,0,0
3588,0,9,4,16,233,0,0
3589,1,,,16,196,0,0
3590,1,,,10,209,0,0
3594,0,9,2,4,206,0,0
3595,0,9,4,16,207,0,0
3597,0,9,5,16,207,0,0
3599,0,9,6,16,207,0,0
3600,0,9,1,4,233,0,0
3601,0,9,3,16,233,0,0
3603,0,9,2,16,233,0,0
3605,0,9,4,16,233,0,0
3606,0,9,5,16,233,0,0
3607,1,,,16,196,0,0
3608,1,,,10,209,0,0
3612,0,9,1,10,125,0,0
3613,0,9,3,50,99,0,0
3615,0,9,2,50,99,0,0
3617,0,9,4,50,99,0,0
3618,0,9,2,4,233,0,0
3619,0,9,4,16,233,0,0
3621,0,9,5,16,233,0,0
3623,0,9,6,16,233,0,0
3624,2,,,,,,
3630,0,9,6,16,233,1,0
3631,1,,,16,196,0,0
3632,1,,,10,209,0,0
3636,0,9,1,10,125,0,0
3637,0,9,3,50,99,0,0
3639,0,9,2,50,99,0,0
3641,0,9,4,50,99,0,0
3642,1,,,16,233,0,0
3643,1,,,16,196,0,0
3644,1,,,10,209,0,0
3648,0,9,3,50,94,0,0
3649,1,,,16,233,0,0
3650,1,,,10,209,0,0
3654,0,9,2,4,196,0,0
3655,0,9,4,16,196,0,0
3657,0,9,5,16,196,0,0
3659,0,9,6,16,196,0,0
3660,0,9,1,10,125,0,0
3661,0,9,3,50,99,0,0
3663,0,9,2,50,99,0,0
3665,0,9,4,50,99,0,0
3666,0,9,2,50,94,0,0
3667,1,,,16,233,0,0
3668,1,,,10,209,0,0
3672,2,,,,,,
3678,0,9,2,10,125,1,0
3679,0,9,4,50,99,0,0
3681,0,9,5,50,99,0,0
3683,0,9,6,50,99,0,0
3684,0,9,4,50,94,0,0
3685,1,,,16,233,0,0
3686,1,,,10,209,0,0
3690,0,9,2,4,206,0,0
3691,0,9,4,16,207,0,0
3693,0,9,5,16,207,0,0
3695,0,9,6,16,207,0,0
3696,0,9,1,4,233,0,0
3697,0,9,3,16,233,0,0
3699,0,9,2,16,233,0,0
3701,0,9,4,16,233,0,0
3702,0,9,5,50,94,0,0
3703,1,,,16,233,0,0
3704,1,,,10,209,0,0
3708,0,9,1,10,125,0,0
3709,0,9,3,50,99,0,0
3711,0,9,2,50,99,0,0
3713,0,9,4,50,99,0,0
3714,0,9,2,4,233,0,0
3715,0,9,4,16,233,0,0
3717,0,9,5,16,233,0,0
3719,0,9,6,16,233,0,0
3720,2,,,,,,
3726,0,9,6,50,94,1,0
3727,1,,,16,233,0,0
3728,1,,,10,209,0,0
3732,0,9,1,10,125,0,0
3733,0,9,3,50,99,0,0
3735,0,9,2,50,99,0,0
3737,0,9,4,50,99,0,0
3738,0,9,2,50,94,0,0
3739,1,,,16,233,0,0
3740,1,,,10,209,0,0
3744,0,9,3,50,94,0,0
3745,1,,,16,233,0,0
3746,1,,,10,235,0,0
3750,0,9,2,10,125,0,0
3751,0,9,4,50,99,0,0
3753,0,9,5,50,99,0,0
3755,0,9,6,50,99,0,0
3756,0,9,1,10,125,0,0
3757,0,9,3,50,99,0,0
3759,0,9,2,50,99,0,0
3761,0,9,4,50,99,0,0
3762,0,9,2,50,94,0,0
3763,1,,,16,233,0,0
3764,1,,,10,235,0,0
3768,2,,,,,,
3774,0,9,2,10,125,1,0
3775,0,9,4,50,99,0,0
3777,0,9,5,50,99,0,0
3779,0,9,6,50,99,0,0
3780,0,9,4,50,94,0,0
3781,1,,,16,233,0,0
3782,1,,,10,235,0,0
3786,0,9,2,4,206,0,0
3787,0,9,4,16,207,0,0
3789,0,9,5,16,207,0,0
3791,0,9,6,16,207,0,0
3792,0,9,1,4,233,0,0
3793,0,9,3,16,233,0,0
3795,0,9,2,16,233,0,0
3797,0,9,4,16,233,0,0
3798,0,9,5,50,94,0,0
3799,1,,,16,233,0,0
3800,1,,,10,235,0,0
3804,0,9,1,10,125,0,0
3805,0,9,3,50,99,0,0
3807,0,9,2,50,99,0,0
3809,0,9,4,50,99,0,0
3810,0,9,2,4,233,0,0
3811,0,9,4,16,233,0,0
3813,0,9,5,16,233,0,0
3815,0,9,6,16,233,0,0
3816,2,,,,,,
3822,0,9,6,50,94,1,0
3823,1,,,16,233,0,0
3824,1,,,10,235,0,0
3828,0,9,1,10,125,0,0
3829,0,9,3,50,99,0,0
3831,0,9,2,50,99,0,0
3833,0,9,4,50,99,0,0
3834,1,,,50,94,0,0
3835,1,,,16,233,0,0
3836,1,,,10,235,0,0
3840,0,9,3,16,233,0,0
3841,1,,,16,196,0,0
3842,1,,,10,209,0,0
3846,0,9,2,4,196,0,0
3847,0,9,4,16,196,0,0
3849,0,9,5,16,196,0,0
3851,0,9,6,16,196,0,0
3852,0,9,1,10,125,0,0
3853,0,9,3,50,99,0,0
3855,0,9,2,50,99,0,0
3857,0,9,4,50,99,0,0
3858,0,9,2,16,233,0,0
3859,1,,,16,196,0,0
3860,1,,,10,209,0,0
3864,2,,,,,,
3870,0,9,2,10,125,1,0
3871,0,9,4,50,99,0,0
3873,0,9,5,50,99,0,0
3875,0,9,6,50,99,0,0
3876,0,9,4,16,233,0,0
3877,1,,,16,196,0,0
3878,1,,,10,209,0,0
3882,0,9,2,4,206,0,0
3883,0,9,4,16,207,0,0
3885,0,9,5,16,207,0,0
3887,0,9,6,16,207,0,0
3888,0,9,1,4,233,0,0
3889,0,9,3,16,233,0,0
3891,0,9,2,16,233,0,0
3893,0,9,4,16,233,0,0
3894,0,9,5,16,233,0,0
3895,1,,,16,196,0,0
3896,1,,,10,209,0,0
3900,0,9,1,10,125,0,0
3901,0,9,3,50,99,0,0
3903,0,9,2,50,99,0,0
3905,0,9,4,50,99,0,0
3906,0,9,2,4,233,0,0
3907,0,9,4,16,233,0,0
3909,0,9,5,16,233,0,0
3911,0,9,6,16,233,0,0
3912,2,,,,,,
3918,0,9,3,16,233,1,0
3919,1,,,16,196,0,0
3920,1,,,10,209,0,0
3924,0,9,1,10,125,0,0
3925,0,9,3,50,99,0,0
3927,0,9,2,50,99,0,0
3929,0,9,4,50,99,0,0
3930,0,9,2,16,233,0,0
3931,1,,,16,196,0,0
3932,1,,,10,209,0,0
3936,0,9,3,16,233,0,0
3937,1,,,16,196,0,0
3938,1,,,10,209,0,0
3942,0,9,2,10,125,0,0
3943,0,9,4,50,99,0,0
3945,0,9,5,50,99,0,0
3947,0,9,6,50,99,0,0
3948,0,9,1,10,125,0,0
3949,0,9,3,50,99,0,0
3951,0,9,2,50,99,0,0
3953,0,9,4,50,99,0,0
3954,0,9,2,16,233,0,0
3955,1,,,16,196,0,0
3956,1,,,10,209,0,0
3960,2,,,,,,
3966,0,9,2,10,125,1,0
3967,0,9,4,50,99,0,0
3969,0,9,5,50,99,0,0
3971,0,9,6,50,99,0,0
3972,0,9,4,16,233,0,0
3973,1,,,16,196,0,0
3974,1,,,10,209,0,0
3978,0,9,2,4,206,0,0
3979,0,9,4,16,207,0,0
3981,0,9,5,16,207,0,0
3983,0,9,6,16,207,0,0
3984,0,9,1,4,233,0,0
3985,0,9,3,16,233,0,0
3987,0,9,2,16,233,0,0
3989,0,9,4,16,233,0,0
3990,0,9,5,16,233,0,0
3991,1,,,16,196,0,0
3992,1,,,10,209,0,0
3996,0,9,1,10,125,0,0
3997,0,9,3,50,99,0,0
3999,0,9,2,50,99,0,0
4001,0,9,4,50,99,0,0
4002,0,9,2,4,233,0,0
4003,0,9,4,16,233,0,0
4005,0,9,5,16,233,0,0
4007,0,9,6,16,233,0,0
4008,2,,,,,,
4014,0,9,6,16,233,1,0
4015,1,,,16,196,0,0
4016,1,,,10,209,0,0
4020,0,9,1,10,125,0,0
4021,0,9,3,50,99,0,0
4023,0,9,2,50,99,0,0
4025,0,9,4,50,99,0,0
4026,1,,,16,233,0,0
4027,1,,,16,196,0,0
4028,1,,,10,209,0,0
4032,0,9,3,50,94,0,0
4033,1,,,16,233,0,0
4034,1,,,10,209,0,0
4038,0,9,2,4,196,0,0
4039,0,9,4,16,196,0,0
4041,0,9,5,16,196,0,0
4043,0,9,6,16,196,0,0
4044,0,9,1,10,125,0,0
4045,0,9,3,50,99,0,0
4047,0,9,2,50,99,0,0
4049,0,9,4,50,99,0,0
4050,0,9,2,50,94,0,0
4051,1,,,16,233,0,0
4052,1,,,10,209,0,0
4056,2,,,,,,
4062,0,9,2,10,125,1,0
4063,0,9,4,50,99,0,0
4065,0,9,5,50,99,0,0
4067,0,9,6,50,99,0,0
4068,0,9,4,50,94,0,0
4069,1,,,16,233,0,0
4070,1,,,10,209,0,0
4074,0,9,2,4,206,0,0
4075,0,9,4,16,207,0,0
4077,0,9,5,16,207,0,0
4079,0,9,6,16,207,0,0
4080,0,9,1,4,233,0,0
4081,0,9,3,16,233,0,0
4083,0,9,2,16,233,0,0
4085,0,9,4,16,233,0,0
4086,0,9,5,50,94,0,0
4087,1,,,16,233,0,0
4088,1,,,10,209,0,0
4092,0,9,1,10,125,0,0
4093,0,9,3,50,99,0,0
4095,0,9,2,50,99,0,0
4097,0,9,4,50,99,0,0
4098,0,9,2,4,233,0,0
4099,0,9,4,16,233,0,0
4101,0,9,5,16,233,0,0
4103,0,9,6,16,233,0,0
4104,2,,,,,,
4110,0,9,6,50,94,1,0
4111,1,,,16,233,0,0
4112,1,,,10,209,0,0
4116,0,9,1,10,125,0,0
4117,0,9,3,50,99,0,0
4119,0,9,2,50,99,0,0
4121,0,9,4,50,99,0,0
4122,0,9,2,50,94,0,0
4123,1,,,16,233,0,0
4124,1,,,10,209,0,0
4128,0,9,3,50,94,0,0
4129,1,,,16,233,0,0
4130,1,,,10,235,0,0
4134,0,9,2,10,125,0,0
4135,0,9,4,50,99,0,0
4137,0,9,5,50,99,0,0
4139,0,9,6,50,99,0,0
4140,0,9,1,10,125,0,0
4141,0,9,3,50,99,0,0
4143,0,9,2,50,99,0,0
4145,0,9,4,50,99,0,0
4146,0,9,2,50,94,0,0
4147,1,,,16,233,0,0
4148,1,,,10,235,0,0
4152,2,,,,,,
4158,0,9,2,10,125,1,0
4159,0,9,4,50,99,0,0
4161,0,9,5,50,99,0,0
4163,0,9,6,50,99,0,0
4164,0,9,4,50,94,0,0
4165,1,,,16,233,0,0
4166,1,,,10,235,0,0
4170,0,9,2,4,206,0,0
4171,0,9,4,16,207,0,0
4173,0,9,5,16,207,0,0
4175,0,9,6,16,207,0,0
4176,0,9,1,4,233,0,0
4177,0,9,3,16,233,0,0
4179,0,9,2,16,233,0,0
4181,0,9,4,16,233,0,0
4182,0,9,5,50,94,0,0
4183,1,,,16,233,0,0
4184,1,,,10,235,0,0
4188,0,9,1,10,125,0,0
4189,0,9,3,50,99,0,0
4191,0,9,2,50,99,0,0
4193,0,9,4,50,99,0,0
4194,0,9,2,4,233,0,0
4195,0,9,4,16,233,0,0
4197,0,9,5,16,233,0,0
4199,0,9,6,16,233,0,0
4200,2,,,,,,
4206,0,9,6,50,94,1,0
4207,1,,,16,233,0,0
4208,1,,,10,235,0,0
4212,0,9,1,10,125,0,0
4213,0,9,3,50,99,0,0
4215,0,9,2,50,99,0,0
4217,0,9,4,50,99,0,0
4218,1,,,50,94,0,0
4219,1,,,16,233,0,0
4220,1,,,10,235,0,0
4224,0,9,1,50,125,0,0
4225,0,9,2,50,125,0,0
4226,0,9,3,50,125,0,0
4248,1,,,50,126,0,0
4250,1,,,50,125,0,0
4252,1,,,50,124,0,0
4254,1,,,50,125,0,0
4256,1,,,50,126,0,0
4260,1,,,50,125,0,0
4262,1,,,50,124,0,0
4264,1,,,50,125,0,0
4266,1,,,50,126,0,0
4270,1,,,50,125,0,0
4272,1,,,50,124,0,0
4274,1,,,50,125,0,0
4276,1,,,50,126,0,0
4280,1,,,50,125,0,0
4282,1,,,50,124,0,0
4284,1,,,50,125,0,0
4286,1,,,50,126,0,0
4290,1,,,50,125,0,0
4292,1,,,50,124,0,0
4294,1,,,50,125,0,0
4296,1,,,50,126,0,0
4300,1,,,50,125,0,0
4302,1,,,50,124,0,0
4304,1,,,50,125,0,0
4306,1,,,50,126,0,0
4310,1,,,50,125,0,0
4312,1,,,50,124,0,0
4314,1,,,50,125,0,0
4316,1,,,50,126,0,0
4320,1,,,50,125,0,0
4322,1,,,50,124,0,0
4324,1,,,50,125,0,0
4326,1,,,50,126,0,0
4330,1,,,50,125,0,0
4332,1,,,50,124,0,0
4334,1,,,50,125,0,0
4336,1,,,50,126,0,0
4340,1,,,50,125,0,0
4342,1,,,50,124,0,0
4344,1,,,50,125,0,0
4346,1,,,50,126,0,0
4350,1,,,50,125,0,0
4352,1,,,50,124,0,0
4354,1,,,50,125,0,0
4356,1,,,50,126,0,0
4360,1,,,50,125,0,0
4362,1,,,50,124,0,0
4364,1,,,50,125,0,0
4366,1,,,50,126,0,0
4368,0,9,1,50,167,0,0
4369,0,9,2,50,167,0,0
4370,0,9,3,50,167,0,0
4386,0,9,1,50,125,0,0
4387,0,9,2,50,125,0,0
4388,0,9,3,50,125,0,0
4404,0,9,1,50,167,0,0
4405,0,9,2,50,167,0,0
4406,0,9,3,50,167,0,0
4416,0,9,1,50,158,0,0
4417,0,9,2,50,158,0,0
4418,0,9,3,50,158,0,0
4443,1,,,50,157,0,0
4447,1,,,50,158,0,0
4453,1,,,50,157,0,0
4457,1,,,50,158,0,0
4463,1,,,50,157,0,0
4467,1,,,50,158,0,0
4473,1,,,50,157,0,0
4477,1,,,50,158,0,0
4483,1,,,50,157,0,0
4487,1,,,50,158,0,0
4493,1,,,50,157,0,0
4497,1,,,50,158,0,0
4503,1,,,50,157,0,0
4507,1,,,50,158,0,0
4512,0,9,1,50,105,0,0
4513,0,9,2,50,105,0,0
4514,0,9,3,50,105,0,0
4526,1,,,50,104,0,0
4528,1,,,50,105,0,0
4530,1,,,50,106,0,0
4534,1,,,50,105,0,0
4536,0,9,1,50,105,0,0
4537,0,9,2,50,105,0,0
4538,0,9,3,50,105,0,0
4539,1,,,50,104,0,0
4541,1,,,50,103,0,0
4544,1,,,50,102,0,0
4546,1,,,50,101,0,0
4549,1,,,50,100,0,0
4552,1,,,50,99,0,0
4554,1,,,50,98,0,0
4557,1,,,50,97,0,0
4559,1,,,50,96,0,0
4560,0,9,1,50,94,0,0
4561,0,9,2,50,94,0,0
4562,0,9,3,50,94,0,0
4584,1,,,50,93,0,0
4587,1,,,50,94,0,0
4593,1,,,50,93,0,0
4597,1,,,50,94,0,0
4603,1,,,50,93,0,0
4607,1,,,50,94,0,0
4608,0,9,1,50,84,0,0
4609,0,9,2,50,84,0,0
4610,0,9,3,50,84,0,0
4643,1,,,50,83,0,0
4647,1,,,50,84,0,0
4653,1,,,50,83,0,0
4657,1,,,50,84,0,0
4663,1,,,50,83,0,0
4667,1,,,50,84,0,0
4673,1,,,50,83,0,0
4677,1,,,50,84,0,0
4683,1,,,50,83,0,0
4687,1,,,50,84,0,0
4693,1,,,50,83,0,0
4697,1,,,50,84,0,0
4703,1,,,50,83,0,0
4704,0,9,1,16,196,0,0
4705,0,9,2,16,196,0,0
4706,0,9,3,16,196,0,0
4722,1,,,16,193,0,0
4724,1,,,16,194,0,0
4725,1,,,16,196,0,0
4726,1,,,16,197,0,0
4727,1,,,16,198,0,0
4729,1,,,16,197,0,0
4730,1,,,16,196,0,0
4731,1,,,16,194,0,0
4732,1,,,16,193,0,0
4734,1,,,16,194,0,0
4735,1,,,16,196,0,0
4736,1,,,16,197,0,0
4737,1,,,16,198,0,0
4739,1,,,16,197,0,0
4740,1,,,16,196,0,0
4741,1,,,16,194,0,0
4742,1,,,16,193,0,0
4744,1,,,16,194,0,0
4745,1,,,16,196,0,0
4746,1,,,16,197,0,0
4747,1,,,16,198,0,0
4749,1,,,16,197,0,0
4750,1,,,16,196,0,0
4751,1,,,16,194,0,0
4752,0,9,1,50,84,0,0
4753,0,9,2,50,84,0,0
4754,0,9,3,50,84,0,0
4770,0,9,1,16,196,0,0
4771,0,9,2,16,196,0,0
4772,0,9,3,16,196,0,0
4788,0,9,1,16,174,0,0
4789,0,9,2,16,174,0,0
4790,0,9,3,16,174,0,0
4800,0,9,1,16,164,0,0
4801,0,9,2,16,164,0,0
4802,0,9,3,16,164,0,0
4824,1,,,16,162,0,0
4826,1,,,16,163,0,0
4827,1,,,16,164,0,0
4828,1,,,16,166,0,0
4832,1,,,16,164,0,0
4833,1,,,16,163,0,0
4834,1,,,16,162,0,0
4836,1,,,16,163,0,0
4837,1,,,16,164,0,0
4838,1,,,16,166,0,0
4842,1,,,16,164,0,0
4843,1,,,16,163,0,0
4844,1,,,16,162,0,0
4846,1,,,16,163,0,0
4847,1,,,16,164,0,0
4848,0,9,1,10,235,0,0
4849,0,9,2,10,235,0,0
4850,0,9,3,10,235,0,0
4866,1,,,10,237,0,0
4867,1,,,10,238,0,0
4869,1,,,10,237,0,0
4870,1,,,10,235,0,0
4871,1,,,10,232,0,0
4872,1,,,10,231,0,0
4874,1,,,10,232,0,0
4875,1,,,10,235,0,0
4876,1,,,10,237,0,0
4877,1,,,10,238,0,0
4879,1,,,10,237,0,0
4880,1,,,10,235,0,0
4881,1,,,10,232,0,0
4882,1,,,10,231,0,0
4884,1,,,10,232,0,0
4885,1,,,10,235,0,0
4886,1,,,10,237,0,0
4887,1,,,10,238,0,0
4889,1,,,10,237,0,0
4890,1,,,10,235,0,0
4891,1,,,10,232,0,0
4892,1,,,10,231,0,0
4894,1,,,10,232,0,0
4895,1,,,10,235,0,0
4896,0,9,1,10,209,0,0
4897,0,9,2,10,209,0,0
4898,0,9,3,10,209,0,0
4914,1,,,10,211,0,0
4915,1,,,10,212,0,0
4917,1,,,10,211,0,0
4918,1,,,10,209,0,0
4919,1,,,10,206,0,0
4920,1,,,10,205,0,0
4922,1,,,10,206,0,0
4923,1,,,10,209,0,0
4924,1,,,10,211,0,0
4925,1,,,10,212,0,0
4927,1,,,10,211,0,0
4928,1,,,10,209,0,0
4929,1,,,10,206,0,0
4930,1,,,10,205,0,0
4932,1,,,10,206,0,0
4933,1,,,10,209,0,0
4934,1,,,10,211,0,0
4935,1,,,10,212,0,0
4937,1,,,10,211,0,0
4938,1,,,10,209,0,0
4939,1,,,10,206,0,0
4940,1,,,10,205,0,0
4942,1,,,10,206,0,0
4943,1,,,10,209,0,0
4944,0,9,1,10,176,0,0
4945,0,9,2,10,176,0,0
4946,0,9,3,10,176,0,0
4956,1,,,10,178,0,0
4957,1,,,10,179,0,0
4959,1,,,10,178,0,0
4960,1,,,10,176,0,0
4961,1,,,10,173,0,0
4962,1,,,10,172,0,0
4964,1,,,10,173,0,0
4965,1,,,10,176,0,0
4966,1,,,10,178,0,0
4967,1,,,10,179,0,0
4968,0,9,1,10,156,0,0
4969,0,9,2,10,156,0,0
4970,0,9,3,10,156,0,0
4992,1,,,16,233,0,0
4993,1,,,16,196,0,0
4994,1,,,10,209,0,0
4998,0,9,2,4,196,0,0
4999,0,9,4,16,196,0,0
5001,0,9,5,16,196,0,0
5003,0,9,6,16,196,0,0
5004,0,9,1,10,125,0,0
5005,0,9,3,50,99,0,0
5007,0,9,2,50,99,0,0
5009,0,9,4,50,99,0,0
5010,0,9,2,16,233,0,0
5011,1,,,16,196,0,0
5012,1,,,10,209,0,0
5016,2,,,,,,
5022,0,9,2,10,125,1,0
5023,0,9,4,50,99,0,0
5025,0,9,5,50,99,0,0
5027,0,9,6,50,99,0,0
5028,0,9,4,16,233,0,0
5029,1,,,16,196,0,0
5030,1,,,10,209,0,0
5034,0,9,2,4,206,0,0
5035,0,9,4,16,207,0,0
5037,0,9,5,16,207,0,0
5039,0,9,6,16,207,0,0
5040,0,9,1,4,233,0,0
5041,0,9,3,16,233,0,0
5043,0,9,2,16,233,0,0
5045,0,9,4,16,233,0,0
5046,0,9,5,16,233,0,0
5047,1,,,16,196,0,0
5048,1,,,10,209,0,0
5052,0,9,1,10,125,0,0
5053,0,9,3,50,99,0,0
5055,0,9,2,50,99,0,0
5057,0,9,4,50,99,0,0
5058,0,9,2,4,233,0,0
5059,0,9,4,16,233,0,0
5061,0,9,5,16,233,0,0
5063,0,9,6,16,233,0,0
5064,2,,,,,,
5070,0,9,3,16,233,1,0
5071,1,,,16,196,0,0
5072,1,,,10,209,0,0
5076,0,9,1,10,125,0,0
5077,0,9,3,50,99,0,0
5079,0,9,2,50,99,0,0
5081,0,9,4,50,99,0,0
5082,0,9,2,16,233,0,0
5083,1,,,16,196,0,0
5084,1,,,10,209,0,0
5088,0,9,3,16,233,0,0
5089,1,,,16,196,0,0
5090,1,,,10,209,0,0
5094,0,9,2,10,125,0,0
5095,0,9,4,50,99,0,0
5097,0,9,5,50,99,0,0
5099,0,9,6,50,99,0,0
5100,0,9,1,10,125,0,0
5101,0,9,3,50,99,0,0
5103,0,9,2,50,99,0,0
5105,0,9,4,50,99,0,0
5106,0,9,2,16,233,0,0
5107,1,,,16,196,0,0
5108,1,,,10,209,0,0
5112,2,,,,,,
5118,0,9,2,10,125,1,0
5119,0,9,4,50,99,0,0
5121,0,9,5,50,99,0,0
5123,0,9,6,50,99,0,0
5124,0,9,4,16,233,0,0
5125,1,,,16,196,0,0
5126,1,,,10,209,0,0
5130,0,9,2,4,206,0,0
5131,0,9,4,16,207,0,0
5133,0,9,5,16,207,0,0
5135,0,9,6,16,207,0,0
5136,0,9,1,4,233,0,0
5137,0,9,3,16,233,0,0
5139,0,9,2,16,233,0,0
5141,0,9,4,16,233,0,0
5142,0,9,5,16,233,0,0
5143,1,,,16,196,0,0
5144,1,,,10,209,0,0
5148,0,9,1,10,125,0,0
5149,0,9,3,50,99,0,0
5151,0,9,2,50,99,0,0
5153,0,9,4,50,99,0,0
5154,0,9,2,4,233,0,0
5155,0,9,4,16,233,0,0
5157,0,9,5,16,233,0,0
5159,0,9,6,16,233,0,0
5160,2,,,,,,
5166,0,9,6,16,233,1,0
5167,1,,,16,196,0,0
5168,1,,,10,209,0,0
5172,0,9,1,10,125,0,0
5173,0,9,3,50,99,0,0
5175,0,9,2,50,99,0,0
5177,0,9,4,50,99,0,0
5178,1,,,16,233,0,0
5179,1,,,16,196,0,0
5180,1,,,10,209,0,0
5184,0,9,3,50,94,0,0
5185,1,,,16,233,0,0
5186,1,,,10,209,0,0
5190,0,9,2,4,196,0,0
5191,0,9,4,16,196,0,0
5193,0,9,5,16,196,0,0
5195,0,9,6,16,196,0,0
5196,0,9,1,10,125,0,0
5197,0,9,3,50,99,0,0
5199,0,9,2,50,99,0,0
5201,0,9,4,50,99,0,0
5202,0,9,2,50,94,0,0
5203,1,,,16,233,0,0
5204,1,,,10,209,0,0
5208,2,,,,,,
5214,0,9,2,10,125,1,0
5215,0,9,4,50,99,0,0
5217,0,9,5,50,99,0,0
5219,0,9,6,50,99,0,0
5220,0,9,4,50,94,0,0
5221,1,,,16,233,0,0
5222,1,,,10,209,0,0
5226,0,9,2,4,206,0,0
5227,0,9,4,16,207,0,0
5229,0,9,5,16,207,0,0
5231,0,9,6,16,207,0,0
5232,0,9,1,4,233,0,0
5233,0,9,3,16,233,0,0
5235,0,9,2,16,233,0,0
5237,0,9,4,16,233,0,0
5238,0,9,5,50,94,0,0
5239,1,,,16,233,0,0
5240,1,,,10,209,0,0
5244,0,9,1,10,125,0,0
5245,0,9,3,50,99,0,0
5247,0,9,2,50,99,0,0
5249,0,9,4,50,99,0,0
5250,0,9,2,4,233,0,0
5251,0,9,4,16,233,0,0
5253,0,9,5,16,233,0,0
5255,0,9,6,16,233,0,0
5256,2,,,,,,
5262,0,9,6,50,94,1,0
5263,1,,,16,233,0,0
5264,1,,,10,209,0,0
5268,0,9,1,10,125,0,0
5269,0,9,3,50,99,0,0
5271,0,9,2,50,99,0,0
5273,0,9,4,50,99,0,0
5274,0,9,2,50,94,0,0
5275,1,,,16,233,0,0
5276,1,,,10,209,0,0
5280,0,9,3,50,94,0,0
5281,1,,,16,233,0,0
5282,1,,,10,235,0,0
5286,0,9,2,10,125,0,0
5287,0,9,4,50,99,0,0
5289,0,9,5,50,99,0,0
5291,0,9,6,50,99,0,0
5292,0,9,1,10,125,0,0
5293,0,9,3,50,99,0,0
5295,0,9,2,50,99,0,0
5297,0,9,4,50,99,0,0
5298,0,9,2,50,94,0,0
5299,1,,,16,233,0,0
5300,1,,,10,235,0,0
5304,2,,,,,,
5310,0,9,2,10,125,1,0
5311,0,9,4,50,99,0,0
5313,0,9,5,50,99,0,0
5315,0,9,6,50,99,0,0
5316,0,9,4,50,94,0,0
5317,1,,,16,233,0,0
5318,1,,,10,235,0,0
5322,0,9,2,4,206,0,0
5323,0,9,4,16,207,0,0
5325,0,9,5,16,207,0,0
5327,0,9,6,16,207,0,0
5328,0,9,1,4,233,0,0
5329,0,9,3,16,233,0,0
5331,0,9,2,16,233,0,0
5333,0,9,4,16,233,0,0
5334,0,9,5,50,94,0,0
5335,1,,,16,233,0,0
5336,1,,,10,235,0,0
5340,0,9,1,10,125,0,0
5341,0,9,3,50,99,0,0
5343,0,9,2,50,99,0,0
5345,0,9,4,50,99,0,0
5346,0,9,2,4,233,0,0
5347,0,9,4,16,233,0,0
5349,0,9,5,16,233,0,0
5351,0,9,6,16,233,0,0
5352,2,,,,,,
5358,0,9,6,50,94,1,0
5359,1,,,16,233,0,0
5360,1,,,10,235,0,0
5364,0,9,1,10,125,0,0
5365,0,9,3,50,99,0,0
5367,0,9,2,50,99,0,0
5369,0,9,4,50,99,0,0
5370,1,,,50,94,0,0
5371,1,,,16,233,0,0
5372,1,,,10,235,0,0
5376,0,9,3,16,233,0,0

### timer3,row,shape,target,source,prescaler,count,timerReset,placeReset
0,2,,,,,,
12,0,10,3,64,231,1,1
13,1,,,64,233,0,0
36,0,10,1,64,235,0,0
38,1,,,64,233,0,0
39,1,,,64,230,0,0
40,1,,,64,228,0,0
42,1,,,64,230,0,0
43,1,,,64,233,0,0
44,1,,,64,235,0,0
45,1,,,64,237,0,0
47,1,,,64,235,0,0
48,1,,,64,233,0,0
49,1,,,64,230,0,0
50,1,,,64,228,0,0
52,1,,,64,230,0,0
53,1,,,64,233,0,0
54,1,,,64,235,0,0
55,1,,,64,237,0,0
57,1,,,64,235,0,0
58,1,,,64,233,0,0
59,1,,,64,230,0,0
60,1,,,64,228,0,0
62,1,,,64,230,0,0
63,1,,,64,233,0,0
64,1,,,64,235,0,0
65,1,,,64,237,0,0
67,1,,,64,235,0,0
68,1,,,64,233,0,0
69,1,,,64,230,0,0
70,1,,,64,228,0,0
72,1,,,64,230,0,0
73,1,,,64,233,0,0
74,1,,,64,235,0,0
75,1,,,64,237,0,0
77,1,,,64,235,0,0
78,1,,,64,233,0,0
79,1,,,64,230,0,0
80,1,,,64,228,0,0
82,1,,,64,230,0,0
83,1,,,64,233,0,0
84,1,,,64,235,0,0
85,1,,,64,237,0,0
87,1,,,64,235,0,0
88,1,,,64,233,0,0
89,1,,,64,230,0,0
90,1,,,64,228,0,0
92,1,,,64,230,0,0
93,1,,,64,233,0,0
94,1,,,64,235,0,0
95,1,,,64,237,0,0
97,1,,,64,235,0,0
98,1,,,64,233,0,0
99,1,,,64,230,0,0
100,1,,,64,228,0,0
102,1,,,64,230,0,0
103,1,,,64,233,0,0
104,1,,,64,235,0,0
105,1,,,64,237,0,0
107,1,,,64,235,0,0
108,1,,,64,233,0,0
109,1,,,64,230,0,0
110,1,,,64,228,0,0
112,1,,,64,230,0,0
113,1,,,64,233,0,0
114,1,,,64,235,0,0
115,1,,,64,237,0,0
117,1,,,64,235,0,0
118,1,,,64,233,0,0
119,1,,,64,230,0,0
120,1,,,64,228,0,0
122,1,,,64,230,0,0
123,1,,,64,233,0,0
124,1,,,64,235,0,0
125,1,,,64,237,0,0
127,1,,,64,235,0,0
128,1,,,64,233,0,0
129,1,,,64,230,0,0
130,1,,,64,228,0,0
132,1,,,64,230,0,0
133,1,,,64,233,0,0
134,1,,,64,235,0,0
135,1,,,64,237,0,0
137,1,,,64,235,0,0
138,1,,,64,233,0,0
139,1,,,64,230,0,0
140,1,,,64,228,0,0
142,1,,,64,230,0,0
143,1,,,64,233,0,0
144,1,,,64,235,0,0
145,1,,,64,237,0,0
147,1,,,64,235,0,0
148,1,,,64,233,0,0
149,1,,,64,230,0,0
150,1,,,64,228,0,0
152,1,,,64,230,0,0
153,1,,,64,233,0,0
154,1,,,64,235,0,0
155,1,,,64,237,0,0
157,1,,,64,235,0,0
158,1,,,64,233,0,0
159,1,,,64,230,0,0
160,1,,,64,228,0,0
162,1,,,64,230,0,0
163,1,,,64,233,0,0
164,1,,,64,235,0,0
165,1,,,64,237,0,0
167,1,,,64,235,0,0
168,1,,,64,233,0,0
169,1,,,64,230,0,0
170,1,,,64,228,0,0
172,1,,,64,230,0,0
173,1,,,64,233,0,0
174,1,,,64,235,0,0
175,1,,,64,237,0,0
177,1,,,64,235,0,0
178,1,,,64,233,0,0
179,1,,,64,230,0,0
180,0,10,3,64,231,0,0
181,1,,,64,233,0,0
204,1,,,100,186,0,0
205,1,,,100,188,0,0
228,0,10,1,100,183,0,0
229,1,,,100,185,0,0
230,1,,,100,186,0,0
231,1,,,100,188,0,0
232,1,,,100,189,0,0
233,1,,,100,190,0,0
235,1,,,100,189,0,0
236,1,,,100,188,0,0
237,1,,,100,186,0,0
238,1,,,100,185,0,0
240,1,,,100,186,0,0
241,1,,,100,188,0,0
242,1,,,100,189,0,0
243,1,,,100,190,0,0
245,1,,,100,189,0,0
246,1,,,100,188,0,0
247,1,,,100,186,0,0
248,1,,,100,185,0,0
250,1,,,100,186,0,0
251,1,,,100,188,0,0
252,1,,,100,189,0,0
253,1,,,100,190,0,0
255,1,,,100,189,0,0
256,1,,,100,188,0,0
257,1,,,100,186,0,0
258,1,,,100,185,0,0
260,1,,,100,186,0,0
261,1,,,100,188,0,0
262,1,,,100,189,0,0
263,1,,,100,190,0,0
265,1,,,100,189,0,0
266,1,,,100,188,0,0
267,1,,,100,186,0,0
268,1,,,100,185,0,0
270,1,,,100,186,0,0
271,1,,,100,188,0,0
272,1,,,100,189,0,0
273,1,,,100,190,0,0
275,1,,,100,189,0,0
276,1,,,100,188,0,0
277,1,,,100,186,0,0
278,1,,,100,185,0,0
280,1,,,100,186,0,0
281,1,,,100,188,0,0
282,1,,,100,189,0,0
283,1,,,100,190,0,0
285,1,,,100,189,0,0
286,1,,,100,188,0,0
287,1,,,100,186,0,0
288,1,,,100,185,0,0
290,1,,,100,186,0,0
291,1,,,100,188,0,0
292,1,,,100,189,0,0
293,1,,,100,190,0,0
295,1,,,100,189,0,0
296,1,,,100,188,0,0
297,1,,,100,186,0,0
298,1,,,100,185,0,0
300,0,10,3,100,186,0,0
301,1,,,100,188,0,0
324,0,10,1,100,184,0,0
325,1,,,100,188,0,0
326,1,,,100,189,0,0
327,1,,,100,190,0,0
329,1,,,100,189,0,0
330,1,,,100,188,0,0
331,1,,,100,186,0,0
332,1,,,100,185,0,0
334,1,,,100,186,0,0
335,1,,,100,188,0,0
336,1,,,100,189,0,0
337,1,,,100,190,0,0
339,1,,,100,189,0,0
340,1,,,100,188,0,0
341,1,,,100,186,0,0
342,1,,,100,185,0,0
344,1,,,100,186,0,0
345,1,,,100,188,0,0
346,1,,,100,189,0,0
347,1,,,100,190,0,0
349,1,,,100,189,0,0
350,1,,,100,188,0,0
351,1,,,100,186,0,0
352,1,,,100,185,0,0
354,1,,,100,186,0,0
355,1,,,100,188,0,0
356,1,,,100,189,0,0
357,1,,,100,190,0,0
359,1,,,100,189,0,0
360,1,,,100,188,0,0
361,1,,,100,186,0,0
362,1,,,100,185,0,0
364,1,,,100,186,0,0
365,1,,,100,188,0,0
366,1,,,100,189,0,0
367,1,,,100,190,0,0
369,1,,,100,189,0,0
370,1,,,100,188,0,0
371,1,,,100,186,0,0
372,1,,,100,185,0,0
374,1,,,100,186,0,0
375,1,,,100,188,0,0
376,1,,,100,189,0,0
377,1,,,100,190,0,0
379,1,,,100,189,0,0
380,1,,,100,188,0,0
381,1,,,100,186,0,0
382,1,,,100,185,0,0
384,1,,,4,196,0,0
385,0,10,3,16,196,0,0
387,0,10,2,16,196,0,0
389,0,10,4,16,196,0,0
390,0,10,2,4,196,0,0
391,0,10,4,16,196,0,0
393,0,10,5,16,196,0,0
395,0,10,6,16,196,0,0
396,0,10,1,10,125,0,0
397,0,10,3,50,99,0,0
399,0,10,2,50,99,0,0
401,0,10,4,50,99,0,0
402,0,10,2,4,196,0,0
403,0,10,4,16,196,0,0
405,0,10,5,16,196,0,0
407,0,10,6,16,196,0,0
408,0,10,1,4,206,0,0
409,0,10,3,16,207,0,0
411,0,10,2,16,207,0,0
413,0,10,4,16,207,0,0
414,0,10,2,10,125,0,0
415,0,10,4,50,99,0,0
417,0,10,5,50,99,0,0
419,0,10,6,50,99,0,0
420,0,10,1,10,125,0,0
421,0,10,3,50,99,0,0
423,0,10,2,50,99,0,0
425,0,10,4,50,99,0,0
426,0,10,2,4,206,0,0
427,0,10,4,16,207,0,0
429,0,10,5,16,207,0,0
431,0,10,6,16,207,0,0
432,0,10,1,4,233,0,0
433,0,10,3,16,233,0,0
435,0,10,2,16,233,0,0
437,0,10,4,16,233,0,0
438,0,10,2,10,125,0,0
439,0,10,4,50,99,0,0
441,0,10,5,50,99,0,0
443,0,10,6,50,99,0,0
444,0,10,1,10,125,0,0
445,0,10,3,50,99,0,0
447,0,10,2,50,99,0,0
449,0,10,4,50,99,0,0
450,0,10,2,4,233,0,0
451,0,10,4,16,233,0,0
453,0,10,5,16,233,0,0
455,0,10,6,16,233,0,0
456,0,10,1,4,174,0,0
457,0,10,3,16,174,0,0
459,0,10,2,16,174,0,0
461,0,10,4,16,174,0,0
462,0,10,2,10,125,0,0
463,0,10,4,50,99,0,0
465,0,10,5,50,99,0,0
467,0,10,6,50,99,0,0
468,0,10,1,10,125,0,0
469,0,10,3,50,99,0,0
471,0,10,2,50,99,0,0
473,0,10,4,50,99,0,0
474,0,10,2,4,174,0,0
475,0,10,4,16,174,0,0
477,0,10,5,16,174,0,0
479,0,10,6,16,174,0,0
480,0,10,1,4,196,0,0
481,0,10,3,16,196,0,0
483,0,10,2,16,196,0,0
485,0,10,4,16,196,0,0
486,0,10,2,10,125,0,0
487,0,10,4,50,99,0,0
489,0,10,5,50,99,0,0
491,0,10,6,50,99,0,0
492,0,10,1,10,125,0,0
493,0,10,3,50,99,0,0
495,0,10,2,50,99,0,0
497,0,10,4,50,99,0,0
498,0,10,2,4,196,0,0
499,0,10,4,16,196,0,0
501,0,10,5,16,196,0,0
503,0,10,6,16,196,0,0
504,0,10,1,4,206,0,0
505,0,10,3,16,207,0,0
507,0,10,2,16,207,0,0
509,0,10,4,16,207,0,0
510,0,10,2,10,125,0,0
511,0,10,4,50,99,0,0
513,0,10,5,50,99,0,0
515,0,10,6,50,99,0,0
516,0,10,1,10,125,0,0
517,0,10,3,50,99,0,0
519,0,10,2,50,99,0,0
521,0,10,4,50,99,0,0
522,0,10,2,4,206,0,0
523,0,10,4,16,207,0,0
525,0,10,5,16,207,0,0
527,0,10,6,16,207,0,0
528,0,10,1,4,233,0,0
529,0,10,3,16,233,0,0
531,0,10,2,16,233,0,0
533,0,10,4,16,233,0,0
534,0,10,2,10,125,0,0
535,0,10,4,50,99,0,0
537,0,10,5,50,99,0,0
539,0,10,6,50,99,0,0
540,0,10,1,10,125,0,0
541,0,10,3,50,99,0,0
543,0,10,2,50,99,0,0
545,0,10,4,50,99,0,0
546,0,10,2,4,233,0,0
547,0,10,4,16,233,0,0
549,0,10,5,16,233,0,0
551,0,10,6,16,233,0,0
552,0,10,1,10,104,0,0
553,0,10,3,50,84,0,0
555,0,10,2,50,84,0,0
557,0,10,4,50,84,0,0
558,0,10,2,10,125,0,0
559,0,10,4,50,99,0,0
561,0,10,5,50,99,0,0
563,0,10,6,50,99,0,0
564,0,10,1,10,125,0,0
565,0,10,3,50,99,0,0
567,0,10,2,50,99,0,0
569,0,10,4,50,99,0,0
570,0,10,2,10,104,0,0
571,0,10,4,50,84,0,0
573,0,10,5,50,84,0,0
575,0,10,6,50,84,0,0
576,0,10,1,4,196,0,0
577,0,10,3,16,196,0,0
579,0,10,2,16,196,0,0
581,0,10,4,16,196,0,0
582,0,10,2,4,196,0,0
583,0,10,4,16,196,0,0
585,0,10,5,16,196,0,0
587,0,10,6,16,196,0,0
588,0,10,1,10,125,0,0
589,0,10,3,50,99,0,0
591,0,10,2,50,99,0,0
593,0,10,4,50,99,0,0
594,0,10,2,4,196,0,0
595,0,10,4,16,196,0,0
597,0,10,5,16,196,0,0
599,0,10,6,16,196,0,0
600,0,10,1,4,206,0,0
601,0,10,3,16,207,0,0
603,0,10,2,16,207,0,0
605,0,10,4,16,207,0,0
606,0,10,2,10,125,0,0
607,0,10,4,50,99,0,0
609,0,10,5,50,99,0,0
611,0,10,6,50,99,0,0
612,0,10,1,10,125,0,0
613,0,10,3,50,99,0,0
615,0,10,2,50,99,0,0
617,0,10,4,50,99,0,0
618,0,10,2,4,206,0,0
619,0,10,4,16,207,0,0
621,0,10,5,16,207,0,0
623,0,10,6,16,207,0,0
624,0,10,1,4,233,0,0
625,0,10,3,16,233,0,0
627,0,10,2,16,233,0,0
629,0,10,4,16,233,0,0
630,0,10,2,10,125,0,0
631,0,10,4,50,99,0,0
633,0,10,5,50,99,0,0
635,0,10,6,50,99,0,0
636,0,10,1,10,125,0,0
637,0,10,3,50,99,0,0
639,0,10,2,50,99,0,0
641,0,10,4,50,99,0,0
642,0,10,2,4,233,0,0
643,0,10,4,16,233,0,0
645,0,10,5,16,233,0,0
647,0,10,6,16,233,0,0
648,0,10,1,4,174,0,0
649,0,10,3,16,174,0,0
651,0,10,2,16,174,0,0
653,0,10,4,16,174,0,0
654,0,10,2,10,125,0,0
655,0,10,4,50,99,0,0
657,0,10,5,50,99,0,0
659,0,10,6,50,99,0,0
660,0,10,1,10,125,0,0
661,0,10,3,50,99,0,0
663,0,10,2,50,99,0,0
665,0,10,4,50,99,0,0
666,0,10,2,4,174,0,0
667,0,10,4,16,174,0,0
669,0,10,5,16,174,0,0
671,0,10,6,16,174,0,0
672,0,10,1,4,196,0,0
673,0,10,3,16,196,0,0
675,0,10,2,16,196,0,0
677,0,10,4,16,196,0,0
678,0,10,2,10,125,0,0
679,0,10,4,50,99,0,0
681,0,10,5,50,99,0,0
683,0,10,6,50,99,0,0
684,0,10,1,10,125,0,0
685,0,10,3,50,99,0,0
687,0,10,2,50,99,0,0
689,0,10,4,50,99,0,0
690,0,10,2,4,196,0,0
691,0,10,4,16,196,0,0
693,0,10,5,16,196,0,0
695,0,10,6,16,196,0,0
696,0,10,1,4,206,0,0
697,0,10,3,16,207,0,0
699,0,10,2,16,207,0,0
701,0,10,4,16,207,0,0
702,0,10,2,10,125,0,0
703,0,10,4,50,99,0,0
705,0,10,5,50,99,0,0
707,0,10,6,50,99,0,0
708,0,10,1,10,125,0,0
709,0,10,3,50,99,0,0
711,0,10,2,50,99,0,0
713,0,10,4,50,99,0,0
714,0,10,2,4,206,0,0
715,0,10,4,16,207,0,0
717,0,10,5,16,207,0,0
719,0,10,6,16,207,0,0
720,0,10,1,4,233,0,0
721,0,10,3,16,233,0,0
723,0,10,2,16,233,0,0
725,0,10,4,16,233,0,0
726,0,10,2,10,125,0,0
727,0,10,4,50,99,0,0
729,0,10,5,50,99,0,0
731,0,10,6,50,99,0,0
732,0,10,1,10,125,0,0
733,0,10,3,50,99,0,0
735,0,10,2,50,99,0,0
737,0,10,4,50,99,0,0
738,0,10,2,4,233,0,0
739,0,10,4,16,233,0,0
741,0,10,5,16,233,0,0
743,0,10,6,16,233,0,0
744,0,10,1,10,104,0,0
745,0,10,3,50,84,0,0
747,0,10,2,50,84,0,0
749,0,10,4,50,84,0,0
750,0,10,2,10,125,0,0
751,0,10,4,50,99,0,0
753,0,10,5,50,99,0,0
755,0,10,6,50,99,0,0
756,0,10,1,10,125,0,0
757,0,10,3,50,99,0,0
759,0,10,2,50,99,0,0
761,0,10,4,50,99,0,0
762,0,10,2,10,104,0,0
763,0,10,4,50,84,0,0
765,0,10,5,50,84,0,0
767,0,10,6,50,84,0,0
768,0,10,1,4,196,0,0
769,0,10,3,16,196,0,0
771,0,10,2,16,196,0,0
773,0,10,4,16,196,0,0
774,0,10,2,4,196,0,0
775,0,10,4,16,196,0,0
777,0,10,5,16,196,0,0
779,0,10,6,16,196,0,0
780,0,10,1,10,125,0,0
781,0,10,3,50,99,0,0
783,0,10,2,50,99,0,0
785,0,10,4,50,99,0,0
786,0,10,2,4,196,0,0
787,0,10,4,16,196,0,0
789,0,10,5,16,196,0,0
791,0,10,6,16,196,0,0
792,0,10,1,4,206,0,0
793,0,10,3,16,207,0,0
795,0,10,2,16,207,0,0
797,0,10,4,16,207,0,0
798,0,10,2,10,125,0,0
799,0,10,4,50,99,0,0
801,0,10,5,50,99,0,0
803,0,10,6,50,99,0,0
804,0,10,1,10,125,0,0
805,0,10,3,50,99,0,0
807,0,10,2,50,99,0,0
809,0,10,4,50,99,0,0
810,0,10,2,4,206,0,0
811,0,10,4,16,207,0,0
813,0,10,5,16,207,0,0
815,0,10,6,16,207,0,0
816,0,10,1,4,233,0,0
817,0,10,3,16,233,0,0
819,0,10,2,16,233,0,0
821,0,10,4,16,233,0,0
822,0,10,2,10,125,0,0
823,0,10,4,50,99,0,0
825,0,10,5,50,99,0,0
827,0,10,6,50,99,0,0
828,0,10,1,10,125,0,0
829,0,10,3,50,99,0,0
831,0,10,2,50,99,0,0
833,0,10,4,50,99,0,0
834,0,10,2,4,233,0,0
835,0,10,4,16,233,0,0
837,0,10,5,16,233,0,0
839,0,10,6,16,233,0,0
840,0,10,1,4,174,0,0
841,0,10,3,16,174,0,0
843,0,10,2,16,174,0,0
845,0,10,4,16,174,0,0
846,0,10,2,10,125,0,0
847,0,10,4,50,99,0,0
849,0,10,5,50,99,0,0
851,0,10,6,50,99,0,0
852,0,10,1,10,125,0,0
853,0,10,3,50,99,0,0
855,0,10,2,50,99,0,0
857,0,10,4,50,99,0,0
858,0,10,2,4,174,0,0
859,0,10,4,16,174,0,0
861,0,10,5,16,174,0,0
863,0,10,6,16,174,0,0
864,0,10,1,4,196,0,0
865,0,10,3,16,196,0,0
867,0,10,2,16,196,0,0
869,0,10,4,16,196,0,0
870,0,10,2,10,125,0,0
871,0,10,4,50,99,0,0
873,0,10,5,50,99,0,0
875,0,10,6,50,99,0,0
876,0,10,1,10,125,0,0
877,0,10,3,50,99,0,0
879,0,10,2,50,99,0,0
881,0,10,4,50,99,0,0
882,0,10,2,4,196,0,0
883,0,10,4,16,196,0,0
885,0,10,5,16,196,0,0
887,0,10,6,16,196,0,0
888,0,10,1,4,206,0,0
889,0,10,3,16,207,0,0
891,0,10,2,16,207,0,0
893,0,10,4,16,207,0,0
894,0,10,2,10,125,0,0
895,0,10,4,50,99,0,0
897,0,10,5,50,99,0,0
899,0,10,6,50,99,0,0
900,0,10,1,10,125,0,0
901,0,10,3,50,99,0,0
903,0,10,2,50,99,0,0
905,0,10,4,50,99,0,0
906,0,10,2,4,206,0,0
907,0,10,4,16,207,0,0
909,0,10,5,16,207,0,0
911,0,10,6,16,207,0,0
912,0,10,1,4,233,0,0
913,0,10,3,16,233,0,0
915,0,10,2,16,233,0,0
917,0,10,4,16,233,0,0
918,0,10,2,10,125,0,0
919,0,10,4,50,99,0,0
921,0,10,5,50,99,0,0
923,0,10,6,50,99,0,0
924,0,10,1,10,125,0,0
925,0,10,3,50,99,0,0
927,0,10,2,50,99,0,0
929,0,10,4,50,99,0,0
930,0,10,2,4,233,0,0
931,0,10,4,16,233,0,0
933,0,10,5,16,233,0,0
935,0,10,6,16,233,0,0
936,0,10,1,10,104,0,0
937,0,10,3,50,84,0,0
939,0,10,2,50,84,0,0
941,0,10,4,50,84,0,0
942,0,10,2,10,125,0,0
943,0,10,4,50,99,0,0
945,0,10,5,50,99,0,0
947,0,10,6,50,99,0,0
948,0,10,1,10,125,0,0
949,0,10,3,50,99,0,0
951,0,10,2,50,99,0,0
953,0,10,4,50,99,0,0
954,0,10,2,10,104,0,0
955,0,10,4,50,84,0,0
957,0,10,5,50,84,0,0
959,0,10,6,50,84,0,0
960,0,10,1,4,196,0,0
961,0,10,3,16,196,0,0
963,0,10,2,16,196,0,0
965,0,10,4,16,196,0,0
966,0,10,2,4,196,0,0
967,0,10,4,16,196,0,0
969,0,10,5,16,196,0,0
971,0,10,6,16,196,0,0
972,0,10,1,10,125,0,0
973,0,10,3,50,99,0,0
975,0,10,2,50,99,0,0
977,0,10,4,50,99,0,0
978,0,10,2,4,196,0,0
979,0,10,4,16,196,0,0
981,0,10,5,16,196,0,0
983,0,10,6,16,196,0,0
984,0,10,1,4,206,0,0
985,0,10,3,16,207,0,0
987,0,10,2,16,207,0,0
989,0,10,4,16,207,0,0
990,0,10,2,10,125,0,0
991,0,10,4,50,99,0,0
993,0,10,5,50,99,0,0
995,0,10,6,50,99,0,0
996,0,10,1,10,125,0,0
997,0,10,3,50,99,0,0
999,0,10,2,50,99,0,0
1001,0,10,4,50,99,0,0
1002,0,10,2,4,206,0,0
1003,0,10,4,16,207,0,0
1005,0,10,5,16,207,0,0
1007,0,10,6,16,207,0,0
1008,0,10,1,4,233,0,0
1009,0,10,3,16,233,0,0
1011,0,10,2,16,233,0,0
1013,0,10,4,16,233,0,0
1014,0,10,2,10,125,0,0
1015,0,10,4,50,99,0,0
1017,0,10,5,50,99,0,0
1019,0,10,6,50,99,0,0
1020,0,10,1,10,125,0,0
1021,0,10,3,50,99,0,0
1023,0,10,2,50,99,0,0
1025,0,10,4,50,99,0,0
1026,0,10,2,4,233,0,0
1027,0,10,4,16,233,0,0
1029,0,10,5,16,233,0,0
1031,0,10,6,16,233,0,0
1032,0,10,1,4,174,0,0
1033,0,10,3,16,174,0,0
1035,0,10,2,16,174,0,0
1037,0,10,4,16,174,0,0
1038,0,10,2,10,125,0,0
1039,0,10,4,50,99,0,0
1041,0,10,5,50,99,0,0
1043,0,10,6,50,99,0,0
1044,0,10,1,10,125,0,0
1045,0,10,3,50,99,0,0
1047,0,10,2,50,99,0,0
1049,0,10,4,50,99,0,0
1050,0,10,2,4,174,0,0
1051,0,10,4,16,174,0,0
1053,0,10,5,16,174,0,0
1055,0,10,6,16,174,0,0
1056,0,10,1,4,196,0,0
1057,0,10,3,16,196,0,0
1059,0,10,2,16,196,0,0
1061,0,10,4,16,196,0,0
1062,0,10,2,10,125,0,0
1063,0,10,4,50,99,0,0
1065,0,10,5,50,99,0,0
1067,0,10,6,50,99,0,0
1068,0,10,1,10,125,0,0
1069,0,10,3,50,99,0,0
1071,0,10,2,50,99,0,0
1073,0,10,4,50,99,0,0
1074,0,10,2,4,196,0,0
1075,0,10,4,16,196,0,0
1077,0,10,5,16,196,0,0
1079,0,10,6,16,196,0,0
1080,0,10,1,4,206,0,0
1081,0,10,3,16,207,0,0
1083,0,10,2,16,207,0,0
1085,0,10,4,16,207,0,0
1086,0,10,2,10,125,0,0
1087,0,10,4,50,99,0,0
1089,0,10,5,50,99,0,0
1091,0,10,6,50,99,0,0
1092,0,10,1,10,125,0,0
1093,0,10,3,50,99,0,0
1095,0,10,2,50,99,0,0
1097,0,10,4,50,99,0,0
1098,0,10,2,4,206,0,0
1099,0,10,4,16,207,0,0
1101,0,10,5,16,207,0,0
1103,0,10,6,16,207,0,0
1104,0,10,1,4,233,0,0
1105,0,10,3,16,233,0,0
1107,0,10,2,16,233,0,0
1109,0,10,4,16,233,0,0
1110,0,10,2,10,125,0,0
1111,0,10,4,50,99,0,0
1113,0,10,5,50,99,0,0
1115,0,10,6,50,99,0,0
1116,0,10,1,10,125,0,0
1117,0,10,3,50,99,0,0
1119,0,10,2,50,99,0,0
1121,0,10,4,50,99,0,0
1122,0,10,2,4,233,0,0
1123,0,10,4,16,233,0,0
1125,0,10,5,16,233,0,0
1127,0,10,6,16,233,0,0
1128,0,10,1,10,104,0,0
1129,0,10,3,50,84,0,0
1131,0,10,2,50,84,0,0
1133,0,10,4,50,84,0,0
1134,0,10,2,10,125,0,0
1135,0,10,4,50,99,0,0
1137,0,10,5,50,99,0,0
1139,0,10,6,50,99,0,0
1140,0,10,1,10,125,0,0
1141,0,10,3,50,99,0,0
1143,0,10,2,50,99,0,0
1145,0,10,4,50,99,0,0
1146,0,10,2,10,104,0,0
1147,0,10,4,50,84,0,0
1149,0,10,5,50,84,0,0
1151,0,10,6,50,84,0,0
1152,0,10,1,4,196,0,0
1153,0,10,3,16,196,0,0
1155,0,10,2,16,196,0,0
1157,0,10,4,16,196,0,0
1158,0,10,2,4,196,0,0
1159,0,10,4,16,196,0,0
1161,0,10,5,16,196,0,0
1163,0,10,6,16,196,0,0
1164,0,10,1,10,125,0,0
1165,0,10,3,50,99,0,0
1167,0,10,2,50,99,0,0
1169,0,10,4,50,99,0,0
1170,0,10,2,4,196,0,0
1171,0,10,4,16,196,0,0
1173,0,10,5,16,196,0,0
1175,0,10,6,16,196,0,0
1176,0,10,1,4,206,0,0
1177,0,10,3,16,207,0,0
1179,0,10,2,16,207,0,0
1181,0,10,4,16,207,0,0
1182,0,10,2,10,125,0,0
1183,0,10,4,50,99,0,0
1185,0,10,5,50,99,0,0
1187,0,10,6,50,99,0,0
1188,0,10,1,10,125,0,0
1189,0,10,3,50,99,0,0
1191,0,10,2,50,99,0,0
1193,0,10,4,50,99,0,0
1194,0,10,2,4,206,0,0
1195,0,10,4,16,207,0,0
1197,0,10,5,16,207,0,0
1199,0,10,6,16,207,0,0
1200,0,10,1,4,233,0,0
1201,0,10,3,16,233,0,0
1203,0,10,2,16,233,0,0
1205,0,10,4,16,233,0,0
1206,0,10,2,10,125,0,0
1207,0,10,4,50,99,0,0
1209,0,10,5,50,99,0,0
1211,0,10,6,50,99,0,0
1212,0,10,1,10,125,0,0
1213,0,10,3,50,99,0,0
1215,0,10,2,50,99,0,0
1217,0,10,4,50,99,0,0
1218,0,10,2,4,233,0,0
1219,0,10,4,16,233,0,0
1221,0,10,5,16,233,0,0
1223,0,10,6,16,233,0,0
1224,0,10,1,4,174,0,0
1225,0,10,3,16,174,0,0
1227,0,10,2,16,174,0,0
1229,0,10,4,16,174,0,0
1230,0,10,2,10,125,0,0
1231,0,10,4,50,99,0,0
1233,0,10,5,50,99,0,0
1235,0,10,6,50,99,0,0
1236,0,10,1,10,125,0,0
1237,0,10,3,50,99,0,0
1239,0,10,2,50,99,0,0
1241,0,10,4,50,99,0,0
1242,0,10,2,4,174,0,0
1243,0,10,4,16,174,0,0
1245,0,10,5,16,174,0,0
1247,0,10,6,16,174,0,0
1248,0,10,1,4,196,0,0
1249,0,10,3,16,196,0,0
1251,0,10,2,16,196,0,0
1253,0,10,4,16,196,0,0
1254,0,10,2,10,125,0,0
1255,0,10,4,50,99,0,0
1257,0,10,5,50,99,0,0
1259,0,10,6,50,99,0,0
1260,0,10,1,10,125,0,0
1261,0,10,3,50,99,0,0
1263,0,10,2,50,99,0,0
1265,0,10,4,50,99,0,0
1266,0,10,2,4,196,0,0
1267,0,10,4,16,196,0,0
1269,0,10,5,16,196,0,0
1271,0,10,6,16,196,0,0
1272,0,10,1,4,206,0,0
1273,0,10,3,16,207,0,0
1275,0,10,2,16,207,0,0
1277,0,10,4,16,207,0,0
1278,0,10,2,10,125,0,0
1279,0,10,4,50,99,0,0
1281,0,10,5,50,99,0,0
1283,0,10,6,50,99,0,0
1284,0,10,1,10,125,0,0
1285,0,10,3,50,99,0,0
1287,0,10,2,50,99,0,0
1289,0,10,4,50,99,0,0
1290,0,10,2,4,206,0,0
1291,0,10,4,16,207,0,0
1293,0,10,5,16,207,0,0
1295,0,10,6,16,207,0,0
1296,0,10,1,4,233,0,0
1297,0,10,3,16,233,0,0
1299,0,10,2,16,233,0,0
1301,0,10,4,16,233,0,0
1302,0,10,2,10,125,0,0
1303,0,10,4,50,99,0,0
1305,0,10,5,50,99,0,0
1307,0,10,6,50,99,0,0
1308,0,10,1,10,125,0,0
1309,0,10,3,50,99,0,0
1311,0,10,2,50,99,0,0
1313,0,10,4,50,99,0,0
1314,0,10,2,4,233,0,0
1315,0,10,4,16,233,0,0
1317,0,10,5,16,233,0,0
1319,0,10,6,16,233,0,0
1320,0,10,1,10,104,0,0
1321,0,10,3,50,84,0,0
1323,0,10,2,50,84,0,0
1325,0,10,4,50,84,0,0
1326,0,10,2,10,125,0,0
1327,0,10,4,50,99,0,0
1329,0,10,5,50,99,0,0
1331,0,10,6,50,99,0,0
1332,0,10,1,10,125,0,0
1333,0,10,3,50,99,0,0
1335,0,10,2,50,99,0,0
1337,0,10,4,50,99,0,0
1338,0,10,2,10,104,0,0
1339,0,10,4,50,84,0,0
1341,0,10,5,50,84,0,0
1343,0,10,6,50,84,0,0
1344,0,10,1,4,196,0,0
1345,0,10,3,16,196,0,0
1347,0,10,2,16,196,0,0
1349,0,10,4,16,196,0,0
1350,0,10,2,4,196,0,0
1351,0,10,4,16,196,0,0
1353,0,10,5,16,196,0,0
1355,0,10,6,16,196,0,0
1356,0,10,1,10,125,0,0
1357,0,10,3,50,99,0,0
1359,0,10,2,50,99,0,0
1361,0,10,4,50,99,0,0
1362,0,10,2,4,196,0,0
1363,0,10,4,16,196,0,0
1365,0,10,5,16,196,0,0
1367,0,10,6,16,196,0,0
1368,0,10,1,4,206,0,0
1369,0,10,3,16,207,0,0
1371,0,10,2,16,207,0,0
1373,0,10,4,16,207,0,0
1374,0,10,2,10,125,0,0
1375,0,10,4,50,99,0,0
1377,0,10,5,50,99,0,0
1379,0,10,6,50,99,0,0
1380,0,10,1,10,125,0,0
1381,0,10,3,50,99,0,0
1383,0,10,2,50,99,0,0
1385,0,10,4,50,99,0,0
1386,0,10,2,4,206,0,0
1387,0,10,4,16,207,0,0
1389,0,10,5,16,207,0,0
1391,0,10,6,16,207,0,0
1392,0,10,1,4,233,0,0
1393,0,10,3,16,233,0,0
1395,0,10,2,16,233,0,0
1397,0,10,4,16,233,0,0
1398,0,10,2,10,125,0,0
1399,0,10,4,50,99,0,0
1401,0,10,5,50,99,0,0
1403,0,10,6,50,99,0,0
1404,0,10,1,10,125,0,0
1405,0,10,3,50,99,0,0
1407,0,10,2,50,99,0,0
1409,0,10,4,50,99,0,0
1410,0,10,2,4,233,0,0
1411,0,10,4,16,233,0,0
1413,0,10,5,16,233,0,0
1415,0,10,6,16,233,0,0
1416,0,10,1,4,174,0,0
1417,0,10,3,16,174,0,0
1419,0,10,2,16,174,0,0
1421,0,10,4,16,174,0,0
1422,0,10,2,10,125,0,0
1423,0,10,4,50,99,0,0
1425,0,10,5,50,99,0,0
1427,0,10,6,50,99,0,0
1428,0,10,1,10,125,0,0
1429,0,10,3,50,99,0,0
1431,0,10,2,50,99,0,0
1433,0,10,4,50,99,0,0
1434,0,10,2,4,174,0,0
1435,0,10,4,16,174,0,0
1437,0,10,5,16,174,0,0
1439,0,10,6,16,174,0,0
1440,0,10,1,4,196,0,0
1441,0,10,3,16,196,0,0
1443,0,10,2,16,196,0,0
1445,0,10,4,16,196,0,0
1446,0,10,2,10,125,0,0
1447,0,10,4,50,99,0,0
1449,0,10,5,50,99,0,0
1451,0,10,6,50,99,0,0
1452,0,10,1,10,125,0,0
1453,0,10,3,50,99,0,0
1455,0,10,2,50,99,0,0
1457,0,10,4,50,99,0,0
1458,0,10,2,4,196,0,0
1459,0,10,4,16,196,0,0
1461,0,10,5,16,196,0,0
1463,0,10,6,16,196,0,0
1464,0,10,1,4,206,0,0
1465,0,10,3,16,207,0,0
1467,0,10,2,16,207,0,0
1469,0,10,4,16,207,0,0
1470,0,10,2,10,125,0,0
1471,0,10,4,50,99,0,0
1473,0,10,5,50,99,0,0
1475,0,10,6,50,99,0,0
1476,0,10,1,10,125,0,0
1477,0,10,3,50,99,0,0
1479,0,10,2,50,99,0,0
1481,0,10,4,50,99,0,0
1482,0,10,2,4,206,0,0
1483,0,10,4,16,207,0,0
1485,0,10,5,16,207,0,0
1487,0,10,6,16,207,0,0
1488,0,10,1,4,233,0,0
1489,0,10,3,16,233,0,0
1491,0,10,2,16,233,0,0
1493,0,10,4,16,233,0,0
1494,0,10,2,10,125,0,0
1495,0,10,4,50,99,0,0
1497,0,10,5,50,99,0,0
1499,0,10,6,50,99,0,0
1500,0,10,1,10,125,0,0
1501,0,10,3,50,99,0,0
1503,0,10,2,50,99,0,0
1505,0,10,4,50,99,0,0
1506,0,10,2,4,233,0,0
1507,0,10,4,16,233,0,0
1509,0,10,5,16,233,0,0
1511,0,10,6,16,233,0,0
1512,0,10,1,10,104,0,0
1513,0,10,3,50,84,0,0
1515,0,10,2,50,84,0,0
1517,0,10,4,50,84,0,0
1518,0,10,2,10,125,0,0
1519,0,10,4,50,99,0,0
1521,0,10,5,50,99,0,0
1523,0,10,6,50,99,0,0
1524,0,10,1,10,125,0,0
1525,0,10,3,50,99,0,0
1527,0,10,2,50,99,0,0
1529,0,10,4,50,99,0,0
1530,0,10,2,10,104,0,0
1531,0,10,4,50,84,0,0
1533,0,10,5,50,84,0,0
1535,0,10,6,50,84,0,0
1536,0,10,1,4,196,0,0
1537,0,10,3,16,196,0,0
1539,0,10,2,16,196,0,0
1541,0,10,4,16,196,0,0
1542,0,10,2,4,196,0,0
1543,0,10,4,16,196,0,0
1545,0,10,5,16,196,0,0
1547,0,10,6,16,196,0,0
1548,0,10,1,10,125,0,0
1549,0,10,3,50,99,0,0
1551,0,10,2,50,99,0,0
1553,0,10,4,50,99,0,0
1554,0,10,2,4,196,0,0
1555,0,10,4,16,196,0,0
1557,0,10,5,16,196,0,0
1559,0,10,6,16,196,0,0
1560,0,10,1,4,206,0,0
1561,0,10,3,16,207,0,0
1563,0,10,2,16,207,0,0
1565,0,10,4,16,207,0,0
1566,0,10,2,10,125,0,0
1567,0,10,4,50,99,0,0
1569,0,10,5,50,99,0,0
1571,0,10,6,50,99,0,0
1572,0,10,1,10,125,0,0
1573,0,10,3,50,99,0,0
1575,0,10,2,50,99,0,0
1577,0,10,4,50,99,0,0
1578,0,10,2,4,206,0,0
1579,0,10,4,16,207,0,0
1581,0,10,5,16,207,0,0
1583,0,10,6,16,207,0,0
1584,0,10,1,4,233,0,0
1585,0,10,3,16,233,0,0
1587,0,10,2,16,233,0,0
1589,0,10,4,16,233,0,0
1590,0,10,2,10,125,0,0
1591,0,10,4,50,99,0,0
1593,0,10,5,50,99,0,0
1595,0,10,6,50,99,0,0
1596,0,10,1,10,125,0,0
1597,0,10,3,50,99,0,0
1599,0,10,2,50,99,0,0
1601,0,10,4,50,99,0,0
1602,0,10,2,4,233,0,0
1603,0,10,4,16,233,0,0
1605,0,10,5,16,233,0,0
1607,0,10,6,16,233,0,0
1608,0,10,1,4,174,0,0
1609,0,10,3,16,174,0,0
1611,0,10,2,16,174,0,0
1613,0,10,4,16,174,0,0
1614,0,10,2,10,125,0,0
1615,0,10,4,50,99,0,0
1617,0,10,5,50,99,0,0
1619,0,10,6,50,99,0,0
1620,0,10,1,10,125,0,0
1621,0,10,3,50,99,0,0
1623,0,10,2,50,99,0,0
1625,0,10,4,50,99,0,0
1626,0,10,2,4,174,0,0
1627,0,10,4,16,174,0,0
1629,0,10,5,16,174,0,0
1631,0,10,6,16,174,0,0
1632,0,10,1,4,196,0,0
1633,0,10,3,16,196,0,0
1635,0,10,2,16,196,0,0
1637,0,10,4,16,196,0,0
1638,0,10,2,10,125,0,0
1639,0,10,4,50,99,0,0
1641,0,10,5,50,99,0,0
1643,0,10,6,50,99,0,0
1644,0,10,1,10,125,0,0
1645,0,10,3,50,99,0,0
1647,0,10,2,50,99,0,0
1649,0,10,4,50,99,0,0
1650,0,10,2,4,196,0,0
1651,0,10,4,16,196,0,0
1653,0,10,5,16,196,0,0
1655,0,10,6,16,196,0,0
1656,0,10,1,4,206,0,0
1657,0,10,3,16,207,0,0
1659,0,10,2,16,207,0,0
1661,0,10,4,16,207,0,0
1662,0,10,2,10,125,0,0
1663,0,10,4,50,99,0,0
1665,0,10,5,50,99,0,0
1667,0,10,6,50,99,0,0
1668,0,10,1,10,125,0,0
1669,0,10,3,50,99,0,0
1671,0,10,2,50,99,0,0
1673,0,10,4,50,99,0,0
1674,0,10,2,4,206,0,0
1675,0,10,4,16,207,0,0
1677,0,10,5,16,207,0,0
1679,0,10,6,16,207,0,0
1680,0,10,1,4,233,0,0
1681,0,10,3,16,233,0,0
1683,0,10,2,16,233,0,0
1685,0,10,4,16,233,0,0
1686,0,10,2,10,125,0,0
1687,0,10,4,50,99,0,0
1689,0,10,5,50,99,0,0
1691,0,10,6,50,99,0,0
1692,0,10,1,10,125,0,0
1693,0,10,3,50,99,0,0
1695,0,10,2,50,99,0,0
1697,0,10,4,50,99,0,0
1698,0,10,2,4,233,0,0
1699,0,10,4,16,233,0,0
1701,0,10,5,16,233,0,0
1703,0,10,6,16,233,0,0
1704,0,10,1,10,104,0,0
1705,0,10,3,50,84,0,0
1707,0,10,2,50,84,0,0
1709,0,10,4,50,84,0,0
1710,0,10,2,10,125,0,0
1711,0,10,4,50,99,0,0
1713,0,10,5,50,99,0,0
1715,0,10,6,50,99,0,0
1716,0,10,1,10,125,0,0
1717,0,10,3,50,99,0,0
1719,0,10,2,50,99,0,0
1721,0,10,4,50,99,0,0
1722,0,10,2,10,104,0,0
1723,0,10,4,50,84,0,0
1725,0,10,5,50,84,0,0
1727,0,10,6,50,84,0,0
1728,0,10,1,4,196,0,0
1729,0,10,3,16,196,0,0
1731,0,10,2,16,196,0,0
1733,0,10,4,16,196,0,0
1734,0,10,2,4,196,0,0
1735,0,10,4,16,196,0,0
1737,0,10,5,16,196,0,0
1739,0,10,6,16,196,0,0
1740,0,10,1,10,125,0,0
1741,0,10,3,50,99,0,0
1743,0,10,2,50,99,0,0
1745,0,10,4,50,99,0,0
1746,0,10,2,4,196,0,0
1747,0,10,4,16,196,0,0
1749,0,10,5,16,196,0,0
1751,0,10,6,16,196,0,0
1752,0,10,1,4,206,0,0
1753,0,10,3,16,207,0,0
1755,0,10,2,16,207,0,0
1757,0,10,4,16,207,0,0
1758,0,10,2,10,125,0,0
1759,0,10,4,50,99,0,0
1761,0,10,5,50,99,0,0
1763,0,10,6,50,99,0,0
1764,0,10,1,10,125,0,0
1765,0,10,3,50,99,0,0
1767,0,10,2,50,99,0,0
1769,0,10,4,50,99,0,0
1770,0,10,2,4,206,0,0
1771,0,10,4,16,207,0,0
1773,0,10,5,16,207,0,0
1775,0,10,6,16,207,0,0
1776,0,10,1,4,233,0,0
1777,0,10,3,16,233,0,0
1779,0,10,2,16,233,0,0
1781,0,10,4,16,233,0,0
1782,0,10,2,10,125,0,0
1783,0,10,4,50,99,0,0
1785,0,10,5,50,99,0,0
1787,0,10,6,50,99,0,0
1788,0,10,1,10,125,0,0
1789,0,10,3,50,99,0,0
1791,0,10,2,50,99,0,0
1793,0,10,4,50,99,0,0
1794,0,10,2,4,233,0,0
1795,0,10,4,16,233,0,0
1797,0,10,5,16,233,0,0
1799,0,10,6,16,233,0,0
1800,0,10,1,4,174,0,0
1801,0,10,3,16,174,0,0
1803,0,10,2,16,174,0,0
1805,0,10,4,16,174,0,0
1806,0,10,2,10,125,0,0
1807,0,10,4,50,99,0,0
1809,0,10,5,50,99,0,0
1811,0,10,6,50,99,0,0
1812,0,10,1,10,125,0,0
1813,0,10,3,50,99,0,0
1815,0,10,2,50,99,0,0
1817,0,10,4,50,99,0,0
1818,0,10,2,4,174,0,0
1819,0,10,4,16,174,0,0
1821,0,10,5,16,174,0,0
1823,0,10,6,16,174,0,0
1824,0,10,1,4,196,0,0
1825,0,10,3,16,196,0,0
1827,0,10,2,16,196,0,0
1829,0,10,4,16,196,0,0
1830,0,10,2,10,125,0,0
1831,0,10,4,50,99,0,0
1833,0,10,5,50,99,0,0
1835,0,10,6,50,99,0,0
1836,0,10,1,10,125,0,0
1837,0,10,3,50,99,0,0
1839,0,10,2,50,99,0,0
1841,0,10,4,50,99,0,0
1842,0,10,2,4,196,0,0
1843,0,10,4,16,196,0,0
1845,0,10,5,16,196,0,0
1847,0,10,6,16,196,0,0
1848,0,10,1,4,206,0,0
1849,0,10,3,16,207,0,0
1851,0,10,2,16,207,0,0
1853,0,10,4,16,207,0,0
1854,0,10,2,10,125,0,0
1855,0,10,4,50,99,0,0
1857,0,10,5,50,99,0,0
1859,0,10,6,50,99,0,0
1860,0,10,1,10,125,0,0
1861,0,10,3,50,99,0,0
1863,0,10,2,50,99,0,0
1865,0,10,4,50,99,0,0
1866,0,10,2,4,206,0,0
1867,0,10,4,16,207,0,0
1869,0,10,5,16,207,0,0
1871,0,10,6,16,207,0,0
1872,0,10,1,4,233,0,0
1873,0,10,3,16,233,0,0
1875,0,10,2,16,233,0,0
1877,0,10,4,16,233,0,0
1878,0,10,2,10,125,0,0
1879,0,10,4,50,99,0,0
1881,0,10,5,50,99,0,0
1883,0,10,6,50,99,0,0
1884,0,10,1,10,125,0,0
1885,0,10,3,50,99,0,0
1887,0,10,2,50,99,0,0
1889,0,10,4,50,99,0,0
1890,0,10,2,4,233,0,0
1891,0,10,4,16,233,0,0
1893,0,10,5,16,233,0,0
1895,0,10,6,16,233,0,0
1896,0,10,1,10,104,0,0
1897,0,10,3,50,84,0,0
1899,0,10,2,50,84,0,0
1901,0,10,4,50,84,0,0
1902,0,10,2,10,125,0,0
1903,0,10,4,50,99,0,0
1905,0,10,5,50,99,0,0
1907,0,10,6,50,99,0,0
1908,0,10,1,10,125,0,0
1909,0,10,3,50,99,0,0
1911,0,10,2,50,99,0,0
1913,0,10,4,50,99,0,0
1914,0,10,2,10,104,0,0
1915,0,10,4,50,84,0,0
1917,0,10,5,50,84,0,0
1919,0,10,6,50,84,0,0
1920,0,10,3,16,233,0,0
1921,1,,,16,196,0,0
1922,1,,,10,209,0,0
1926,1,,,16,233,0,0
1927,1,,,16,196,0,0
1928,1,,,10,209,0,0
1932,1,,,16,233,0,0
1933,1,,,16,196,0,0
1934,1,,,10,209,0,0
1938,0,10,2,16,233,0,0
1939,1,,,16,196,0,0
1940,1,,,10,209,0,0
1944,1,,,16,233,0,0
1945,1,,,16,196,0,0
1946,1,,,10,209,0,0
1950,1,,,16,233,0,0
1951,1,,,16,196,0,0
1952,1,,,10,209,0,0
1956,0,10,4,16,233,0,0
1957,1,,,16,196,0,0
1958,1,,,10,209,0,0
1962,1,,,16,233,0,0
1963,1,,,16,196,0,0
1964,1,,,10,209,0,0
1968,1,,,16,233,0,0
1969,1,,,16,196,0,0
1970,1,,,10,209,0,0
1974,0,10,5,16,233,0,0
1975,1,,,16,196,0,0
1976,1,,,10,209,0,0
1980,1,,,16,233,0,0
1981,1,,,16,196,0,0
1982,1,,,10,209,0,0
1986,1,,,16,233,0,0
1987,1,,,16,196,0,0
1988,1,,,10,209,0,0
1992,0,10,6,16,233,0,0
1993,1,,,16,196,0,0
1994,1,,,10,209,0,0
1998,1,,,16,233,0,0
1999,1,,,16,196,0,0
2000,1,,,10,209,0,0
2004,1,,,16,233,0,0
2005,1,,,16,196,0,0
2006,1,,,10,209,0,0
2010,0,10,7,16,233,0,0
2011,1,,,16,196,0,0
2012,1,,,10,209,0,0
2016,1,,,16,233,0,0
2017,1,,,16,196,0,0
2018,1,,,10,209,0,0
2022,1,,,16,233,0,0
2023,1,,,16,196,0,0
2024,1,,,10,209,0,0
2028,0,10,8,16,233,0,0
2029,1,,,16,196,0,0
2030,1,,,10,209,0,0
2034,1,,,16,233,0,0
2035,1,,,16,196,0,0
2036,1,,,10,209,0,0
2040,1,,,16,233,0,0
2041,1,,,16,196,0,0
2042,1,,,10,209,0,0
2046,0,10,9,16,233,0,0
2047,1,,,16,196,0,0
2048,1,,,10,209,0,0
2052,1,,,16,233,0,0
2053,1,,,16,196,0,0
2054,1,,,10,209,0,0
2058,1,,,16,233,0,0
2059,1,,,16,196,0,0
2060,1,,,10,209,0,0
2064,1,,,16,233,0,0
2065,1,,,16,196,0,0
2066,1,,,10,209,0,0
2070,0,10,8,16,233,0,0
2071,1,,,16,196,0,0
2072,1,,,10,209,0,0
2076,0,10,7,16,233,0,0
2077,1,,,16,196,0,0
2078,1,,,10,209,0,0
2082,0,10,6,16,233,0,0
2083,1,,,16,196,0,0
2084,1,,,10,209,0,0
2088,0,10,5,16,233,0,0
2089,1,,,16,196,0,0
2090,1,,,10,209,0,0
2094,0,10,4,16,233,0,0
2095,1,,,16,196,0,0
2096,1,,,10,209,0,0
2100,0,10,2,16,233,0,0
2101,1,,,16,196,0,0
2102,1,,,10,209,0,0
2106,0,10,3,16,233,0,0
2107,1,,,16,196,0,0
2108,1,,,10,209,0,0
2112,1,,,50,94,0,0
2113,1,,,16,233,0,0
2114,1,,,10,209,0,0
2118,1,,,50,94,0,0
2119,1,,,16,233,0,0
2120,1,,,10,209,0,0
2124,1,,,50,94,0,0
2125,1,,,16,233,0,0
2126,1,,,10,209,0,0
2130,0,10,2,50,94,0,0
2131,1,,,16,233,0,0
2132,1,,,10,209,0,0
2136,1,,,50,94,0,0
2137,1,,,16,233,0,0
2138,1,,,10,209,0,0
2142,1,,,50,94,0,0
2143,1,,,16,233,0,0
2144,1,,,10,209,0,0
2148,0,10,4,50,94,0,0
2149,1,,,16,233,0,0
2150,1,,,10,209,0,0
2154,1,,,50,94,0,0
2155,1,,,16,233,0,0
2156,1,,,10,209,0,0
2160,1,,,50,94,0,0
2161,1,,,16,233,0,0
2162,1,,,10,209,0,0
2166,0,10,5,50,94,0,0
2167,1,,,16,233,0,0
2168,1,,,10,209,0,0
2172,1,,,50,94,0,0
2173,1,,,16,233,0,0
2174,1,,,10,209,0,0
2178,1,,,50,94,0,0
2179,1,,,16,233,0,0
2180,1,,,10,209,0,0
2184,0,10,6,50,94,0,0
2185,1,,,16,233,0,0
2186,1,,,10,209,0,0
2190,1,,,50,94,0,0
2191,1,,,16,233,0,0
2192,1,,,10,209,0,0
2196,0,10,7,50,94,0,0
2197,1,,,16,233,0,0
2198,1,,,10,209,0,0
2202,1,,,50,94,0,0
2203,1,,,16,233,0,0
2204,1,,,10,209,0,0
2208,0,10,3,50,94,0,0
2209,1,,,16,233,0,0
2210,1,,,10,235,0,0
2214,1,,,50,94,0,0
2215,1,,,16,233,0,0
2216,1,,,10,235,0,0
2220,1,,,50,94,0,0
2221,1,,,16,233,0,0
2222,1,,,10,235,0,0
2226,0,10,2,50,94,0,0
2227,1,,,16,233,0,0
2228,1,,,10,235,0,0
2232,1,,,50,94,0,0
2233,1,,,16,233,0,0
2234,1,,,10,235,0,0
2238,1,,,50,94,0,0
2239,1,,,16,233,0,0
2240,1,,,10,235,0,0
2244,0,10,4,50,94,0,0
2245,1,,,16,233,0,0
2246,1,,,10,235,0,0
2250,1,,,50,94,0,0
2251,1,,,16,233,0,0
2252,1,,,10,235,0,0
2256,1,,,50,94,0,0
2257,1,,,16,233,0,0
2258,1,,,10,235,0,0
2262,0,10,5,50,94,0,0
2263,1,,,16,233,0,0
2264,1,,,10,235,0,0
2268,1,,,50,94,0,0
2269,1,,,16,233,0,0
2270,1,,,10,235,0,0
2274,1,,,50,94,0,0
2275,1,,,16,233,0,0
2276,1,,,10,235,0,0
2280,0,10,6,50,94,0,0
2281,1,,,16,233,0,0
2282,1,,,10,235,0,0
2286,1,,,50,94,0,0
2287,1,,,16,233,0,0
2288,1,,,10,235,0,0
2292,0,10,7,50,94,0,0
2293,1,,,16,233,0,0
2294,1,,,10,235,0,0
2298,1,,,50,94,0,0
2299,1,,,16,233,0,0
2300,1,,,10,235,0,0
2304,0,10,3,16,233,0,0
2305,1,,,16,196,0,0
2306,1,,,10,209,0,0
2310,1,,,16,233,0,0
2311,1,,,16,196,0,0
2312,1,,,10,209,0,0
2316,1,,,16,233,0,0
2317,1,,,16,196,0,0
2318,1,,,10,209,0,0
2322,0,10,2,16,233,0,0
2323,1,,,16,196,0,0
2324,1,,,10,209,0,0
2328,1,,,16,233,0,0
2329,1,,,16,196,0,0
2330,1,,,10,209,0,0
2334,1,,,16,233,0,0
2335,1,,,16,196,0,0
2336,1,,,10,209,0,0
2340,0,10,4,16,233,0,0
2341,1,,,16,196,0,0
2342,1,,,10,209,0,0
2346,1,,,16,233,0,0
2347,1,,,16,196,0,0
2348,1,,,10,209,0,0
2352,1,,,16,233,0,0
2353,1,,,16,196,0,0
2354,1,,,10,209,0,0
2358,0,10,5,16,233,0,0
2359,1,,,16,196,0,0
2360,1,,,10,209,0,0
2364,1,,,16,233,0,0
2365,1,,,16,196,0,0
2366,1,,,10,209,0,0
2370,1,,,16,233,0,0
2371,1,,,16,196,0,0
2372,1,,,10,209,0,0
2376,0,10,6,16,233,0,0
2377,1,,,16,196,0,0
2378,1,,,10,209,0,0
2382,1,,,16,233,0,0
2383,1,,,16,196,0,0
2384,1,,,10,209,0,0
2388,1,,,16,233,0,0
2389,1,,,16,196,0,0
2390,1,,,10,209,0,0
2394,0,10,7,16,233,0,0
2395,1,,,16,196,0,0
2396,1,,,10,209,0,0
2400,1,,,16,233,0,0
2401,1,,,16,196,0,0
2402,1,,,10,209,0,0
2406,1,,,16,233,0,0
2407,1,,,16,196,0,0
2408,1,,,10,209,0,0
2412,0,10,8,16,233,0,0
2413,1,,,16,196,0,0
2414,1,,,10,209,0,0
2418,1,,,16,233,0,0
2419,1,,,16,196,0,0
2420,1,,,10,209,0,0
2424,1,,,16,233,0,0
2425,1,,,16,196,0,0
2426,1,,,10,209,0,0
2430,0,10,9,16,233,0,0
2431,1,,,16,196,0,0
2432,1,,,10,209,0,0
2436,1,,,16,233,0,0
2437,1,,,16,196,0,0
2438,1,,,10,209,0,0
2442,1,,,16,233,0,0
2443,1,,,16,196,0,0
2444,1,,,10,209,0,0
2448,1,,,16,233,0,0
2449,1,,,16,196,0,0
2450,1,,,10,209,0,0
2454,0,10,8,16,233,0,0
2455,1,,,16,196,0,0
2456,1,,,10,209,0,0
2460,0,10,7,16,233,0,0
2461,1,,,16,196,0,0
2462,1,,,10,209,0,0
2466,0,10,6,16,233,0,0
2467,1,,,16,196,0,0
2468,1,,,10,209,0,0
2472,0,10,5,16,233,0,0
2473,1,,,16,196,0,0
2474,1,,,10,209,0,0
2478,0,10,4,16,233,0,0
2479,1,,,16,196,0,0
2480,1,,,10,209,0,0
2484,0,10,2,16,233,0,0
2485,1,,,16,196,0,0
2486,1,,,10,209,0,0
2490,0,10,3,16,233,0,0
2491,1,,,16,196,0,0
2492,1,,,10,209,0,0
2496,1,,,50,94,0,0
2497,1,,,16,233,0,0
2498,1,,,10,209,0,0
2502,1,,,50,94,0,0
2503,1,,,16,233,0,0
2504,1,,,10,209,0,0
2508,1,,,50,94,0,0
2509,1,,,16,233,0,0
2510,1,,,10,209,0,0
2514,0,10,2,50,94,0,0
2515,1,,,16,233,0,0
2516,1,,,10,209,0,0
2520,1,,,50,94,0,0
2521,1,,,16,233,0,0
2522,1,,,10,209,0,0
2526,1,,,50,94,0,0
2527,1,,,16,233,0,0
2528,1,,,10,209,0,0
2532,0,10,4,50,94,0,0
2533,1,,,16,233,0,0
2534,1,,,10,209,0,0
2538,1,,,50,94,0,0
2539,1,,,16,233,0,0
2540,1,,,10,209,0,0
2544,1,,,50,94,0,0
2545,1,,,16,233,0,0
2546,1,,,10,209,0,0
2550,0,10,5,50,94,0,0
2551,1,,,16,233,0,0
2552,1,,,10,209,0,0
2556,1,,,50,94,0,0
2557,1,,,16,233,0,0
2558,1,,,10,209,0,0
2562,1,,,50,94,0,0
2563,1,,,16,233,0,0
2564,1,,,10,209,0,0
2568,0,10,6,50,94,0,0
2569,1,,,16,233,0,0
2570,1,,,10,209,0,0
2574,1,,,50,94,0,0
2575,1,,,16,233,0,0
2576,1,,,10,209,0,0
2580,0,10,7,50,94,0,0
2581,1,,,16,233,0,0
2582,1,,,10,209,0,0
2586,1,,,50,94,0,0
2587,1,,,16,233,0,0
2588,1,,,10,209,0,0
2592,0,10,3,50,94,0,0
2593,1,,,16,233,0,0
2594,1,,,10,235,0,0
2598,1,,,50,94,0,0
2599,1,,,16,233,0,0
2600,1,,,10,235,0,0
2604,1,,,50,94,0,0
2605,1,,,16,233,0,0
2606,1,,,10,235,0,0
2610,0,10,2,50,94,0,0
2611,1,,,16,233,0,0
2612,1,,,10,235,0,0
2616,1,,,50,94,0,0
2617,1,,,16,233,0,0
2618,1,,,10,235,0,0
2622,1,,,50,94,0,0
2623,1,,,16,233,0,0
2624,1,,,10,235,0,0
2628,0,10,4,50,94,0,0
2629,1,,,16,233,0,0
2630,1,,,10,235,0,0
2634,1,,,50,94,0,0
2635,1,,,16,233,0,0
2636,1,,,10,235,0,0
2640,1,,,50,94,0,0
2641,1,,,16,233,0,0
2642,1,,,10,235,0,0
2646,0,10,5,50,94,0,0
2647,1,,,16,233,0,0
2648,1,,,10,235,0,0
2652,1,,,50,94,0,0
2653,1,,,16,233,0,0
2654,1,,,10,235,0,0
2658,1,,,50,94,0,0
2659,1,,,16,233,0,0
2660,1,,,10,235,0,0
2664,0,10,6,50,94,0,0
2665,1,,,16,233,0,0
2666,1,,,10,235,0,0
2670,1,,,50,94,0,0
2671,1,,,16,233,0,0
2672,1,,,10,235,0,0
2676,0,10,7,50,94,0,0
2677,1,,,16,233,0,0
2678,1,,,10,235,0,0
2682,1,,,50,94,0,0
2683,1,,,16,233,0,0
2684,1,,,10,235,0,0
2688,0,10,1,16,233,0,0
2689,0,10,2,16,233,0,0
2690,0,10,3,16,233,0,0
2712,1,,,16,231,0,0
2713,1,,,16,233,0,0
2714,1,,,16,234,0,0
2718,1,,,16,233,0,0
2719,1,,,16,231,0,0
2720,1,,,16,230,0,0
2722,1,,,16,231,0,0
2723,1,,,16,233,0,0
2724,1,,,16,234,0,0
2728,1,,,16,233,0,0
2729,1,,,16,231,0,0
2730,1,,,16,230,0,0
2732,1,,,16,231,0,0
2733,1,,,16,233,0,0
2734,1,,,16,234,0,0
2738,1,,,16,233,0,0
2739,1,,,16,231,0,0
2740,1,,,16,230,0,0
2742,1,,,16,231,0,0
2743,1,,,16,233,0,0
2744,1,,,16,234,0,0
2748,0,10,1,16,233,0,0
2749,0,10,2,16,233,0,0
2750,0,10,3,16,233,0,0
2760,0,10,1,16,207,0,0
2761,0,10,2,16,207,0,0
2762,0,10,3,16,207,0,0
2772,0,10,1,16,207,0,0
2773,0,10,2,16,206,0,0
2774,0,10,3,16,204,0,0
2775,1,,,16,202,0,0
2776,1,,,16,200,0,0
2777,1,,,16,198,0,0
2778,1,,,16,196,0,0
2785,1,,,16,194,0,0
2786,1,,,16,193,0,0
2788,1,,,16,194,0,0
2789,1,,,16,196,0,0
2790,1,,,16,197,0,0
2791,1,,,16,198,0,0
2793,1,,,16,197,0,0
2794,1,,,16,196,0,0
2795,1,,,16,194,0,0
2796,0,10,1,16,207,0,0
2797,0,10,2,16,207,0,0
2798,0,10,3,16,207,0,0
2808,0,10,1,16,233,0,0
2809,0,10,2,16,233,0,0
2810,0,10,3,16,233,0,0
2820,0,10,1,50,99,0,0
2821,0,10,2,50,99,0,0
2822,0,10,3,50,99,0,0
2844,0,10,1,16,233,0,0
2845,0,10,2,16,233,0,0
2846,0,10,3,16,233,0,0
2862,0,10,1,16,233,0,0
2863,0,10,2,16,234,0,0
2864,0,10,3,16,236,0,0
2865,1,,,16,237,0,0
2866,1,,,16,238,0,0
2867,1,,,16,239,0,0
2868,1,,,16,240,0,0
2869,1,,,16,242,0,0
2870,1,,,16,243,0,0
2871,1,,,16,244,0,0
2872,1,,,16,245,0,0
2873,1,,,16,247,0,0
2874,1,,,16,248,0,0
2875,1,,,16,249,0,0
2876,1,,,16,250,0,0
2877,1,,,16,252,0,0
2878,1,,,16,253,0,0
2879,1,,,16,254,0,0
2880,0,10,1,50,84,0,0
2881,0,10,2,50,84,0,0
2882,0,10,3,50,84,0,0
2898,1,,,50,83,0,0
2901,1,,,50,84,0,0
2907,1,,,50,83,0,0
2911,1,,,50,84,0,0
2916,0,10,1,50,94,0,0
2917,0,10,2,50,94,0,0
2918,0,10,3,50,94,0,0
2935,1,,,50,93,0,0
2939,1,,,50,94,0,0
2945,1,,,50,93,0,0
2949,1,,,50,94,0,0
2952,0,10,1,50,125,0,0
2953,0,10,2,50,125,0,0
2954,0,10,3,50,125,0,0
2976,1,,,50,126,0,0
2978,1,,,50,125,0,0
2980,1,,,50,124,0,0
2982,1,,,50,125,0,0
2984,1,,,50,126,0,0
2988,1,,,50,125,0,0
2990,1,,,50,124,0,0
2992,1,,,50,125,0,0
2994,1,,,50,126,0,0
2998,1,,,50,125,0,0
3000,1,,,50,124,0,0
3002,1,,,50,125,0,0
3004,1,,,50,126,0,0
3008,1,,,50,125,0,0
3010,1,,,50,124,0,0
3012,1,,,50,125,0,0
3014,1,,,50,126,0,0
3018,1,,,50,125,0,0
3020,1,,,50,124,0,0
3022,1,,,50,125,0,0
3024,1,,,50,126,0,0
3028,1,,,50,125,0,0
3030,1,,,50,124,0,0
3032,1,,,50,125,0,0
3034,1,,,50,126,0,0
3036,0,10,1,50,125,0,0
3037,0,10,2,50,125,0,0
3038,0,10,3,50,125,0,0
3054,0,10,1,50,111,0,0
3055,0,10,2,50,111,0,0
3056,0,10,3,50,111,0,0
3072,0,10,1,10,248,0,0
3073,0,10,2,10,248,0,0
3074,0,10,3,10,248,0,0
3090,1,,,10,251,0,0
3091,1,,,10,250,0,0
3092,1,,,10,248,0,0
3093,1,,,10,245,0,0
3094,1,,,10,244,0,0
3096,1,,,10,245,0,0
3097,1,,,10,248,0,0
3098,1,,,10,250,0,0
3099,1,,,10,251,0,0
3101,1,,,10,250,0,0
3102,1,,,10,248,0,0
3103,1,,,10,245,0,0
3104,1,,,10,244,0,0
3106,1,,,10,245,0,0
3107,1,,,10,248,0,0
3108,0,10,1,16,174,0,0
3109,0,10,2,16,174,0,0
3110,0,10,3,16,174,0,0
3126,0,10,1,16,175,0,0
3127,0,10,2,16,175,0,0
3128,0,10,3,16,176,0,0
3129,1,,,16,177,0,0
3131,1,,,16,178,0,0
3132,1,,,16,179,0,0
3134,1,,,16,180,0,0
3136,1,,,16,181,0,0
3137,1,,,16,182,0,0
3139,1,,,16,183,0,0
3141,1,,,16,184,0,0
3142,1,,,16,185,0,0
3144,0,10,1,16,196,0,0
3145,0,10,2,16,196,0,0
3146,0,10,3,16,196,0,0
3156,1,,,16,197,0,0
3157,1,,,16,198,0,0
3159,1,,,16,197,0,0
3160,1,,,16,196,0,0
3161,1,,,16,194,0,0
3162,1,,,16,193,0,0
3164,1,,,16,194,0,0
3165,1,,,16,196,0,0
3166,1,,,16,197,0,0
3167,1,,,16,198,0,0
3168,0,10,1,16,174,0,0
3169,0,10,2,16,174,0,0
3170,0,10,3,16,174,0,0
3186,0,10,1,16,196,0,0
3187,0,10,2,16,196,0,0
3188,0,10,3,16,196,0,0
3204,0,10,1,16,207,0,0
3205,0,10,2,16,207,0,0
3206,0,10,3,16,207,0,0
3216,0,10,1,16,196,0,0
3217,0,10,2,16,196,0,0
3218,0,10,3,16,196,0,0
3234,0,10,1,16,207,0,0
3235,0,10,2,16,207,0,0
3236,0,10,3,16,207,0,0
3252,0,10,1,16,233,0,0
3253,0,10,2,16,233,0,0
3254,0,10,3,16,233,0,0
3264,0,10,1,50,94,0,0
3265,0,10,2,50,94,0,0
3266,0,10,3,50,94,0,0
3285,1,,,50,93,0,0
3289,1,,,50,94,0,0
3295,1,,,50,93,0,0
3299,1,,,50,94,0,0
3300,0,10,1,50,84,0,0
3301,0,10,2,50,84,0,0
3302,0,10,3,50,84,0,0
3318,0,10,1,50,83,0,0
3319,0,10,2,50,83,0,0
3320,0,10,3,50,83,0,0
3321,1,,,50,82,0,0
3322,2,,,,,,
3323,0,10,3,16,255,1,0
3324,1,,,16,253,0,0
3325,1,,,16,252,0,0
3326,1,,,16,251,0,0
3327,1,,,16,250,0,0
3328,1,,,16,248,0,0
3329,1,,,16,247,0,0
3330,1,,,16,246,0,0
3331,1,,,16,245,0,0
3332,1,,,16,244,0,0
3333,1,,,16,242,0,0
3334,1,,,16,241,0,0
3335,1,,,16,240,0,0
3336,0,10,1,16,233,0,0
3337,0,10,2,16,233,0,0
3338,0,10,3,16,233,0,0
3348,1,,,16,234,0,0
3352,1,,,16,233,0,0
3353,1,,,16,231,0,0
3354,1,,,16,230,0,0
3356,1,,,16,231,0,0
3357,1,,,16,233,0,0
3358,1,,,16,234,0,0
3360,0,10,1,16,207,0,0
3361,0,10,2,16,207,0,0
3362,0,10,3,16,207,0,0
3366,0,10,1,16,233,0,0
3367,0,10,2,16,233,0,0
3368,0,10,3,16,233,0,0
3372,2,,,,,,
3378,0,10,3,16,207,1,0
3379,0,10,4,16,207,0,0
3380,0,10,2,16,207,0,0
3384,0,10,3,16,233,0,0
3385,0,10,4,16,233,0,0
3386,0,10,2,16,233,0,0
3390,2,,,,,,
3396,0,10,2,16,207,1,0
3397,0,10,5,16,207,0,0
3398,0,10,4,16,207,0,0
3402,0,10,2,16,233,0,0
3403,0,10,5,16,233,0,0
3404,0,10,4,16,233,0,0
3408,2,,,,,,
3414,0,10,4,16,207,1,0
3415,0,10,6,16,207,0,0
3416,0,10,5,16,207,0,0
3420,0,10,4,16,233,0,0
3421,0,10,6,16,233,0,0
3422,0,10,5,16,233,0,0
3426,2,,,,,,
3432,0,10,5,16,207,1,0
3433,0,10,6,16,207,0,0
3438,0,10,5,16,233,0,0
3439,0,10,6,16,233,0,0
3444,2,,,,,,
3450,0,10,6,16,207,1,0
3451,0,10,8,16,207,0,0
3452,0,10,7,16,207,0,0
3456,0,10,1,64,233,0,0
3457,0,10,2,64,233,0,0
3458,0,10,3,64,233,0,0
3480,1,,,64,237,0,0
3481,1,,,64,235,0,0
3482,1,,,64,233,0,0
3483,1,,,64,230,0,0
3484,1,,,64,228,0,0
3486,1,,,64,230,0,0
3487,1,,,64,233,0,0
3488,1,,,64,235,0,0
3489,1,,,64,237,0,0
3491,1,,,64,235,0,0
3492,1,,,64,233,0,0
3493,1,,,64,230,0,0
3494,1,,,64,228,0,0
3496,1,,,64,230,0,0
3497,1,,,64,233,0,0
3498,1,,,64,235,0,0
3499,1,,,64,237,0,0
3501,1,,,64,235,0,0
3502,1,,,64,233,0,0
3503,1,,,64,230,0,0
3504,1,,,64,228,0,0
3506,1,,,64,230,0,0
3507,1,,,64,233,0,0
3508,1,,,64,235,0,0
3509,1,,,64,237,0,0
3511,1,,,64,235,0,0
3512,1,,,64,233,0,0
3513,1,,,64,230,0,0
3514,1,,,64,228,0,0
3516,1,,,64,230,0,0
3517,1,,,64,233,0,0
3518,1,,,64,235,0,0
3519,1,,,64,237,0,0
3521,1,,,64,235,0,0
3522,1,,,64,233,0,0
3523,1,,,64,230,0,0
3524,1,,,64,228,0,0
3526,1,,,64,230,0,0
3527,1,,,64,233,0,0
3528,1,,,64,235,0,0
3529,1,,,64,237,0,0
3531,1,,,64,235,0,0
3532,1,,,64,233,0,0
3533,1,,,64,230,0,0
3534,1,,,64,228,0,0
3536,1,,,64,230,0,0
3537,1,,,64,233,0,0
3538,1,,,64,235,0,0
3539,1,,,64,237,0,0
3541,1,,,64,235,0,0
3542,1,,,64,233,0,0
3543,1,,,64,230,0,0
3544,1,,,64,228,0,0
3546,1,,,64,230,0,0
3547,1,,,64,233,0,0
3548,1,,,64,235,0,0
3549,1,,,64,237,0,0
3551,1,,,64,235,0,0
3552,1,,,64,233,0,0
3553,1,,,64,230,0,0
3554,1,,,64,228,0,0
3556,1,,,64,230,0,0
3557,1,,,64,233,0,0
3558,1,,,64,235,0,0
3559,1,,,64,237,0,0
3561,1,,,64,235,0,0
3562,1,,,64,233,0,0
3563,1,,,64,230,0,0
3564,1,,,64,228,0,0
3566,1,,,64,230,0,0
3567,1,,,64,233,0,0
3568,1,,,64,235,0,0
3569,1,,,64,237,0,0
3571,1,,,64,235,0,0
3572,1,,,64,233,0,0
3573,1,,,64,230,0,0
3574,1,,,64,228,0,0
3576,1,,,64,230,0,0
3577,1,,,64,233,0,0
3578,1,,,64,235,0,0
3579,1,,,64,237,0,0
3581,1,,,64,235,0,0
3582,1,,,64,233,0,0
3583,1,,,64,230,0,0
3584,1,,,64,228,0,0
3586,1,,,64,230,0,0
3587,1,,,64,233,0,0
3588,1,,,64,235,0,0
3589,1,,,64,237,0,0
3591,1,,,64,235,0,0
3592,1,,,64,233,0,0
3593,1,,,64,230,0,0
3594,1,,,64,228,0,0
3596,1,,,64,230,0,0
3597,1,,,64,233,0,0
3598,1,,,64,235,0,0
3599,1,,,64,237,0,0
3600,0,10,1,64,233,0,0
3601,0,10,2,64,231,0,0
3602,0,10,3,64,229,0,0
3603,1,,,64,228,0,0
3604,1,,,64,226,0,0
3605,1,,,64,224,0,0
3606,1,,,64,222,0,0
3607,1,,,64,221,0,0
3608,1,,,64,219,0,0
3609,1,,,64,217,0,0
3610,1,,,64,216,0,0
3611,1,,,64,214,0,0
3612,1,,,64,212,0,0
3613,1,,,64,211,0,0
3614,1,,,64,209,0,0
3615,1,,,64,207,0,0
3616,1,,,64,206,0,0
3617,1,,,64,204,0,0
3618,1,,,64,202,0,0
3619,1,,,64,201,0,0
3620,1,,,50,255,0,0
3621,1,,,50,252,0,0
3622,1,,,50,250,0,0
3623,1,,,50,248,0,0
3624,1,,,50,246,0,0
3625,1,,,50,244,0,0
3626,1,,,50,242,0,0
3627,1,,,50,239,0,0
3628,1,,,50,237,0,0
3629,1,,,50,235,0,0
3630,1,,,50,233,0,0
3631,1,,,50,231,0,0
3632,1,,,50,229,0,0
3633,1,,,50,227,0,0
3634,1,,,50,224,0,0
3635,1,,,50,222,0,0
3636,1,,,50,220,0,0
3637,1,,,50,218,0,0
3638,1,,,50,216,0,0
3639,1,,,50,214,0,0
3640,1,,,50,211,0,0
3641,1,,,50,209,0,0
3642,1,,,50,207,0,0
3643,1,,,50,205,0,0
3644,1,,,50,203,0,0
3645,1,,,50,201,0,0
3646,1,,,50,198,0,0
3647,1,,,50,196,0,0
3648,0,10,1,50,188,0,0
3649,0,10,2,50,188,0,0
3650,0,10,3,50,188,0,0
3672,1,,,50,194,0,0
3673,1,,,50,191,0,0
3674,1,,,50,188,0,0
3675,1,,,50,184,0,0
3676,1,,,50,182,0,0
3678,1,,,50,184,0,0
3679,1,,,50,188,0,0
3680,1,,,50,191,0,0
3681,1,,,50,194,0,0
3683,1,,,50,191,0,0
3684,1,,,50,188,0,0
3685,1,,,50,184,0,0
3686,1,,,50,182,0,0
3688,1,,,50,184,0,0
3689,1,,,50,188,0,0
3690,1,,,50,191,0,0
3691,1,,,50,194,0,0
3693,1,,,50,191,0,0
3694,1,,,50,188,0,0
3695,1,,,50,184,0,0
3696,1,,,50,182,0,0
3698,1,,,50,184,0,0
3699,1,,,50,188,0,0
3700,1,,,50,191,0,0
3701,1,,,50,194,0,0
3703,1,,,50,191,0,0
3704,1,,,50,188,0,0
3705,1,,,50,184,0,0
3706,1,,,50,182,0,0
3708,1,,,50,184,0,0
3709,1,,,50,188,0,0
3710,1,,,50,191,0,0
3711,1,,,50,194,0,0
3713,1,,,50,191,0,0
3714,1,,,50,188,0,0
3715,1,,,50,184,0,0
3716,1,,,50,182,0,0
3718,1,,,50,184,0,0
3719,1,,,50,188,0,0
3720,1,,,50,191,0,0
3721,1,,,50,194,0,0
3723,1,,,50,191,0,0
3724,1,,,50,188,0,0
3725,1,,,50,184,0,0
3726,1,,,50,182,0,0
3728,1,,,50,184,0,0
3729,1,,,50,188,0,0
3730,1,,,50,191,0,0
3731,1,,,50,194,0,0
3733,1,,,50,191,0,0
3734,1,,,50,188,0,0
3735,1,,,50,184,0,0
3736,1,,,50,182,0,0
3738,1,,,50,184,0,0
3739,1,,,50,188,0,0
3740,1,,,50,191,0,0
3741,1,,,50,194,0,0
3743,1,,,50,191,0,0
3744,0,10,1,50,188,0,0
3745,0,10,2,50,188,0,0
3746,0,10,3,50,188,0,0
3769,1,,,50,184,0,0
3770,1,,,50,182,0,0
3772,1,,,50,184,0,0
3773,1,,,50,188,0,0
3774,1,,,50,191,0,0
3775,1,,,50,194,0,0
3777,1,,,50,191,0,0
3778,1,,,50,188,0,0
3779,1,,,50,184,0,0
3780,1,,,50,182,0,0
3782,1,,,50,184,0,0
3783,1,,,50,188,0,0
3784,1,,,50,191,0,0
3785,1,,,50,194,0,0
3787,1,,,50,191,0,0
3788,1,,,50,188,0,0
3789,1,,,50,184,0,0
3790,1,,,50,182,0,0
3792,0,10,1,50,167,0,0
3793,0,10,2,50,167,0,0
3794,0,10,3,50,167,0,0
3810,1,,,50,163,0,0
3811,1,,,50,167,0,0
3812,1,,,50,171,0,0
3813,1,,,50,173,0,0
3815,1,,,50,171,0,0
3816,1,,,50,167,0,0
3817,1,,,50,163,0,0
3818,1,,,50,161,0,0
3820,1,,,50,163,0,0
3821,1,,,50,167,0,0
3822,1,,,50,171,0,0
3823,1,,,50,173,0,0
3825,1,,,50,171,0,0
3826,1,,,50,167,0,0
3827,1,,,50,163,0,0
3828,1,,,50,161,0,0
3830,1,,,50,163,0,0
3831,1,,,50,167,0,0
3832,1,,,50,171,0,0
3833,1,,,50,173,0,0
3835,1,,,50,171,0,0
3836,1,,,50,167,0,0
3837,1,,,50,163,0,0
3838,1,,,50,161,0,0
3840,0,10,1,64,233,0,0
3841,0,10,2,64,233,0,0
3842,0,10,3,64,233,0,0
3864,1,,,64,230,0,0
3865,1,,,64,233,0,0
3866,1,,,64,235,0,0
3867,1,,,64,237,0,0
3869,1,,,64,235,0,0
3870,1,,,64,233,0,0
3871,1,,,64,230,0,0
3872,1,,,64,228,0,0
3874,1,,,64,230,0,0
3875,1,,,64,233,0,0
3876,1,,,64,235,0,0
3877,1,,,64,237,0,0
3879,1,,,64,235,0,0
3880,1,,,64,233,0,0
3881,1,,,64,230,0,0
3882,1,,,64,228,0,0
3884,1,,,64,230,0,0
3885,1,,,64,233,0,0
3886,1,,,64,235,0,0
3887,1,,,64,237,0,0
3889,1,,,64,235,0,0
3890,1,,,64,233,0,0
3891,1,,,64,230,0,0
3892,1,,,64,228,0,0
3894,1,,,64,230,0,0
3895,1,,,64,233,0,0
3896,1,,,64,235,0,0
3897,1,,,64,237,0,0
3899,1,,,64,235,0,0
3900,1,,,64,233,0,0
3901,1,,,64,230,0,0
3902,1,,,64,228,0,0
3904,1,,,64,230,0,0
3905,1,,,64,233,0,0
3906,1,,,64,235,0,0
3907,1,,,64,237,0,0
3909,1,,,64,235,0,0
3910,1,,,64,233,0,0
3911,1,,,64,230,0,0
3912,1,,,64,228,0,0
3914,1,,,64,230,0,0
3915,1,,,64,233,0,0
3916,1,,,64,235,0,0
3917,1,,,64,237,0,0
3919,1,,,64,235,0,0
3920,1,,,64,233,0,0
3921,1,,,64,230,0,0
3922,1,,,64,228,0,0
3924,1,,,64,230,0,0
3925,1,,,64,233,0,0
3926,1,,,64,235,0,0
3927,1,,,64,237,0,0
3929,1,,,64,235,0,0
3930,1,,,64,233,0,0
3931,1,,,64,230,0,0
3932,1,,,64,228,0,0
3934,1,,,64,230,0,0
3935,1,,,64,233,0,0
3936,1,,,64,235,0,0
3937,1,,,64,237,0,0
3939,1,,,64,235,0,0
3940,1,,,64,233,0,0
3941,1,,,64,230,0,0
3942,1,,,64,228,0,0
3944,1,,,64,230,0,0
3945,1,,,64,233,0,0
3946,1,,,64,235,0,0
3947,1,,,64,237,0,0
3949,1,,,64,235,0,0
3950,1,,,64,233,0,0
3951,1,,,64,230,0,0
3952,1,,,64,228,0,0
3954,1,,,64,230,0,0
3955,1,,,64,233,0,0
3956,1,,,64,235,0,0
3957,1,,,64,237,0,0
3959,1,,,64,235,0,0
3960,1,,,64,233,0,0
3961,1,,,64,230,0,0
3962,1,,,64,228,0,0
3964,1,,,64,230,0,0
3965,1,,,64,233,0,0
3966,1,,,64,235,0,0
3967,1,,,64,237,0,0
3969,1,,,64,235,0,0
3970,1,,,64,233,0,0
3971,1,,,64,230,0,0
3972,1,,,64,228,0,0
3974,1,,,64,230,0,0
3975,1,,,64,233,0,0
3976,1,,,64,235,0,0
3977,1,,,64,237,0,0
3979,1,,,64,235,0,0
3980,1,,,64,233,0,0
3981,1,,,64,230,0,0
3982,1,,,64,228,0,0
3984,0,10,1,64,233,0,0
3985,0,10,2,64,231,0,0
3986,0,10,3,64,229,0,0
3987,1,,,64,228,0,0
3988,1,,,64,226,0,0
3989,1,,,64,224,0,0
3990,1,,,64,222,0,0
3991,1,,,64,221,0,0
3992,1,,,64,219,0,0
3993,1,,,64,217,0,0
3994,1,,,64,216,0,0
3995,1,,,64,214,0,0
3996,1,,,64,212,0,0
3997,1,,,64,211,0,0
3998,1,,,64,209,0,0
3999,1,,,64,207,0,0
4000,1,,,64,206,0,0
4001,1,,,64,204,0,0
4002,1,,,64,202,0,0
4003,1,,,64,201,0,0
4004,1,,,50,255,0,0
4005,1,,,50,252,0,0
4006,1,,,50,250,0,0
4007,1,,,50,248,0,0
4008,1,,,50,246,0,0
4009,1,,,50,244,0,0
4010,1,,,50,242,0,0
4011,1,,,50,239,0,0
4012,1,,,50,237,0,0
4013,1,,,50,235,0,0
4014,1,,,50,233,0,0
4015,1,,,50,231,0,0
4016,1,,,50,229,0,0
4017,1,,,50,227,0,0
4018,1,,,50,224,0,0
4019,1,,,50,222,0,0
4020,1,,,50,220,0,0
4021,1,,,50,218,0,0
4022,1,,,50,216,0,0
4023,1,,,50,214,0,0
4024,1,,,50,211,0,0
4025,1,,,50,209,0,0
4026,1,,,50,207,0,0
4027,1,,,50,205,0,0
4028,1,,,50,203,0,0
4029,1,,,50,201,0,0
4030,1,,,50,198,0,0
4031,1,,,50,196,0,0
4032,0,10,1,50,188,0,0
4033,0,10,2,50,188,0,0
4034,0,10,3,50,188,0,0
4056,1,,,50,184,0,0
4057,1,,,50,188,0,0
4058,1,,,50,191,0,0
4059,1,,,50,194,0,0
4061,1,,,50,191,0,0
4062,1,,,50,188,0,0
4063,1,,,50,184,0,0
4064,1,,,50,182,0,0
4066,1,,,50,184,0,0
4067,1,,,50,188,0,0
4068,1,,,50,191,0,0
4069,1,,,50,194,0,0
4071,1,,,50,191,0,0
4072,1,,,50,188,0,0
4073,1,,,50,184,0,0
4074,1,,,50,182,0,0
4076,1,,,50,184,0,0
4077,1,,,50,188,0,0
4078,1,,,50,191,0,0
4079,1,,,50,194,0,0
4081,1,,,50,191,0,0
4082,1,,,50,188,0,0
4083,1,,,50,184,0,0
4084,1,,,50,182,0,0
4086,1,,,50,184,0,0
4087,1,,,50,188,0,0
4088,1,,,50,191,0,0
4089,1,,,50,194,0,0
4091,1,,,50,191,0,0
4092,1,,,50,188,0,0
4093,1,,,50,184,0,0
4094,1,,,50,182,0,0
4096,1,,,50,184,0,0
4097,1,,,50,188,0,0
4098,1,,,50,191,0,0
4099,1,,,50,194,0,0
4101,1,,,50,191,0,0
4102,1,,,50,188,0,0
4103,1,,,50,184,0,0
4104,1,,,50,182,0,0
4106,1,,,50,184,0,0
4107,1,,,50,188,0,0
4108,1,,,50,191,0,0
4109,1,,,50,194,0,0
4111,1,,,50,191,0,0
4112,1,,,50,188,0,0
4113,1,,,50,184,0,0
4114,1,,,50,182,0,0
4116,1,,,50,184,0,0
4117,1,,,50,188,0,0
4118,1,,,50,191,0,0
4119,1,,,50,194,0,0
4121,1,,,50,191,0,0
4122,1,,,50,188,0,0
4123,1,,,50,184,0,0
4124,1,,,50,182,0,0
4126,1,,,50,184,0,0
4127,1,,,50,188,0,0
4128,0,10,1,50,188,0,0
4129,0,10,2,50,188,0,0
4130,0,10,3,50,188,0,0
4152,1,,,50,191,0,0
4153,1,,,50,194,0,0
4155,1,,,50,191,0,0
4156,1,,,50,188,0,0
4157,1,,,50,184,0,0
4158,1,,,50,182,0,0
4160,1,,,50,184,0,0
4161,1,,,50,188,0,0
4162,1,,,50,191,0,0
4163,1,,,50,194,0,0
4165,1,,,50,191,0,0
4166,1,,,50,188,0,0
4167,1,,,50,184,0,0
4168,1,,,50,182,0,0
4170,1,,,50,184,0,0
4171,1,,,50,188,0,0
4172,1,,,50,191,0,0
4173,1,,,50,194,0,0
4175,1,,,50,191,0,0
4176,0,10,1,50,167,0,0
4177,0,10,2,50,167,0,0
4178,0,10,3,50,167,0,0
4195,1,,,50,163,0,0
4196,1,,,50,161,0,0
4198,1,,,50,163,0,0
4199,1,,,50,167,0,0
4200,1,,,50,171,0,0
4201,1,,,50,173,0,0
4203,1,,,50,171,0,0
4204,1,,,50,167,0,0
4205,1,,,50,163,0,0
4206,1,,,50,161,0,0
4208,1,,,50,163,0,0
4209,1,,,50,167,0,0
4210,1,,,50,171,0,0
4211,1,,,50,173,0,0
4213,1,,,50,171,0,0
4214,1,,,50,167,0,0
4215,1,,,50,163,0,0
4216,1,,,50,161,0,0
4218,1,,,50,163,0,0
4219,1,,,50,167,0,0
4220,1,,,50,171,0,0
4221,1,,,50,173,0,0
4223,1,,,50,171,0,0
4224,0,10,1,4,164,0,0
4225,0,10,3,16,164,0,0
4227,0,10,2,16,164,0,0
4229,0,10,4,16,164,0,0
4230,0,10,2,4,164,0,0
4231,0,10,4,16,164,0,0
4233,0,10,5,16,164,0,0
4235,0,10,6,16,164,0,0
4236,0,10,1,10,104,0,0
4237,0,10,3,50,84,0,0
4239,0,10,2,50,84,0,0
4241,0,10,4,50,84,0,0
4242,0,10,2,4,164,0,0
4243,0,10,4,16,164,0,0
4245,0,10,5,16,164,0,0
4247,0,10,6,16,164,0,0
4248,0,10,1,4,174,0,0
4249,0,10,3,16,174,0,0
4251,0,10,2,16,174,0,0
4253,0,10,4,16,174,0,0
4254,0,10,2,10,104,0,0
4255,0,10,4,50,84,0,0
4257,0,10,5,50,84,0,0
4259,0,10,6,50,84,0,0
4260,0,10,1,10,104,0,0
4261,0,10,3,50,84,0,0
4263,0,10,2,50,84,0,0
4265,0,10,4,50,84,0,0
4266,0,10,2,4,174,0,0
4267,0,10,4,16,174,0,0
4269,0,10,5,16,174,0,0
4271,0,10,6,16,174,0,0
4272,0,10,1,4,196,0,0
4273,0,10,3,16,196,0,0
4275,0,10,2,16,196,0,0
4277,0,10,4,16,196,0,0
4278,0,10,2,10,104,0,0
4279,0,10,4,50,84,0,0
4281,0,10,5,50,84,0,0
4283,0,10,6,50,84,0,0
4284,0,10,1,10,104,0,0
4285,0,10,3,50,84,0,0
4287,0,10,2,50,84,0,0
4289,0,10,4,50,84,0,0
4290,0,10,2,4,196,0,0
4291,0,10,4,16,196,0,0
4293,0,10,5,16,196,0,0
4295,0,10,6,16,196,0,0
4296,0,10,1,4,147,0,0
4297,0,10,3,10,235,0,0
4299,0,10,2,10,235,0,0
4301,0,10,4,10,235,0,0
4302,0,10,2,10,104,0,0
4303,0,10,4,50,84,0,0
4305,0,10,5,50,84,0,0
4307,0,10,6,50,84,0,0
4308,0,10,1,10,104,0,0
4309,0,10,3,50,84,0,0
4311,0,10,2,50,84,0,0
4313,0,10,4,50,84,0,0
4314,0,10,2,4,147,0,0
4315,0,10,4,10,235,0,0
4317,0,10,5,10,235,0,0
4319,0,10,6,10,235,0,0
4320,0,10,1,4,164,0,0
4321,0,10,3,16,164,0,0
4323,0,10,2,16,164,0,0
4325,0,10,4,16,164,0,0
4326,0,10,2,10,104,0,0
4327,0,10,4,50,84,0,0
4329,0,10,5,50,84,0,0
4331,0,10,6,50,84,0,0
4332,0,10,1,10,104,0,0
4333,0,10,3,50,84,0,0
4335,0,10,2,50,84,0,0
4337,0,10,4,50,84,0,0
4338,0,10,2,4,164,0,0
4339,0,10,4,16,164,0,0
4341,0,10,5,16,164,0,0
4343,0,10,6,16,164,0,0
4344,0,10,1,4,174,0,0
4345,0,10,3,16,174,0,0
4347,0,10,2,16,174,0,0
4349,0,10,4,16,174,0,0
4350,0,10,2,10,104,0,0
4351,0,10,4,50,84,0,0
4353,0,10,5,50,84,0,0
4355,0,10,6,50,84,0,0
4356,0,10,1,10,104,0,0
4357,0,10,3,50,84,0,0
4359,0,10,2,50,84,0,0
4361,0,10,4,50,84,0,0
4362,0,10,2,4,174,0,0
4363,0,10,4,16,174,0,0
4365,0,10,5,16,174,0,0
4367,0,10,6,16,174,0,0
4368,0,10,1,4,196,0,0
4369,0,10,3,16,196,0,0
4371,0,10,2,16,196,0,0
4373,0,10,4,16,196,0,0
4374,0,10,2,10,104,0,0
4375,0,10,4,50,84,0,0
4377,0,10,5,50,84,0,0
4379,0,10,6,50,84,0,0
4380,0,10,1,10,104,0,0
4381,0,10,3,50,84,0,0
4383,0,10,2,50,84,0,0
4385,0,10,4,50,84,0,0
4386,0,10,2,4,196,0,0
4387,0,10,4,16,196,0,0
4389,0,10,5,16,196,0,0
4391,0,10,6,16,196,0,0
4392,0,10,1,4,218,0,0
4393,0,10,3,16,220,0,0
4395,0,10,2,16,220,0,0
4397,0,10,4,16,220,0,0
4398,0,10,2,10,104,0,0
4399,0,10,4,50,84,0,0
4401,0,10,5,50,84,0,0
4403,0,10,6,50,84,0,0
4404,0,10,1,10,104,0,0
4405,0,10,3,50,84,0,0
4407,0,10,2,50,84,0,0
4409,0,10,4,50,84,0,0
4410,0,10,2,4,218,0,0
4411,0,10,4,16,220,0,0
4413,0,10,5,16,220,0,0
4415,0,10,6,16,220,0,0
4416,0,10,1,4,245,0,0
4417,0,10,3,16,247,0,0
4419,0,10,2,16,247,0,0
4421,0,10,4,16,247,0,0
4422,0,10,2,10,104,0,0
4423,0,10,4,50,84,0,0
4425,0,10,5,50,84,0,0
4427,0,10,6,50,84,0,0
4428,0,10,1,10,156,0,0
4429,0,10,3,50,125,0,0
4431,0,10,2,50,125,0,0
4433,0,10,4,50,125,0,0
4434,0,10,2,4,245,0,0
4435,0,10,4,16,247,0,0
4437,0,10,5,16,247,0,0
4439,0,10,6,16,247,0,0
4440,0,10,1,10,104,0,0
4441,0,10,3,50,84,0,0
4443,0,10,2,50,84,0,0
4445,0,10,4,50,84,0,0
4446,0,10,2,10,156,0,0
4447,0,10,4,50,125,0,0
4449,0,10,5,50,125,0,0
4451,0,10,6,50,125,0,0
4452,0,10,1,10,156,0,0
4453,0,10,3,50,125,0,0
4455,0,10,2,50,125,0,0
4457,0,10,4,50,125,0,0
4458,0,10,2,10,104,0,0
4459,0,10,4,50,84,0,0
4461,0,10,5,50,84,0,0
4463,0,10,6,50,84,0,0
4464,0,10,1,10,117,0,0
4465,0,10,3,50,94,0,0
4467,0,10,2,50,94,0,0
4469,0,10,4,50,94,0,0
4470,0,10,2,10,156,0,0
4471,0,10,4,50,125,0,0
4473,0,10,5,50,125,0,0
4475,0,10,6,50,125,0,0
4476,0,10,1,10,156,0,0
4477,0,10,3,50,125,0,0
4479,0,10,2,50,125,0,0
4481,0,10,4,50,125,0,0
4482,0,10,2,10,117,0,0
4483,0,10,4,50,94,0,0
4485,0,10,5,50,94,0,0
4487,0,10,6,50,94,0,0
4488,0,10,1,4,218,0,0
4489,0,10,3,16,220,0,0
4491,0,10,2,16,220,0,0
4493,0,10,4,16,220,0,0
4494,0,10,2,10,156,0,0
4495,0,10,4,50,125,0,0
4497,0,10,5,50,125,0,0
4499,0,10,6,50,125,0,0
4500,0,10,1,10,156,0,0
4501,0,10,3,50,125,0,0
4503,0,10,2,50,125,0,0
4505,0,10,4,50,125,0,0
4506,0,10,2,4,218,0,0
4507,0,10,4,16,220,0,0
4509,0,10,5,16,220,0,0
4511,0,10,6,16,220,0,0
4512,0,10,1,4,245,0,0
4513,0,10,3,16,247,0,0
4515,0,10,2,16,247,0,0
4517,0,10,4,16,247,0,0
4518,0,10,2,10,156,0,0
4519,0,10,4,50,125,0,0
4521,0,10,5,50,125,0,0
4523,0,10,6,50,125,0,0
4524,0,10,1,10,156,0,0
4525,0,10,3,50,125,0,0
4527,0,10,2,50,125,0,0
4529,0,10,4,50,125,0,0
4530,0,10,2,4,245,0,0
4531,0,10,4,16,247,0,0
4533,0,10,5,16,247,0,0
4535,0,10,6,16,247,0,0
4536,0,10,1,10,104,0,0
4537,0,10,3,50,84,0,0
4539,0,10,2,50,84,0,0
4541,0,10,4,50,84,0,0
4542,0,10,2,10,156,0,0
4543,0,10,4,50,125,0,0
4545,0,10,5,50,125,0,0
4547,0,10,6,50,125,0,0
4548,0,10,1,10,156,0,0
4549,0,10,3,50,125,0,0
4551,0,10,2,50,125,0,0
4553,0,10,4,50,125,0,0
4554,0,10,2,10,104,0,0
4555,0,10,4,50,84,0,0
4557,0,10,5,50,84,0,0
4559,0,10,6,50,84,0,0
4560,0,10,1,10,117,0,0
4561,0,10,3,50,94,0,0
4563,0,10,2,50,94,0,0
4565,0,10,4,50,94,0,0
4566,0,10,2,10,156,0,0
4567,0,10,4,50,125,0,0
4569,0,10,5,50,125,0,0
4571,0,10,6,50,125,0,0
4572,0,10,1,10,156,0,0
4573,0,10,3,50,125,0,0
4575,0,10,2,50,125,0,0
4577,0,10,4,50,125,0,0
4578,0,10,2,10,117,0,0
4579,0,10,4,50,94,0,0
4581,0,10,5,50,94,0,0
4583,0,10,6,50,94,0,0
4584,0,10,1,10,132,0,0
4585,0,10,3,50,105,0,0
4587,0,10,2,50,105,0,0
4589,0,10,4,50,105,0,0
4590,0,10,2,10,156,0,0
4591,0,10,4,50,125,0,0
4593,0,10,5,50,125,0,0
4595,0,10,6,50,125,0,0
4596,0,10,1,10,139,0,0
4597,0,10,3,50,111,0,0
4599,0,10,2,50,111,0,0
4601,0,10,4,50,111,0,0
4602,0,10,2,10,132,0,0
4603,0,10,4,50,105,0,0
4605,0,10,5,50,105,0,0
4607,0,10,6,50,105,0,0
4608,0,10,1,4,164,0,0
4609,0,10,3,16,164,0,0
4611,0,10,2,16,164,0,0
4613,0,10,4,16,164,0,0
4614,0,10,2,4,164,0,0
4615,0,10,4,16,164,0,0
4617,0,10,5,16,164,0,0
4619,0,10,6,16,164,0,0
4620,0,10,1,10,104,0,0
4621,0,10,3,50,84,0,0
4623,0,10,2,50,84,0,0
4625,0,10,4,50,84,0,0
4626,0,10,2,4,164,0,0
4627,0,10,4,16,164,0,0
4629,0,10,5,16,164,0,0
4631,0,10,6,16,164,0,0
4632,0,10,1,4,174,0,0
4633,0,10,3,16,174,0,0
4635,0,10,2,16,174,0,0
4637,0,10,4,16,174,0,0
4638,0,10,2,10,104,0,0
4639,0,10,4,50,84,0,0
4641,0,10,5,50,84,0,0
4643,0,10,6,50,84,0,0
4644,0,10,1,10,104,0,0
4645,0,10,3,50,84,0,0
4647,0,10,2,50,84,0,0
4649,0,10,4,50,84,0,0
4650,0,10,2,4,174,0,0
4651,0,10,4,16,174,0,0
4653,0,10,5,16,174,0,0
4655,0,10,6,16,174,0,0
4656,0,10,1,4,196,0,0
4657,0,10,3,16,196,0,0
4659,0,10,2,16,196,0,0
4661,0,10,4,16,196,0,0
4662,0,10,2,10,104,0,0
4663,0,10,4,50,84,0,0
4665,0,10,5,50,84,0,0
4667,0,10,6,50,84,0,0
4668,0,10,1,10,104,0,0
4669,0,10,3,50,84,0,0
4671,0,10,2,50,84,0,0
4673,0,10,4,50,84,0,0
4674,0,10,2,4,196,0,0
4675,0,10,4,16,196,0,0
4677,0,10,5,16,196,0,0
4679,0,10,6,16,196,0,0
4680,0,10,1,4,147,0,0
4681,0,10,3,10,235,0,0
4683,0,10,2,10,235,0,0
4685,0,10,4,10,235,0,0
4686,0,10,2,10,104,0,0
4687,0,10,4,50,84,0,0
4689,0,10,5,50,84,0,0
4691,0,10,6,50,84,0,0
4692,0,10,1,10,104,0,0
4693,0,10,3,50,84,0,0
4695,0,10,2,50,84,0,0
4697,0,10,4,50,84,0,0
4698,0,10,2,4,147,0,0
4699,0,10,4,10,235,0,0
4701,0,10,5,10,235,0,0
4703,0,10,6,10,235,0,0
4704,0,10,1,4,164,0,0
4705,0,10,3,16,164,0,0
4707,0,10,2,16,164,0,0
4709,0,10,4,16,164,0,0
4710,0,10,2,10,104,0,0
4711,0,10,4,50,84,0,0
4713,0,10,5,50,84,0,0
4715,0,10,6,50,84,0,0
4716,0,10,1,10,104,0,0
4717,0,10,3,50,84,0,0
4719,0,10,2,50,84,0,0
4721,0,10,4,50,84,0,0
4722,0,10,2,4,164,0,0
4723,0,10,4,16,164,0,0
4725,0,10,5,16,164,0,0
4727,0,10,6,16,164,0,0
4728,0,10,1,4,174,0,0
4729,0,10,3,16,174,0,0
4731,0,10,2,16,174,0,0
4733,0,10,4,16,174,0,0
4734,0,10,2,10,104,0,0
4735,0,10,4,50,84,0,0
4737,0,10,5,50,84,0,0
4739,0,10,6,50,84,0,0
4740,0,10,1,10,104,0,0
4741,0,10,3,50,84,0,0
4743,0,10,2,50,84,0,0
4745,0,10,4,50,84,0,0
4746,0,10,2,4,174,0,0
4747,0,10,4,16,174,0,0
4749,0,10,5,16,174,0,0
4751,0,10,6,16,174,0,0
4752,0,10,1,4,196,0,0
4753,0,10,3,16,196,0,0
4755,0,10,2,16,196,0,0
4757,0,10,4,16,196,0,0
4758,0,10,2,10,104,0,0
4759,0,10,4,50,84,0,0
4761,0,10,5,50,84,0,0
4763,0,10,6,50,84,0,0
4764,0,10,1,10,104,0,0
4765,0,10,3,50,84,0,0
4767,0,10,2,50,84,0,0
4769,0,10,4,50,84,0,0
4770,0,10,2,4,196,0,0
4771,0,10,4,16,196,0,0
4773,0,10,5,16,196,0,0
4775,0,10,6,16,196,0,0
4776,0,10,1,4,218,0,0
4777,0,10,3,16,220,0,0
4779,0,10,2,16,220,0,0
4781,0,10,4,16,220,0,0
4782,0,10,2,10,104,0,0
4783,0,10,4,50,84,0,0
4785,0,10,5,50,84,0,0
4787,0,10,6,50,84,0,0
4788,0,10,1,10,104,0,0
4789,0,10,3,50,84,0,0
4791,0,10,2,50,84,0,0
4793,0,10,4,50,84,0,0
4794,0,10,2,4,218,0,0
4795,0,10,4,16,220,0,0
4797,0,10,5,16,220,0,0
4799,0,10,6,16,220,0,0
4800,0,10,1,4,245,0,0
4801,0,10,3,16,247,0,0
4803,0,10,2,16,247,0,0
4805,0,10,4,16,247,0,0
4806,0,10,2,10,104,0,0
4807,0,10,4,50,84,0,0
4809,0,10,5,50,84,0,0
4811,0,10,6,50,84,0,0
4812,0,10,1,10,156,0,0
4813,0,10,3,50,125,0,0
4815,0,10,2,50,125,0,0
4817,0,10,4,50,125,0,0
4818,0,10,2,4,245,0,0
4819,0,10,4,16,247,0,0
4821,0,10,5,16,247,0,0
4823,0,10,6,16,247,0,0
4824,0,10,1,10,104,0,0
4825,0,10,3,50,84,0,0
4827,0,10,2,50,84,0,0
4829,0,10,4,50,84,0,0
4830,0,10,2,10,156,0,0
4831,0,10,4,50,125,0,0
4833,0,10,5,50,125,0,0
4835,0,10,6,50,125,0,0
4836,0,10,1,10,156,0,0
4837,0,10,3,50,125,0,0
4839,0,10,2,50,125,0,0
4841,0,10,4,50,125,0,0
4842,0,10,2,10,104,0,0
4843,0,10,4,50,84,0,0
4845,0,10,5,50,84,0,0
4847,0,10,6,50,84,0,0
4848,0,10,1,10,117,0,0
4849,0,10,3,50,94,0,0
4851,0,10,2,50,94,0,0
4853,0,10,4,50,94,0,0
4854,0,10,2,10,156,0,0
4855,0,10,4,50,125,0,0
4857,0,10,5,50,125,0,0
4859,0,10,6,50,125,0,0
4860,0,10,1,10,156,0,0
4861,0,10,3,50,125,0,0
4863,0,10,2,50,125,0,0
4865,0,10,4,50,125,0,0
4866,0,10,2,10,117,0,0
4867,0,10,4,50,94,0,0
4869,0,10,5,50,94,0,0
4871,0,10,6,50,94,0,0
4872,0,10,1,4,218,0,0
4873,0,10,3,16,220,0,0
4875,0,10,2,16,220,0,0
4877,0,10,4,16,220,0,0
4878,0,10,2,10,156,0,0
4879,0,10,4,50,125,0,0
4881,0,10,5,50,125,0,0
4883,0,10,6,50,125,0,0
4884,0,10,1,10,156,0,0
4885,0,10,3,50,125,0,0
4887,0,10,2,50,125,0,0
4889,0,10,4,50,125,0,0
4890,0,10,2,4,218,0,0
4891,0,10,4,16,220,0,0
4893,0,10,5,16,220,0,0
4895,0,10,6,16,220,0,0
4896,0,10,1,4,245,0,0
4897,0,10,3,16,247,0,0
4899,0,10,2,16,247,0,0
4901,0,10,4,16,247,0,0
4902,0,10,2,10,156,0,0
4903,0,10,4,50,125,0,0
4905,0,10,5,50,125,0,0
4907,0,10,6,50,125,0,0
4908,0,10,1,10,156,0,0
4909,0,10,3,50,125,0,0
4911,0,10,2,50,125,0,0
4913,0,10,4,50,125,0,0
4914,0,10,2,4,245,0,0
4915,0,10,4,16,247,0,0
4917,0,10,5,16,247,0,0
4919,0,10,6,16,247,0,0
4920,0,10,1,10,104,0,0
4921,0,10,3,50,84,0,0
4923,0,10,2,50,84,0,0
4925,0,10,4,50,84,0,0
4926,0,10,2,10,156,0,0
4927,0,10,4,50,125,0,0
4929,0,10,5,50,125,0,0
4931,0,10,6,50,125,0,0
4932,0,10,1,10,156,0,0
4933,0,10,3,50,125,0,0
4935,0,10,2,50,125,0,0
4937,0,10,4,50,125,0,0
4938,0,10,2,10,104,0,0
4939,0,10,4,50,84,0,0
4941,0,10,5,50,84,0,0
4943,0,10,6,50,84,0,0
4944,0,10,1,10,117,0,0
4945,0,10,3,50,94,0,0
4947,0,10,2,50,94,0,0
4949,0,10,4,50,94,0,0
4950,0,10,2,10,156,0,0
4951,0,10,4,50,125,0,0
4953,0,10,5,50,125,0,0
4955,0,10,6,50,125,0,0
4956,0,10,1,10,156,0,0
4957,0,10,3,50,125,0,0
4959,0,10,2,50,125,0,0
4961,0,10,4,50,125,0,0
4962,0,10,2,10,117,0,0
4963,0,10,4,50,94,0,0
4965,0,10,5,50,94,0,0
4967,0,10,6,50,94,0,0
4968,0,10,1,10,132,0,0
4969,0,10,3,50,105,0,0
4971,0,10,2,50,105,0,0
4973,0,10,4,50,105,0,0
4974,0,10,2,10,156,0,0
4975,0,10,4,50,125,0,0
4977,0,10,5,50,125,0,0
4979,0,10,6,50,125,0,0
4980,0,10,1,10,139,0,0
4981,0,10,3,50,111,0,0
4983,0,10,2,50,111,0,0
4985,0,10,4,50,111,0,0
4986,0,10,2,10,132,0,0
4987,0,10,4,50,105,0,0
4989,0,10,5,50,105,0,0
4991,0,10,6,50,105,0,0
4992,0,10,1,10,176,0,0
4994,0,10,3,4,218,0,0
4995,0,10,2,4,218,0,0
4996,0,10,4,4,218,0,0
4997,0,10,5,4,218,0,0
4998,0,10,1,10,186,0,0
5000,0,10,3,4,233,0,0
5001,0,10,2,4,233,0,0
5002,0,10,4,4,233,0,0
5003,0,10,5,4,233,0,0
5004,0,10,1,10,176,0,0
5006,0,10,3,4,218,0,0
5007,0,10,2,4,218,0,0
5008,0,10,4,4,218,0,0
5009,0,10,5,4,218,0,0
5010,0,10,1,10,186,0,0
5012,0,10,3,4,233,0,0
5013,0,10,2,4,233,0,0
5014,0,10,4,4,233,0,0
5015,0,10,5,4,233,0,0
5016,0,10,3,10,176,0,0
5018,0,10,2,4,218,0,0
5019,0,10,4,4,218,0,0
5020,0,10,5,4,218,0,0
5021,0,10,6,4,218,0,0
5022,0,10,3,10,186,0,0
5024,0,10,2,4,233,0,0
5025,0,10,4,4,233,0,0
5026,0,10,5,4,233,0,0
5027,0,10,6,4,233,0,0
5028,0,10,2,10,176,0,0
5030,0,10,4,4,218,0,0
5031,0,10,5,4,218,0,0
5032,0,10,6,4,218,0,0
5034,0,10,2,10,186,0,0
5036,0,10,4,4,233,0,0
5037,0,10,5,4,233,0,0
5038,0,10,6,4,233,0,0
5040,0,10,4,10,176,0,0
5042,0,10,5,4,218,0,0
5043,0,10,6,4,218,0,0
5045,0,10,7,4,218,0,0
5046,0,10,4,10,186,0,0
5048,0,10,5,4,233,0,0
5049,0,10,6,4,233,0,0
5051,0,10,7,4,233,0,0
5052,0,10,5,10,176,0,0
5054,0,10,6,4,218,0,0
5056,0,10,7,4,218,0,0
5057,0,10,8,4,218,0,0
5058,0,10,5,10,186,0,0
5060,0,10,6,4,233,0,0
5062,0,10,7,4,233,0,0
5063,0,10,8,4,233,0,0
5064,0,10,6,10,176,0,0
5066,0,10,7,4,218,0,0
5067,0,10,8,4,218,0,0
5069,0,10,9,4,218,0,0
5070,0,10,6,10,186,0,0
5072,0,10,7,4,233,0,0
5073,0,10,8,4,233,0,0
5075,0,10,9,4,233,0,0
5076,0,10,7,10,176,0,0
5078,0,10,8,4,218,0,0
5080,0,10,9,4,218,0,0
5082,0,10,7,10,186,0,0
5084,0,10,8,4,233,0,0
5086,0,10,9,4,233,0,0
5088,0,10,1,10,235,0,0
5090,0,10,3,10,117,0,0
5091,0,10,2,10,117,0,0
5092,0,10,4,10,117,0,0
5093,0,10,5,10,117,0,0
5094,0,10,1,10,248,0,0
5096,0,10,3,10,125,0,0
5097,0,10,2,10,125,0,0
5098,0,10,4,10,125,0,0
5099,0,10,5,10,125,0,0
5100,0,10,1,10,235,0,0
5102,0,10,3,10,117,0,0
5103,0,10,2,10,117,0,0
5104,0,10,4,10,117,0,0
5105,0,10,5,10,117,0,0
5106,0,10,1,10,248,0,0
5108,0,10,3,10,125,0,0
5109,0,10,2,10,125,0,0
5110,0,10,4,10,125,0,0
5111,0,10,5,10,125,0,0
5112,0,10,3,10,235,0,0
5114,0,10,2,10,117,0,0
5115,0,10,4,10,117,0,0
5116,0,10,5,10,117,0,0
5117,0,10,6,10,117,0,0
5118,0,10,3,10,248,0,0
5120,0,10,2,10,125,0,0
5121,0,10,4,10,125,0,0
5122,0,10,5,10,125,0,0
5123,0,10,6,10,125,0,0
5124,0,10,2,10,235,0,0
5126,0,10,4,10,117,0,0
5127,0,10,5,10,117,0,0
5128,0,10,6,10,117,0,0
5130,0,10,2,10,248,0,0
5132,0,10,4,10,125,0,0
5133,0,10,5,10,125,0,0
5134,0,10,6,10,125,0,0
5136,0,10,4,10,235,0,0
5138,0,10,5,10,117,0,0
5139,0,10,6,10,117,0,0
5141,0,10,7,10,117,0,0
5142,0,10,4,10,248,0,0
5144,0,10,5,10,125,0,0
5145,0,10,6,10,125,0,0
5147,0,10,7,10,125,0,0
5148,0,10,5,10,235,0,0
5150,0,10,6,10,117,0,0
5152,0,10,7,10,117,0,0
5153,0,10,8,10,117,0,0
5154,0,10,5,10,248,0,0
5156,0,10,6,10,125,0,0
5158,0,10,7,10,125,0,0
5159,0,10,8,10,125,0,0
5160,0,10,6,10,235,0,0
5162,0,10,7,10,117,0,0
5163,0,10,8,10,117,0,0
5165,0,10,9,10,117,0,0
5166,0,10,6,10,248,0,0
5168,0,10,7,10,125,0,0
5169,0,10,8,10,125,0,0
5171,0,10,9,10,125,0,0
5172,0,10,7,10,235,0,0
5174,0,10,8,10,117,0,0
5176,0,10,9,10,117,0,0
5178,0,10,7,10,248,0,0
5180,0,10,8,10,125,0,0
5182,0,10,9,10,125,0,0
5184,0,10,1,16,196,0,0
5186,0,10,3,10,156,0,0
5187,0,10,2,10,156,0,0
5188,0,10,4,10,156,0,0
5189,0,10,5,10,156,0,0
5190,0,10,1,16,207,0,0
5192,0,10,3,10,166,0,0
5193,0,10,2,10,166,0,0
5194,0,10,4,10,166,0,0
5195,0,10,5,10,166,0,0
5196,0,10,1,16,196,0,0
5198,0,10,3,10,156,0,0
5199,0,10,2,10,156,0,0
5200,0,10,4,10,156,0,0
5201,0,10,5,10,156,0,0
5202,0,10,1,16,207,0,0
5204,0,10,3,10,166,0,0
5205,0,10,2,10,166,0,0
5206,0,10,4,10,166,0,0
5207,0,10,5,10,166,0,0
5208,0,10,3,16,196,0,0
5210,0,10,2,10,156,0,0
5211,0,10,4,10,156,0,0
5212,0,10,5,10,156,0,0
5213,0,10,6,10,156,0,0
5214,0,10,3,16,207,0,0
5216,0,10,2,10,166,0,0
5217,0,10,4,10,166,0,0
5218,0,10,5,10,166,0,0
5219,0,10,6,10,166,0,0
5220,0,10,2,16,196,0,0
5222,0,10,4,10,156,0,0
5223,0,10,5,10,156,0,0
5224,0,10,6,10,156,0,0
5226,0,10,2,16,207,0,0
5228,0,10,4,10,166,0,0
5229,0,10,5,10,166,0,0
5230,0,10,6,10,166,0,0
5232,0,10,4,16,196,0,0
5234,0,10,5,10,156,0,0
5235,0,10,6,10,156,0,0
5237,0,10,7,10,156,0,0
5238,0,10,4,16,207,0,0
5240,0,10,5,10,166,0,0
5241,0,10,6,10,166,0,0
5243,0,10,7,10,166,0,0
5244,0,10,5,16,196,0,0
5246,0,10,6,10,156,0,0
5248,0,10,7,10,156,0,0
5249,0,10,8,10,156,0,0
5250,0,10,5,16,207,0,0
5252,0,10,6,10,166,0,0
5254,0,10,7,10,166,0,0
5255,0,10,8,10,166,0,0
5256,0,10,6,16,196,0,0
5258,0,10,7,10,156,0,0
5259,0,10,8,10,156,0,0
5261,0,10,9,10,156,0,0
5262,0,10,6,16,207,0,0
5264,0,10,7,10,166,0,0
5265,0,10,8,10,166,0,0
5267,0,10,9,10,166,0,0
5268,0,10,7,16,196,0,0
5270,0,10,8,10,156,0,0
5272,0,10,9,10,156,0,0
5274,0,10,7,16,207,0,0
5276,0,10,8,10,166,0,0
5278,0,10,9,10,166,0,0
5280,0,10,1,16,233,0,0
5282,0,10,3,10,186,0,0
5283,0,10,2,10,186,0,0
5284,0,10,4,10,186,0,0
5285,0,10,5,10,186,0,0
5286,0,10,1,50,84,0,0
5288,0,10,3,10,209,0,0
5289,0,10,2,10,209,0,0
5290,0,10,4,10,209,0,0
5291,0,10,5,10,209,0,0
5292,0,10,1,16,233,0,0
5294,0,10,3,10,186,0,0
5295,0,10,2,10,186,0,0
5296,0,10,4,10,186,0,0
5297,0,10,5,10,186,0,0
5298,0,10,1,50,84,0,0
5300,0,10,3,10,209,0,0
5301,0,10,2,10,209,0,0
5302,0,10,4,10,209,0,0
5303,0,10,5,10,209,0,0
5304,0,10,3,16,233,0,0
5306,0,10,2,10,186,0,0
5307,0,10,4,10,186,0,0
5308,0,10,5,10,186,0,0
5309,0,10,6,10,186,0,0
5310,0,10,3,50,84,0,0
5312,0,10,2,10,209,0,0
5313,0,10,4,10,209,0,0
5314,0,10,5,10,209,0,0
5315,0,10,6,10,209,0,0
5316,0,10,2,16,233,0,0
5318,0,10,4,10,186,0,0
5319,0,10,5,10,186,0,0
5320,0,10,6,10,186,0,0
5322,0,10,2,50,84,0,0
5324,0,10,4,10,209,0,0
5325,0,10,5,10,209,0,0
5326,0,10,6,10,209,0,0
5328,0,10,4,16,233,0,0
5330,0,10,5,10,186,0,0
5331,0,10,6,10,186,0,0
5333,0,10,7,10,186,0,0
5334,0,10,4,50,84,0,0
5336,0,10,5,10,209,0,0
5337,0,10,6,10,209,0,0
5339,0,10,7,10,209,0,0
5340,0,10,5,16,233,0,0
5342,0,10,6,10,186,0,0
5344,0,10,7,10,186,0,0
5345,0,10,8,10,186,0,0
5346,0,10,5,50,84,0,0
5348,0,10,6,10,209,0,0
5350,0,10,7,10,209,0,0
5351,0,10,8,10,209,0,0
5352,0,10,6,16,233,0,0
5354,0,10,7,10,186,0,0
5355,0,10,8,10,186,0,0
5357,0,10,9,10,186,0,0
5358,0,10,6,50,84,0,0
5360,0,10,7,10,209,0,0
5361,0,10,8,10,209,0,0
5363,0,10,9,10,209,0,0
5364,0,10,7,16,233,0,0
5366,0,10,8,10,186,0,0
5368,0,10,9,10,186,0,0
5370,0,10,7,50,84,0,0
5372,0,10,8,10,209,0,0
5374,0,10,9,10,209,0,0
5376,0,10,1,16,233,0,0
